tree
version=v4
num_class=1
num_tree_per_iteration=1
label_index=0
max_feature_idx=75
objective=regression
feature_names=Column_0 Column_1 Column_2 Column_3 Column_4 Column_5 Column_6 Column_7 Column_8 Column_9 Column_10 Column_11 Column_12 Column_13 Column_14 Column_15 Column_16 Column_17 Column_18 Column_19 Column_20 Column_21 Column_22 Column_23 Column_24 Column_25 Column_26 Column_27 Column_28 Column_29 Column_30 Column_31 Column_32 Column_33 Column_34 Column_35 Column_36 Column_37 Column_38 Column_39 Column_40 Column_41 Column_42 Column_43 Column_44 Column_45 Column_46 Column_47 Column_48 Column_49 Column_50 Column_51 Column_52 Column_53 Column_54 Column_55 Column_56 Column_57 Column_58 Column_59 Column_60 Column_61 Column_62 Column_63 Column_64 Column_65 Column_66 Column_67 Column_68 Column_69 Column_70 Column_71 Column_72 Column_73 Column_74 Column_75
feature_infos=[0:5] [0:365] [0:365] [0:12.775347709655762] [0:275.83334350585938] [0:9.5535755157470703] [0:3.6173150539398193] [0:5] [0:58.400001525878906] [0:8.1696195602416992] [0:6.4390840530395508] [0:7.3569183349609375] [0:111.90000152587891] [0:4.7345681190490723] [0:0.99932700395584106] [0:8.1696195602416992] [0:3.9432969093322754] [0:3.1095790863037109] [0:3.1095790863037109] [0:6.8504271507263184] [0:23] [0:33.201171875] [-5.80914306640625:19.059770584106445] [0:8.1368112564086914] [-5.80914306640625:19.059770584106445] [0:12.02228832244873] [0:100] [0:0.99958997964859009] [0:33.605037689208984] [0:1.4771209955215454] [0:4.8503642082214355] [0:100] [0:0.99958997964859009] [0:0.99996101856231689] [0:0.71509599685668945] [0:0.84322202205657959] [0:1] [0:1] [0:1] [0:1] [0:1] [0:1] [0:1] [0:1] [0:1] [0:1] [0:1] [0:1] [0:1] [0:1] [0:1] [0:1] [0:1] [0:1] [0:1] [0:1] [0:1] [0:1] [0:1] [0:1] [0:1] [0:1] [0:1] [0:1] [0:1] [-0.62185084819793701:0.28280526399612427] [-0.34807071089744568:0.32741904258728027] [-0.66751664876937866:0.24371090531349182] [-0.58666634559631348:0.64896172285079956] [0:365] [0:0.96414798498153687] [0:7.565922737121582] [0:76.694160461425781] [0:27.732089996337891] [1:10] [1:3]
tree_sizes=1622 1652 1653 1667 1658 1665 1678 1668 1673 1673 1674 1673 1669 1668 1566 1575 1563 1565 1671 1565 1560 1561 1671 1564 1398 1399 1378 1396 1279 1397 1676 1459 1380 1498 1282 1401 1606 1463 893 1478 893 1601 1279 819 1466 999 1386 892 1283 1580 998 1560 930 1292 1584 1001 1467 998 1470 929 888 1581 1284 992 1385 919 1675 1288 888 1567 916 1591 998 1405 1379 994 1551 890 1403 1287 1002 1391 905 1405 1556 1000 1403 993 1287 901 1388 1293 1552 994 1388 1542 1288 1550 1387 1011 1578 985 1011 1370 981 1575 1553 1300 1166 1014 1560 1581 1012 990 1688 1494 1298 1549 1008 1389 1397 1579 1368 1498 990 1468 1293 1007 1387 1166 1398 1013 1291 991 1569 994 1468 1587 1289 1403 1380 1537 1168 1007 1291 1402 1573 1540 988 904 1006 1478 1379 1538 1014 1160 1561 1498 1283 989 904 1399 903 1011 1267 1160 1288 1124 1163 1497 1404 903 1291 1014 1280 1015 1155 1384 1302 1267 900 1568 1280 1399 1567 1011 1300 1560 1585 1388 1270 1005 1290 1156 898 1401 1396 1473 1396 1299 1554 1577 1266 904 1517 905 1293 1287 1011 1475 1387 1010 1300 1398 1556 1579 1388 1401 1429 1403 1464 1294 1282 1009 1266 1564 1568 1428 1586 1003 1291 1480 903 1567 1403 1001 1303 1008 1276 1467 1573 1342 1291 1397 909 904 1587 1563 1012 1566 1462 1437 1344 1396 906 1539 998 1478 1296 1585 1437 1312 1474 1409 1492 1564 1481 906 1574 1334 1475 904 1104 1444 1455 908 1583 1567 1569 1442 1397 1005 1106 904 1433 1303 1402 1492 1258 1479 1002 1392 1580 1566 1347 982 973 1476 1005 1567 1480 1396 1488 1469 1007 1572 1403 1467 1573 1589 1395 1299 903 1499 973 968 1572 1376 1397 1476 1432 1473 1478 1584 1300 968 1564 982 976 1474 1284 1444 1381 1346 974 1573 1582 1390 1594 903 1540 975 905 1405 1380 1267 1400 1477 1494 1476

Tree=0
num_leaves=16
num_cat=0
split_feature=32 63 29 31 27 60 2 1 29 72 30 2 72 2 71
split_gain=5.66759 33.1022 20.4459 11.745 11.4259 10.3122 24.3632 7.85005 42.7416 58.1104 40.6848 6.13134 3.69736 3.79028 3.49954
threshold=0.77267900109291088 1.0000000180025095e-35 1.0000000180025095e-35 2.5000000000000004 0.80645248293876659 1.0000000180025095e-35 360.50000000000006 1.0000000180025095e-35 1.3323209881782534 12.846083641052248 0.87409400939941417 1.5000000000000002 7.9801542758941659 1.0000000180025095e-35 0.022847131825983528
decision_type=2 2 2 2 2 2 2 2 2 2 2 2 2 2 2
left_child=7 2 3 -2 -4 11 -7 8 10 -10 -1 -3 13 -9 -14
right_child=1 5 4 -5 -6 6 -8 12 9 -11 -12 -13 14 -15 -16
leaf_value=0.0026692940889660416 0.0057206830067488982 0.0046339992023877357 0.00011316991951855829 0.0099459514480663008 0.0063931658078538673 0.0094620499376627532 -0.013003695572562531 0.0015918863504934735 -0.027712990590616559 0.0072663246996967877 0.0055741822377073777 0.0053819724384092209 0.010153281158820852 0.0052596385024624376 0.0053539362531077059
leaf_weight=2045 269 3594 95 913 2485 30 31 89 30 30 5963 93771 48 661698 155578
leaf_count=2045 269 3594 95 913 2485 30 31 89 30 30 5963 93771 48 661698 155578
internal_value=0.00528742 0.00541295 0.00704872 0.00898436 0.00616193 0.00534979 -0.00195497 0.00527203 0.0047204 -0.0102233 0.00483236 0.00535436 0.00527747 0.00525915 0.00535542
internal_weight=926669 101188 3762 1182 2580 97426 61 825481 8068 60 8008 97365 817413 661787 155626
internal_count=926669 101188 3762 1182 2580 97426 61 825481 8068 60 8008 97365 817413 661787 155626
is_linear=0
shrinkage=1


Tree=1
num_leaves=16
num_cat=0
split_feature=32 63 29 31 27 60 2 1 29 25 30 2 72 2 71
split_gain=5.46793 31.9361 19.7257 11.3313 11.0233 9.94896 23.5049 7.57351 41.2359 56.0865 39.2516 5.91535 3.56711 3.65676 3.37626
threshold=0.77267900109291088 1.0000000180025095e-35 1.0000000180025095e-35 2.5000000000000004 0.80645248293876659 1.0000000180025095e-35 360.50000000000006 1.0000000180025095e-35 1.3323209881782534 3.9981586933135991 0.87409400939941417 1.5000000000000002 7.9801542758941659 1.0000000180025095e-35 0.022847131825983528
decision_type=2 2 2 2 2 2 2 2 2 2 2 2 2 2 2
left_child=7 2 3 -2 -4 11 -7 8 10 -10 -1 -3 13 -9 -14
right_child=1 5 4 -5 -6 6 -8 12 9 -11 -12 -13 14 -15 -16
leaf_value=-0.0025715948217418768 0.00042556577699895631 -0.00064180574525663555 -0.0050822920816839066 0.0045757439101786973 0.0010860973097402858 0.00410044200737332 -0.017966048682819476 -0.0036298548770655496 -0.03241749457372245 0.0019472995108052128 0.0002816685546403284 9.2874706129083515e-05 0.0047793889923647736 -2.7285142085235407e-05 6.5336777388498774e-05
leaf_weight=2045 269 3594 95 913 2485 30 31 89 30 30 5963 93771 48 661698 155578
leaf_count=2045 269 3594 95 913 2485 30 31 89 30 30 5963 93771 48 661698 155578
internal_value=2.74484e-12 0.000123302 0.00173 0.00363124 0.000858967 6.12605e-05 -0.00711368 -1.51144e-05 -0.000556944 -0.0152351 -0.000446968 6.57557e-05 -9.76643e-06 -2.77696e-05 6.67907e-05
internal_weight=926669 101188 3762 1182 2580 97426 61 825481 8068 60 8008 97365 817413 661787 155626
internal_count=926669 101188 3762 1182 2580 97426 61 825481 8068 60 8008 97365 817413 661787 155626
is_linear=0
shrinkage=0.0177717


Tree=2
num_leaves=16
num_cat=0
split_feature=32 63 29 31 27 60 2 1 29 72 30 17 72 2 71
split_gain=5.27531 30.8111 19.0308 10.9321 10.635 9.59848 22.6769 7.30671 39.7833 54.3492 37.8689 5.7621 3.44145 3.52794 3.25732
threshold=0.77267900109291088 1.0000000180025095e-35 1.0000000180025095e-35 2.5000000000000004 0.80645248293876659 1.0000000180025095e-35 360.50000000000006 1.0000000180025095e-35 1.3323209881782534 12.846083641052248 0.87409400939941417 1.0965619683265688 7.9801542758941659 1.0000000180025095e-35 0.022847131825983528
decision_type=2 2 2 2 2 2 2 2 2 2 2 2 2 2 2
left_child=7 2 3 -2 -4 11 -7 8 10 -10 -1 -3 13 -9 -14
right_child=1 5 4 -5 -6 6 -8 12 9 -11 -12 -13 14 -15 -16
leaf_value=-0.0025258928848320228 0.00041800267337556446 4.2983270009583226e-05 -0.0049919708038759737 0.0044944246320878459 0.001066795554504668 0.0040275701931097706 -0.01764676030213436 -0.0035653459864080136 -0.031878533408325381 0.0019498466073413999 0.00027666283678479494 0.00092976950144037121 0.0046944507633994593 -2.680023825742272e-05 6.4175622641538563e-05
leaf_weight=2045 269 94993 95 913 2485 30 31 89 30 30 5963 2372 48 661698 155578
leaf_count=2045 269 94993 95 913 2485 30 31 89 30 30 5963 2372 48 661698 155578
internal_value=4.83052e-13 0.00012111 0.00169926 0.00356671 0.000843701 6.01718e-05 -0.00698725 -1.48458e-05 -0.000547046 -0.0149643 -0.000439025 6.45871e-05 -9.59286e-06 -2.72761e-05 6.56037e-05
internal_weight=926669 101188 3762 1182 2580 97426 61 825481 8068 60 8008 97365 817413 661787 155626
internal_count=926669 101188 3762 1182 2580 97426 61 825481 8068 60 8008 97365 817413 661787 155626
is_linear=0
shrinkage=0.0177717


Tree=3
num_leaves=16
num_cat=0
split_feature=32 63 29 31 27 60 2 1 30 29 25 2 25 35 71
split_gain=5.08947 29.7257 18.3604 10.547 10.2604 9.26035 21.8781 7.06103 32.5294 28.4731 7.08369 5.70671 3.45997 2.59185 1.73223
threshold=0.77267900109291088 1.0000000180025095e-35 1.0000000180025095e-35 2.5000000000000004 0.80645248293876659 1.0000000180025095e-35 360.50000000000006 1.5000000000000002 0.87409400939941417 1.3323209881782534 1.0000000180025095e-35 1.5000000000000002 2.8617925643920903 0.12140300124883653 3.6008862257003789
decision_type=2 2 2 2 2 2 2 2 2 2 2 2 2 2 2
left_child=7 2 3 -2 -4 11 -7 8 10 -10 -1 -3 14 -14 -9
right_child=1 5 4 -5 -6 6 -8 12 9 -11 -12 -13 13 -15 -16
leaf_value=-0.0023512364098806104 0.00041057406517898095 -0.00063153195264110625 -0.0049032548101089505 0.0044145507761614968 0.0010478367217547546 0.0039559928120093991 -0.017333146559076761 -2.2297290909882782e-05 0.00018178535044002767 -0.010105677129961462 -0.010911672980973865 9.0075718180262772e-05 -0.00035890945958097064 9.163743113938685e-05 -0.00035934610295258902
leaf_weight=2014 269 3594 95 913 2485 30 31 685645 7113 86 31 93771 4171 121571 4850
leaf_count=2014 269 3594 95 913 2485 30 31 685645 7113 86 31 93771 4171 121571 4850
internal_value=-2.12159e-12 0.000118958 0.00166906 0.00350332 0.000828707 5.91025e-05 -0.00686308 -1.45819e-05 -0.000502997 5.88903e-05 -0.002481 6.34393e-05 -9.05057e-06 7.66923e-05 -2.46647e-05
internal_weight=926669 101188 3762 1182 2580 97426 61 825481 9244 7199 2045 97365 816237 125742 690495
internal_count=926669 101188 3762 1182 2580 97426 61 825481 9244 7199 2045 97365 816237 125742 690495
is_linear=0
shrinkage=0.0177717


Tree=4
num_leaves=16
num_cat=0
split_feature=32 63 29 31 27 60 2 1 30 29 25 17 72 2 71
split_gain=4.91018 28.6785 17.7136 10.1754 9.89893 8.93413 21.1074 6.81228 31.3835 27.4701 6.83414 5.56025 3.3477 3.43336 3.13891
threshold=0.77267900109291088 1.0000000180025095e-35 1.0000000180025095e-35 2.5000000000000004 0.80645248293876659 1.0000000180025095e-35 360.50000000000006 1.5000000000000002 0.87409400939941417 1.3323209881782534 1.0000000180025095e-35 1.0602869987487795 7.9801542758941659 1.0000000180025095e-35 0.022847131825983528
decision_type=2 2 2 2 2 2 2 2 2 2 2 2 2 2 2
left_child=7 2 3 -2 -4 11 -7 8 10 -10 -1 -3 13 -9 -14
right_child=1 5 4 -5 -6 6 -8 12 9 -11 -12 -13 14 -15 -16
leaf_value=-0.002309450806751536 0.0004032774998736265 3.9852067988610819e-05 -0.0048161154761611376 0.0043360969163730853 0.0010292148341583061 0.0038856880688594117 -0.017025106326692609 -0.0035364129721297357 0.00017855484273853283 -0.0099260812160498132 -0.010717753307487895 0.00086536957334713859 0.0046093934244586642 -2.5844070521269754e-05 6.405628110019344e-05
leaf_weight=2014 269 94716 95 913 2485 30 31 88 7113 86 31 2649 48 661205 154896
leaf_count=2014 269 94716 95 913 2485 30 31 88 7113 86 31 2649 48 661205 154896
internal_value=4.08744e-12 0.000116844 0.0016394 0.00344106 0.00081398 5.80521e-05 -0.00674111 -1.43228e-05 -0.000494057 5.78438e-05 -0.00243691 6.23118e-05 -8.88972e-06 -2.63112e-05 6.54644e-05
internal_weight=926669 101188 3762 1182 2580 97426 61 825481 9244 7199 2045 97365 816237 661293 154944
internal_count=926669 101188 3762 1182 2580 97426 61 825481 9244 7199 2045 97365 816237 661293 154944
is_linear=0
shrinkage=0.0177717


Tree=5
num_leaves=16
num_cat=0
split_feature=32 63 29 31 27 60 2 1 30 29 25 2 25 60 71
split_gain=4.73721 27.6682 17.0896 9.81698 9.55021 8.6194 20.3638 6.5723 30.2779 26.5024 6.59339 5.50556 3.23852 2.56306 1.68018
threshold=0.77267900109291088 1.0000000180025095e-35 1.0000000180025095e-35 2.5000000000000004 0.80645248293876659 1.0000000180025095e-35 360.50000000000006 1.5000000000000002 0.87409400939941417 1.3323209881782534 1.0000000180025095e-35 1.5000000000000002 2.8617925643920903 1.0000000180025095e-35 3.6008862257003789
decision_type=2 2 2 2 2 2 2 2 2 2 2 2 2 2 2
left_child=7 2 3 -2 -4 11 -7 8 10 -10 -1 -3 14 -14 -9
right_child=1 5 4 -5 -6 6 -8 12 9 -11 -12 -13 13 -15 -16
leaf_value=-0.0022684079804022217 0.00039611054116750927 -0.00062140862458706983 -0.0047305246628490177 0.0042590367418850012 0.0010109239174202506 0.0038166327646267655 -0.016722540515430984 -2.1506389957254944e-05 0.00017538154731195415 -0.0097496775437298407 -0.010527280347787597 8.7367242564164574e-05 7.6308759591384422e-05 -0.0030107653863157349 -0.0003534522213435717
leaf_weight=2014 269 3594 95 913 2485 30 31 685645 7113 86 31 93771 125657 85 4850
leaf_count=2014 269 3594 95 913 2485 30 31 685645 7113 86 31 93771 125657 85 4850
internal_value=-8.90313e-12 0.000114767 0.00161026 0.00337991 0.000799514 5.70204e-05 -0.00662131 -1.40683e-05 -0.000485277 5.68158e-05 -0.0023936 6.12044e-05 -8.73175e-06 7.42219e-05 -2.3838e-05
internal_weight=926669 101188 3762 1182 2580 97426 61 825481 9244 7199 2045 97365 816237 125742 690495
internal_count=926669 101188 3762 1182 2580 97426 61 825481 9244 7199 2045 97365 816237 125742 690495
is_linear=0
shrinkage=0.0177717


Tree=6
num_leaves=16
num_cat=0
split_feature=32 63 29 74 27 60 5 1 30 30 72 17 25 60 2
split_gain=4.57033 26.6936 16.4875 9.56632 9.21378 8.31576 20.3379 6.35514 31.3168 15.6993 6.46278 5.37347 3.26493 2.85039 1.56982
threshold=0.77267900109291088 1.0000000180025095e-35 1.0000000180025095e-35 1.5000000000000002 0.80645248293876659 1.0000000180025095e-35 1.0000000180025095e-35 3.5000000000000004 0.87409400939941417 2.3128105401992802 1.0000000180025095e-35 1.0965619683265688 2.8617925643920903 1.0000000180025095e-35 1.0000000180025095e-35
decision_type=2 2 2 2 2 2 2 2 2 2 2 2 2 2 2
left_child=7 2 3 -2 -4 11 -7 8 10 -10 -1 -3 14 -14 -9
right_child=1 5 4 -5 -6 6 -8 12 9 -11 -12 -13 13 -15 -16
leaf_value=-0.0022830394648466561 0.0044958786373761666 3.9254150444820278e-05 -0.0046464548456495308 0.0011463038622441942 0.00099295794033858742 0.0039276763111397179 -0.016598453228034073 -0.002126893672191339 0.00048083775038736668 -0.0010884072116238621 -0.010591787251907913 0.00089561345519762066 7.7997610230739548e-05 -0.0031968375555784289 -2.2722105887909132e-05
leaf_weight=2049 767 94993 95 415 2485 30 31 112 6634 2891 30 2372 124514 84 689167
leaf_count=2049 767 94993 95 415 2485 30 31 112 6634 2891 30 2372 124514 84 689167
internal_value=-1.60855e-12 0.000112728 0.00158164 0.00331984 0.000785305 5.60071e-05 -0.00650364 -1.38182e-05 -0.000426785 4.54513e-06 -0.00240293 6.01167e-05 -7.93029e-06 7.57898e-05 -2.3064e-05
internal_weight=926669 101188 3762 1182 2580 97426 61 825481 11604 9525 2079 97365 813877 124598 689279
internal_count=926669 101188 3762 1182 2580 97426 61 825481 11604 9525 2079 97365 813877 124598 689279
is_linear=0
shrinkage=0.0177717


Tree=7
num_leaves=16
num_cat=0
split_feature=32 63 29 31 27 60 2 1 30 29 72 2 25 60 71
split_gain=4.40933 25.7532 15.9067 9.38759 8.8892 8.02281 19.635 6.13127 30.2135 15.5826 6.23511 5.31137 3.15439 3.05871 1.75071
threshold=0.77267900109291088 1.0000000180025095e-35 1.0000000180025095e-35 2.5000000000000004 0.80645248293876659 1.0000000180025095e-35 360.50000000000006 3.5000000000000004 0.87409400939941417 1.3323209881782534 1.0000000180025095e-35 1.5000000000000002 2.7403194904327397 1.0000000180025095e-35 2.7994248867034917
decision_type=2 2 2 2 2 2 2 2 2 2 2 2 2 2 2
left_child=7 2 3 -2 -4 11 -7 8 10 -10 -1 -3 14 -14 -9
right_child=1 5 4 -5 -6 6 -8 12 9 -11 -12 -13 13 -15 -16
leaf_value=-0.0022424659128781397 0.00034302916574522984 -0.0006114183994886471 -0.0045638792373534033 0.0041205290066829948 0.00097531134721453086 0.003861395469497647 -0.016306876402693706 -1.9911992304365792e-05 9.0003236601895247e-05 -0.0060360019700568569 -0.010403552996204405 8.4745627690518719e-05 7.3237406334889012e-05 -0.0032041238807793875 -0.00026202945365380408
leaf_weight=2049 269 3594 95 913 2485 30 31 670357 9392 133 30 93771 133863 90 9567
leaf_count=2049 269 3594 95 913 2485 30 31 670357 9392 133 30 93771 133863 90 9567
internal_value=2.89035e-12 0.000110724 0.00155353 0.00326084 0.000771349 5.50117e-05 -0.00638805 -1.35727e-05 -0.0004192 4.46427e-06 -0.00236023 5.90484e-05 -7.78935e-06 7.10354e-05 -2.33188e-05
internal_weight=926669 101188 3762 1182 2580 97426 61 825481 11604 9525 2079 97365 813877 133953 679924
internal_count=926669 101188 3762 1182 2580 97426 61 825481 11604 9525 2079 97365 813877 133953 679924
is_linear=0
shrinkage=0.0177717


Tree=8
num_leaves=16
num_cat=0
split_feature=32 63 29 74 27 60 5 1 30 30 72 17 25 60 2
split_gain=4.254 24.846 15.3464 9.14761 8.57605 7.74019 19.6102 5.91528 29.1492 15.0501 6.01547 5.18536 3.04352 2.65129 1.51314
threshold=0.77267900109291088 1.0000000180025095e-35 1.0000000180025095e-35 1.5000000000000002 0.80645248293876659 1.0000000180025095e-35 1.0000000180025095e-35 3.5000000000000004 0.87409400939941417 2.3128105401992802 1.0000000180025095e-35 1.0602869987487795 2.8617925643920903 1.0000000180025095e-35 1.0000000180025095e-35
decision_type=2 2 2 2 2 2 2 2 2 2 2 2 2 2 2
left_child=7 2 3 -2 -4 11 -7 8 10 -10 -1 -3 14 -14 -9
right_child=1 5 4 -5 -6 6 -8 12 9 -11 -12 -13 13 -15 -16
leaf_value=-0.0022026134716659437 0.004352903272272968 3.6309591495605229e-05 -0.0044827711789798465 0.0010774531117284782 0.00095797838093713086 0.0039684634452008503 -0.016187099041454271 -0.0020877630088728914 0.00047072561712184632 -0.0010657306117690985 -0.010218663757543021 0.00083351131963776688 7.5309908617513958e-05 -0.0030830812516514923 -2.1926810342952872e-05
leaf_weight=2049 767 94716 95 415 2485 30 31 112 6634 2891 30 2649 124514 84 689167
leaf_count=2049 767 94716 95 415 2485 30 31 112 6634 2891 30 2649 124514 84 689167
internal_value=5.02634e-12 0.000108757 0.00152593 0.00320289 0.000757641 5.40341e-05 -0.00627453 -1.33314e-05 -0.00041175 4.38494e-06 -0.00231829 5.7999e-05 -7.65092e-06 7.31806e-05 -2.22625e-05
internal_weight=926669 101188 3762 1182 2580 97426 61 825481 11604 9525 2079 97365 813877 124598 689279
internal_count=926669 101188 3762 1182 2580 97426 61 825481 11604 9525 2079 97365 813877 124598 689279
is_linear=0
shrinkage=0.0177717


Tree=9
num_leaves=16
num_cat=0
split_feature=32 63 29 31 27 60 2 1 30 29 72 2 25 60 71
split_gain=4.10414 23.9707 14.8057 8.97698 8.27394 7.46752 18.9322 5.70689 28.1223 14.9395 5.80355 5.12416 2.94059 2.85571 1.68762
threshold=0.77267900109291088 1.0000000180025095e-35 1.0000000180025095e-35 2.5000000000000004 0.80645248293876659 1.0000000180025095e-35 360.50000000000006 3.5000000000000004 0.87409400939941417 1.3323209881782534 1.0000000180025095e-35 1.5000000000000002 2.7403194904327397 1.0000000180025095e-35 2.7994248867034917
decision_type=2 2 2 2 2 2 2 2 2 2 2 2 2 2 2
left_child=7 2 3 -2 -4 11 -7 8 10 -10 -1 -3 14 -14 -9
right_child=1 5 4 -5 -6 6 -8 12 9 -11 -12 -13 13 -15 -16
leaf_value=-0.002163469137516064 0.00029268274503418365 -0.00060157624469686622 -0.0044031044673167119 0.003986645598428231 0.00094095347174072029 0.0039013446887959909 -0.015902724915717918 -1.9164021084571993e-05 8.8062327973217498e-05 -0.0059102022809286361 -0.010037060030937782 8.2208560528874329e-05 7.0719257538270859e-05 -0.0030960159761474577 -0.00025687944522606712
leaf_weight=2049 269 3594 95 913 2485 30 31 670357 9392 133 30 93771 133863 90 9567
leaf_count=2049 269 3594 95 913 2485 30 31 670357 9392 133 30 93771 133863 90 9567
internal_value=-3.30923e-12 0.000106824 0.00149881 0.00314597 0.000744176 5.30738e-05 -0.00616302 -1.30945e-05 -0.000404433 4.30703e-06 -0.00227709 5.69683e-05 -7.51496e-06 6.85916e-05 -2.25088e-05
internal_weight=926669 101188 3762 1182 2580 97426 61 825481 11604 9525 2079 97365 813877 133953 679924
internal_count=926669 101188 3762 1182 2580 97426 61 825481 11604 9525 2079 97365 813877 133953 679924
is_linear=0
shrinkage=0.0177717


Tree=10
num_leaves=16
num_cat=0
split_feature=32 63 74 31 60 5 27 1 30 30 72 17 25 2 2
split_gain=3.95956 23.1263 14.4341 11.6008 7.20446 18.9086 7.20443 5.50585 27.1316 14.4277 5.59911 5.01106 2.83712 2.60395 1.45851
threshold=0.77267900109291088 1.0000000180025095e-35 1.5000000000000002 2.5000000000000004 1.0000000180025095e-35 1.0000000180025095e-35 0.80645248293876659 3.5000000000000004 0.87409400939941417 2.3128105401992802 1.0000000180025095e-35 1.0965619683265688 2.8617925643920903 1.0000000180025095e-35 1.0000000180025095e-35
decision_type=2 2 2 2 2 2 2 2 2 2 2 2 2 2 2
left_child=7 2 3 -2 11 -6 -4 8 10 -10 -1 -3 14 -14 -9
right_child=1 4 6 -5 5 -7 -8 12 9 -11 -12 -13 13 -15 -16
leaf_value=-0.0021250204893636724 0.00054597816286449101 3.580907901892985e-05 -0.0041469026828313401 0.0043491488427300773 0.0040045799273654859 -0.015787106445046297 0.00091658478888941865 -0.0020493577416789617 0.00046082721431737258 -0.0010435253666574453 -0.009858683714947112 0.00086278536708084914 0.0029090299340455289 6.8335732699938715e-05 -2.1159264907555465e-05
leaf_weight=2049 374 94993 92 785 30 31 2511 112 6634 2891 30 2372 102 124496 689167
leaf_count=2049 374 94993 92 785 30 31 2511 112 6634 2891 30 2372 102 124496 689167
internal_value=2.72051e-12 0.000104925 0.00147217 0.0031219 5.21306e-05 -0.00605349 0.000737622 -1.28618e-05 -0.000397245 4.23054e-06 -0.00223662 5.59558e-05 -7.3814e-06 7.06612e-05 -2.14888e-05
internal_weight=926669 101188 3762 1159 97426 61 2603 825481 11604 9525 2079 97365 813877 124598 689279
internal_count=926669 101188 3762 1159 97426 61 2603 825481 11604 9525 2079 97365 813877 124598 689279
is_linear=0
shrinkage=0.0177717


Tree=11
num_leaves=16
num_cat=0
split_feature=32 63 29 31 27 60 2 1 30 29 72 2 25 60 71
split_gain=3.82007 22.3116 13.9672 8.43078 7.94523 6.95066 18.2546 5.3119 26.1759 14.3229 5.40187 4.94342 2.74128 2.75505 1.62682
threshold=0.77267900109291088 1.0000000180025095e-35 1.0000000180025095e-35 2.5000000000000004 0.80645248293876659 1.0000000180025095e-35 360.50000000000006 3.5000000000000004 0.87409400939941417 1.3323209881782534 1.0000000180025095e-35 1.5000000000000002 2.7403194904327397 1.0000000180025095e-35 2.7994248867034917
decision_type=2 2 2 2 2 2 2 2 2 2 2 2 2 2 2
left_child=7 2 3 -2 -4 11 -7 8 10 -10 -1 -3 14 -14 -9
right_child=1 5 4 -5 -6 6 -8 12 9 -11 -12 -13 13 -15 -16
leaf_value=-0.0020872550829447579 0.00028072271470450794 -0.00059186506768078634 -0.0043309406280135163 0.0038605436888499269 0.00090588760000700455 0.0039367091525355511 -0.015509733119789457 -1.8443037245623773e-05 8.6164119125139979e-05 -0.005787024665667306 -0.0096834781381557895 7.9752583604893868e-05 6.8321679693941333e-05 -0.0030421028471651233 -0.00025183647435345318
leaf_weight=2049 269 3594 95 913 2485 30 31 670357 9392 133 30 93771 133863 90 9567
leaf_count=2049 269 3594 95 913 2485 30 31 670357 9392 133 30 93771 133863 90 9567
internal_value=4.68039e-12 0.000103061 0.00144601 0.00304585 0.000713059 5.12042e-05 -0.00594591 -1.26332e-05 -0.000390185 4.15529e-06 -0.00219687 5.49614e-05 -7.25021e-06 6.62319e-05 -2.1727e-05
internal_weight=926669 101188 3762 1182 2580 97426 61 825481 11604 9525 2079 97365 813877 133953 679924
internal_count=926669 101188 3762 1182 2580 97426 61 825481 11604 9525 2079 97365 813877 133953 679924
is_linear=0
shrinkage=0.0177717


Tree=12
num_leaves=16
num_cat=0
split_feature=32 63 74 31 27 60 5 1 30 30 72 17 25 2 66
split_gain=3.6855 21.5256 13.699 10.8695 6.93278 6.7058 18.232 5.12477 25.3219 15.0465 8.78088 4.83574 2.64472 2.51215 1.40847
threshold=0.77267900109291088 1.0000000180025095e-35 1.5000000000000002 2.5000000000000004 0.80645248293876659 1.0000000180025095e-35 1.0000000180025095e-35 3.5000000000000004 0.92866650223732006 2.2999414205551152 1.2097010016441347 1.0602869987487795 2.8617925643920903 1.0000000180025095e-35 -0.021364993415772911
decision_type=2 2 2 2 2 2 2 2 2 2 2 2 2 2 2
left_child=7 2 3 -2 -4 11 -7 8 10 -10 -1 -3 14 -14 -9
right_child=1 5 4 -5 -6 6 -8 12 9 -11 -12 -13 13 -15 -16
leaf_value=-0.0018903312590283917 0.00053407336295746739 3.3039161014589669e-05 -0.0040868419676827828 0.004215413108075914 0.0008802678139691319 0.0040362477663303661 -0.015398131438290354 7.4530823672242465e-05 0.00053582327210067277 -0.0010006697950489399 -0.011565909409789448 0.00080289656609876356 0.0028561171959871966 6.5944368762218262e-05 -2.7516012359714274e-05
leaf_weight=2364 374 94716 92 785 2511 30 31 45755 6238 2972 30 2649 102 124496 643524
leaf_count=2364 374 94716 92 785 2511 30 31 45755 6238 2972 30 2649 102 124496 643524
internal_value=-7.087e-12 0.000101229 0.00142031 0.00302747 0.000704711 5.02941e-05 -0.00584024 -1.24087e-05 -0.000383251 4.00081e-05 -0.00201158 5.39846e-05 -7.12137e-06 6.82285e-05 -2.0742e-05
internal_weight=926669 101188 3762 1159 2603 97426 61 825481 11604 9210 2394 97365 813877 124598 689279
internal_count=926669 101188 3762 1159 2603 97426 61 825481 11604 9210 2394 97365 813877 124598 689279
is_linear=0
shrinkage=0.0177717


Tree=13
num_leaves=16
num_cat=0
split_feature=32 63 74 31 27 60 28 1 30 29 72 2 25 60 71
split_gain=3.55567 20.7673 13.2164 10.4866 6.68856 6.46957 17.687 4.94424 24.4485 13.7369 5.04478 4.76917 2.55525 2.65799 1.57036
threshold=0.77267900109291088 1.0000000180025095e-35 1.5000000000000002 2.5000000000000004 0.80645248293876659 1.0000000180025095e-35 9.9568324089050311 3.5000000000000004 0.87409400939941417 1.3323209881782534 1.0000000180025095e-35 1.5000000000000002 2.7403194904327397 1.0000000180025095e-35 2.7994248867034917
decision_type=2 2 2 2 2 2 2 2 2 2 2 2 2 2 2
left_child=7 2 3 -2 -4 11 -7 8 10 -10 -1 -3 14 -14 -9
right_child=1 5 4 -5 -6 6 -8 12 9 -11 -12 -13 13 -15 -16
leaf_value=-0.0020165666368204154 0.00052458203435838094 -0.00058229912718322011 -0.0040142115309122943 0.0041404977440590365 0.0008646239842867243 0.0036775001421755198 -0.015464196054511676 -1.7745274099423189e-05 8.4981109473799253e-05 -0.0056668062573924814 -0.0093574246236525563 7.7375536565816081e-05 6.6002823899671587e-05 -0.0029891408965369904 -0.00024705350490386997
leaf_weight=2049 374 3594 92 785 2511 31 30 670357 9392 133 30 93771 133863 90 9567
leaf_count=2049 374 3594 92 785 2511 31 30 670357 9392 133 30 93771 133863 90 9567
internal_value=-4.22251e-12 9.943e-05 0.00139507 0.00297367 0.000692187 4.94003e-05 -0.00573645 -1.21882e-05 -0.00037644 4.66744e-06 -0.0021225 5.30252e-05 -6.99481e-06 6.39501e-05 -2.09718e-05
internal_weight=926669 101188 3762 1159 2603 97426 61 825481 11604 9525 2079 97365 813877 133953 679924
internal_count=926669 101188 3762 1159 2603 97426 61 825481 11604 9525 2079 97365 813877 133953 679924
is_linear=0
shrinkage=0.0177717


Tree=14
num_leaves=15
num_cat=0
split_feature=17 70 34 4 3 68 30 1 63 54 1 30 15 15
split_gain=3.49088 4.06402 5.43414 3.62873 3.60349 3.3808 9.44887 20.8111 17.6142 3.37573 2.33004 4.01107 2.15875 1.68541
threshold=1.2428609728813174 0.16527522355318072 0.12182600423693658 57.589284896850593 6.1014387607574472 -0.041332654654979699 0.92866650223732006 16.500000000000004 1.0000000180025095e-35 1.0000000180025095e-35 3.5000000000000004 0.92866650223732006 5.9853553771972665 5.7622649669647226
decision_type=2 2 2 2 2 2 2 2 2 2 2 2 2 2
left_child=5 3 -3 13 -5 6 7 -1 -8 -4 11 -7 -12 -2
right_child=1 2 9 4 -6 10 8 -9 -10 -11 12 -13 -14 -15
leaf_value=-0.0018815419535970284 0.0011951948571320566 -0.006508055474187752 0.0002684021490080097 0.0071283914169799328 0.0011410578051793097 -0.004386292095502186 0.00096424408166389652 0.00011122192818834548 7.5244892720915013e-05 -0.0046180354875592512 -1.4928116998061284e-05 0.00025912946034606414 -0.00083461871122064853 -0.00071843817096002083
leaf_weight=2335 1279 40 1524 63 64 59 7925 5685 62974 46 831781 11714 1016 164
leaf_count=2335 1279 40 1524 63 64 59 7925 5685 62974 46 831781 11714 1016 164
internal_value=-3.5226e-12 0.000587811 -3.95696e-05 0.00123118 0.00411115 -2.02411e-06 0.000109213 -0.000468966 0.000174616 0.000125233 -1.24184e-05 0.000235849 -1.59281e-05 0.000977706
internal_weight=926669 3180 1610 1570 127 923489 78919 8020 70899 1570 844570 11773 832797 1443
internal_count=926669 3180 1610 1570 127 923489 78919 8020 70899 1570 844570 11773 832797 1443
is_linear=0
shrinkage=0.0177717


Tree=15
num_leaves=15
num_cat=0
split_feature=68 30 1 63 29 2 72 1 30 10 72 48 69 2
split_gain=3.37046 8.58271 20.5456 17.0574 80.071 15.2862 4.92912 2.80508 3.9175 2.56234 1.66269 6.62733 1.74723 1.10999
threshold=-0.038667576387524598 0.92866650223732006 16.500000000000004 1.0000000180025095e-35 1.3323209881782534 1.5000000000000002 0.74674996733665477 3.5000000000000004 0.92866650223732006 4.2488918304443368 26.103064537048343 1.0000000180025095e-35 36.750000000000007 63.500000000000007
decision_type=2 2 2 2 2 2 2 2 2 2 2 2 2 2
left_child=1 2 6 4 -3 -5 -1 8 -2 -10 12 -12 -9 -4
right_child=7 3 13 5 -6 -7 -8 10 9 -11 11 -13 -14 -15
leaf_value=-0.001753390214597052 -0.0043083402631455452 0.0010694525887322199 0.00093862180566319159 -0.00090407632471637181 -0.025135477807775912 0.00014863383485497794 -0.0088874403262841333 -1.6654052767119132e-05 0.00031611186723842641 -0.0017379949465919043 0.00018223938693364853 0.0078206102735244101 -0.00094126775117688705 4.9348424573133177e-05
leaf_weight=2304 59 7888 483 4682 37 62676 31 820174 11691 195 10372 36 646 5395
leaf_count=2304 59 7888 483 4682 37 62676 31 820174 11691 195 10372 36 646 5395
internal_value=-3.02194e-12 0.000107706 -0.00043781 0.000167219 0.000947108 7.54608e-05 -0.0018481 -1.06657e-05 0.000259737 0.000282412 -1.45514e-05 0.00020866 -1.73817e-05 0.000122421
internal_weight=926669 83496 8213 75283 7925 67358 2335 843173 11945 11886 831228 10408 820820 5878
internal_count=926669 83496 8213 75283 7925 67358 2335 843173 11945 11886 831228 10408 820820 5878
is_linear=0
shrinkage=0.0177717


Tree=16
num_leaves=15
num_cat=0
split_feature=17 70 34 4 3 32 68 30 1 63 69 30 15 25
split_gain=3.34587 3.91595 5.2419 3.49315 3.46973 3.29494 3.14944 8.80061 19.3665 16.3935 2.1802 4.34081 2.31655 1.67284
threshold=1.2428609728813174 0.16527522355318072 0.12182600423693658 57.589284896850593 6.1014387607574472 0.99794700741767894 -0.041332654654979699 0.92866650223732006 31.500000000000004 1.0000000180025095e-35 0.81666666269302379 0.92866650223732006 5.9853553771972665 4.4005842208862314
decision_type=2 2 2 2 2 2 2 2 2 2 2 2 2 2
left_child=6 3 -3 13 -5 -4 7 8 -1 -9 11 -8 -12 -2
right_child=1 2 5 4 -6 -7 10 9 -10 -11 12 -13 -14 -15
leaf_value=-0.0018119927016031195 0.0031758103618254739 -0.0063934133741854879 0.00025480657173911428 0.0069933809763910127 0.0011182227938358828 -0.0048503364794653323 -0.004289457252387374 0.00093027597481741358 0.00010843073461808151 7.2635722382302317e-05 -1.4993616885370101e-05 0.00021007299518586387 -0.00087388300006822352 0.00079320389055580491
leaf_weight=2343 100 40 1529 63 64 41 68 7925 5677 62974 827247 16262 993 1343
leaf_count=2343 100 40 1529 63 64 41 68 7925 5677 62974 827247 16262 993 1343
internal_value=-3.18421e-12 0.000575472 -4.03733e-05 0.00120701 0.00403267 0.000121488 -1.98162e-06 0.000105382 -0.000452611 0.000168502 -1.2014e-05 0.000191336 -1.60234e-05 0.000958319
internal_weight=926669 3180 1610 1570 127 1570 923489 78919 8020 70899 844570 16330 828240 1443
internal_count=926669 3180 1610 1570 127 1570 923489 78919 8020 70899 844570 16330 828240 1443
is_linear=0
shrinkage=0.0177717


Tree=17
num_leaves=15
num_cat=0
split_feature=17 70 34 4 3 54 68 30 63 63 69 30 15 15
split_gain=3.228 3.778 5.05724 3.3701 3.3475 3.25267 3.03849 8.49059 18.6853 15.816 2.10339 4.18789 2.23495 1.62196
threshold=1.2428609728813174 0.16527522355318072 0.12182600423693658 57.589284896850593 6.1014387607574472 1.0000000180025095e-35 -0.041332654654979699 0.92866650223732006 1.0000000180025095e-35 1.0000000180025095e-35 0.81666666269302379 0.92866650223732006 5.9853553771972665 5.7622649669647226
decision_type=2 2 2 2 2 2 2 2 2 2 2 2 2 2
left_child=6 3 -3 13 -5 -4 7 8 -1 -9 11 -8 -12 -2
right_child=1 2 5 4 -6 -7 10 9 -10 -11 12 -13 -14 -15
leaf_value=-0.0017830573496716807 0.0011546428816138782 -0.0062797912090409034 0.00025986420630321025 0.0068690963919127079 0.0010983499892918841 -0.0045366806648097883 -0.0042132261063438353 0.00091374343412646986 0.00010519110794816261 7.1344864256777635e-05 -1.4727147428973523e-05 0.00020633963910804149 -0.00085835257339643184 -0.00072262256479370878
leaf_weight=2335 1279 40 1524 63 64 46 68 7925 5685 62974 827247 16262 993 164
leaf_count=2335 1279 40 1524 63 64 46 68 7925 5685 62974 827247 16262 993 164
internal_value=3.93255e-12 0.000565245 -3.96558e-05 0.00118556 0.003961 0.000119328 -1.9464e-06 0.000103509 -0.000444567 0.000165507 -1.18005e-05 0.000187936 -1.57386e-05 0.000941288
internal_weight=926669 3180 1610 1570 127 1570 923489 78919 8020 70899 844570 16330 828240 1443
internal_count=926669 3180 1610 1570 127 1570 923489 78919 8020 70899 844570 16330 828240 1443
is_linear=0
shrinkage=0.0177717


Tree=18
num_leaves=16
num_cat=0
split_feature=32 63 29 26 27 60 2 1 30 30 72 2 72 2 2
split_gain=3.13101 18.0546 12.8863 7.94949 7.59431 6.23482 17.6359 4.72141 20.1315 13.0382 4.7158 4.51981 2.4516 3.96226 3.1967
threshold=0.77267900109291088 1.0000000180025095e-35 1.0000000180025095e-35 65.000000000000014 0.80645248293876659 1.0000000180025095e-35 360.50000000000006 3.5000000000000004 0.87409400939941417 2.3128105401992802 1.0000000180025095e-35 1.5000000000000002 6.427701711654664 1.0000000180025095e-35 1.0000000180025095e-35
decision_type=2 2 2 2 2 2 2 2 2 2 2 2 2 2 2
left_child=7 2 3 -2 -4 11 -7 8 10 -10 -1 -3 13 -9 -14
right_child=1 5 4 -5 -6 6 -8 12 9 -11 -12 -13 14 -15 -16
leaf_value=-0.0018493863755128777 7.3050680420999234e-05 -0.00056827767747340708 -0.004334006598268581 0.0036062734161575166 0.00078586599456450309 0.0040804499298307218 -0.015033607671723124 -0.0040281049512377399 0.00041249335233993424 -0.0010175835560768754 -0.0089468527243180412 7.3919601017740413e-05 0.0027748841512820902 -2.2381501826938383e-05 4.9206091362672002e-05
leaf_weight=2049 257 3594 95 925 2485 30 31 78 6634 2891 30 93771 136 632490 181173
leaf_count=2049 257 3594 95 925 2485 30 31 78 6634 2891 30 93771 136 632490 181173
internal_value=-3.9853e-13 9.33038e-05 0.00130136 0.00283805 0.000597344 4.66559e-05 -0.00563325 -1.14372e-05 -0.000367386 -2.15594e-05 -0.0019518 5.02144e-05 -6.36223e-06 -2.28754e-05 5.12506e-05
internal_weight=926669 101188 3762 1182 2580 97426 61 825481 11604 9525 2079 97365 813877 632568 181309
internal_count=926669 101188 3762 1182 2580 97426 61 825481 11604 9525 2079 97365 813877 632568 181309
is_linear=0
shrinkage=0.0177717


Tree=19
num_leaves=15
num_cat=0
split_feature=17 70 34 4 3 32 68 30 63 1 1 30 15 25
split_gain=3.10634 3.64611 4.87959 3.25102 3.22907 3.17111 2.92746 7.92967 15.6685 14.8866 2.04962 3.4456 1.95197 1.60958
threshold=1.2428609728813174 0.16527522355318072 0.12182600423693658 57.589284896850593 6.1014387607574472 0.99794700741767894 -0.041332654654979699 0.97712150216102611 1.0000000180025095e-35 30.500000000000004 3.5000000000000004 0.92866650223732006 5.9853553771972665 4.4005842208862314
decision_type=2 2 2 2 2 2 2 2 2 2 2 2 2 2
left_child=6 3 -3 13 -5 -4 7 9 -9 -1 11 -8 -12 -2
right_child=1 2 5 4 -6 -7 10 8 -10 -11 12 -13 -14 -15
leaf_value=-0.0015046231058885417 0.0030991215723793603 -0.0061693122939835308 0.00024719946559028641 0.0067460447396382227 0.0010782930504918365 -0.0047610994424820228 -0.0040626940460860538 0.00092763969471209304 7.2070807199527427e-05 8.5219702395021674e-05 -1.392254970903108e-05 0.00024284448899503924 -0.00079336573677006215 0.00076200180379935292
leaf_weight=2685 100 40 1529 63 64 41 59 7579 62600 6055 831781 11714 1016 1343
leaf_count=2685 100 40 1529 63 64 41 59 7579 62600 6055 831781 11714 1016 1343
internal_value=-2.06067e-12 0.000554491 -3.97575e-05 0.00116388 0.00388985 0.000116409 -1.90937e-06 0.000101602 0.000164468 -0.000403193 -1.15817e-05 0.000221267 -1.48735e-05 0.000923964
internal_weight=926669 3180 1610 1570 127 1570 923489 78919 70179 8740 844570 11773 832797 1443
internal_count=926669 3180 1610 1570 127 1570 923489 78919 70179 8740 844570 11773 832797 1443
is_linear=0
shrinkage=0.0177717


Tree=20
num_leaves=15
num_cat=0
split_feature=17 70 34 4 54 3 68 30 1 63 1 30 15 15
split_gain=2.99691 3.51767 4.7077 3.1365 3.13114 3.11532 2.82433 7.66895 16.9326 14.3133 1.97741 3.32422 1.8832 1.55929
threshold=1.2428609728813174 0.16527522355318072 0.12182600423693658 57.589284896850593 1.0000000180025095e-35 6.1014387607574472 -0.041332654654979699 0.92866650223732006 31.500000000000004 1.0000000180025095e-35 3.5000000000000004 0.92866650223732006 5.9853553771972665 5.7622649669647226
decision_type=2 2 2 2 2 2 2 2 2 2 2 2 2 2
left_child=6 3 -3 13 -4 -5 7 8 -1 -9 11 -8 -12 -2
right_child=1 2 4 5 -6 -7 10 9 -10 -11 12 -13 -14 -15
leaf_value=-0.001692183693150397 0.0011167367697367786 -0.0060596728108161654 0.00025222591169816755 0.006626155611477765 -0.0044538569282178394 0.0010591299508403234 -0.0039904931549754937 0.00087052342336450133 0.00010351735505842765 6.914008021201786e-05 -1.367511637210342e-05 0.0002385286638262826 -0.00077926625446248128 -0.00072390539394596564
leaf_weight=2343 1279 40 1524 63 46 64 59 7925 5677 62974 831781 11714 1016 164
leaf_count=2343 1279 40 1524 63 46 64 59 7925 5677 62974 831781 11714 1016 164
internal_value=2.46247e-12 0.000544637 -3.9051e-05 0.0011432 0.000114341 0.00382073 -1.87544e-06 9.97961e-05 -0.000421087 0.000158718 -1.13759e-05 0.000217335 -1.46091e-05 0.000907544
internal_weight=926669 3180 1610 1570 1570 127 923489 78919 8020 70899 844570 11773 832797 1443
internal_count=926669 3180 1610 1570 1570 127 923489 78919 8020 70899 844570 11773 832797 1443
is_linear=0
shrinkage=0.0177717


Tree=21
num_leaves=15
num_cat=0
split_feature=17 70 34 32 4 3 68 30 63 1 69 30 15 25
split_gain=2.89134 3.39375 4.54186 3.05732 3.02601 3.00558 2.72484 7.40619 14.6085 13.8882 1.91461 3.77369 2.02002 1.54795
threshold=1.2428609728813174 0.16527522355318072 0.12182600423693658 0.99794700741767894 57.589284896850593 6.1014387607574472 -0.041332654654979699 0.97712150216102611 1.0000000180025095e-35 30.500000000000004 0.81666666269302379 0.92866650223732006 5.9853553771972665 4.4005842208862314
decision_type=2 2 2 2 2 2 2 2 2 2 2 2 2 2
left_child=6 4 -3 -4 13 -6 7 9 -9 -1 11 -8 -12 -2
right_child=1 2 3 -5 5 -7 10 8 -10 -11 12 -13 -14 -15
leaf_value=-0.0014536791351161462 0.0030245255106136318 -0.005951981778372 0.00024073057326162606 -0.0046768892731418833 0.0065083973350448217 0.0010403072937194943 -0.0039984619623084187 0.00089568323184581759 6.9561237213380009e-05 8.1924324043764705e-05 -1.3969381659724454e-05 0.00019685843269156029 -0.00081600548811603367 0.00073258351393917602
leaf_weight=2685 100 40 1529 41 63 64 68 7579 62600 6055 827247 16262 993 1343
leaf_count=2685 100 40 1529 41 63 64 68 7579 62600 6055 827247 16262 993 1343
internal_value=9.90839e-14 0.000534958 -3.83569e-05 0.000112309 0.00112288 0.00375282 -1.84211e-06 9.80225e-05 0.000158779 -0.000389826 -1.11737e-05 0.000179389 -1.4931e-05 0.000891415
internal_weight=926669 3180 1610 1570 1570 127 923489 78919 70179 8740 844570 16330 828240 1443
internal_count=926669 3180 1610 1570 1570 127 923489 78919 70179 8740 844570 16330 828240 1443
is_linear=0
shrinkage=0.0177717


Tree=22
num_leaves=16
num_cat=0
split_feature=32 63 74 31 27 60 5 1 30 30 72 2 72 2 2
split_gain=2.80979 16.1333 12.4469 9.92942 6.44668 6.00291 17.4738 4.58339 17.3472 12.5792 4.54671 4.4378 2.34864 3.82294 3.07671
threshold=0.77267900109291088 1.0000000180025095e-35 1.5000000000000002 2.5000000000000004 0.80645248293876659 1.0000000180025095e-35 1.0000000180025095e-35 3.5000000000000004 0.87409400939941417 2.3128105401992802 1.0000000180025095e-35 1.5000000000000002 6.427701711654664 1.0000000180025095e-35 1.0000000180025095e-35
decision_type=2 2 2 2 2 2 2 2 2 2 2 2 2 2 2
left_child=7 2 3 -2 -4 11 -7 8 10 -10 -1 -3 13 -9 -14
right_child=1 5 4 -5 -6 6 -8 12 9 -11 -12 -13 14 -15 -16
leaf_value=-0.0017317540487440945 0.00037917657719774154 -0.00056507138530312469 -0.0040722673983186837 0.0038977214801729325 0.00071753871664111102 0.0041399735612517819 -0.014886026027133773 -0.0039561820983705616 0.0003858240541392617 -0.001018854291915541 -0.0087008197336021827 7.1272874209984518e-05 0.0027225857824674259 -2.1511942578929514e-05 4.8549898263923983e-05
leaf_weight=2049 374 3594 92 785 2511 30 31 78 6634 2891 30 93771 136 632490 181173
leaf_count=2049 374 3594 92 785 2511 30 31 78 6634 2891 30 93771 136 632490 181173
internal_value=1.12869e-12 8.8388e-05 0.00123036 0.00276232 0.000548249 4.4292e-05 -0.00552898 -1.08347e-05 -0.000361543 -4.05198e-05 -0.00183232 4.77837e-05 -5.83438e-06 -2.19971e-05 5.05557e-05
internal_weight=926669 101188 3762 1159 2603 97426 61 825481 11604 9525 2079 97365 813877 632568 181309
internal_count=926669 101188 3762 1159 2603 97426 61 825481 11604 9525 2079 97365 813877 632568 181309
is_linear=0
shrinkage=0.0177717


Tree=23
num_leaves=15
num_cat=0
split_feature=17 70 34 54 4 3 68 30 1 63 1 30 15 15
split_gain=2.7845 3.27542 4.38264 3.01437 2.91862 2.9246 2.62758 6.92687 15.3438 12.9525 1.86662 3.06862 1.7544 1.50024
threshold=1.2428609728813174 0.16527522355318072 0.12182600423693658 1.0000000180025095e-35 57.589284896850593 5.4138731956481942 -0.041332654654979699 0.92866650223732006 31.500000000000004 1.0000000180025095e-35 3.5000000000000004 0.92866650223732006 5.9853553771972665 5.5337600708007821
decision_type=2 2 2 2 2 2 2 2 2 2 2 2 2 2
left_child=6 4 -3 -4 13 -6 7 8 -1 -9 11 -8 -12 -2
right_child=1 2 3 -5 5 -7 10 9 -10 -11 12 -13 -14 -15
leaf_value=-0.0016087754352846343 0.0011675794009920139 -0.0058472980679436333 0.00024504050747775174 -0.0043724559761079305 0.0085348060573304154 0.0021856083328343598 -0.003831586098259896 0.00082937967125723772 0.00010060380857778125 6.7043928033088827e-05 -1.3211176687692879e-05 0.0002316023733978926 -0.0007521567734724144 -0.00024799693008127572
leaf_weight=2343 1145 40 1524 46 30 97 59 7925 5677 62974 831781 11714 1016 298
leaf_count=2343 1145 40 1524 46 30 97 59 7925 5677 62974 831781 11714 1016 298
internal_value=-5.25137e-12 0.000524981 -3.82504e-05 0.000109751 0.00110256 0.00368542 -1.80776e-06 9.62585e-05 -0.000398782 0.000152257 -1.09713e-05 0.00021124 -1.41127e-05 0.000875243
internal_weight=926669 3180 1610 1570 1570 127 923489 78919 8020 70899 844570 11773 832797 1443
internal_count=926669 3180 1610 1570 1570 127 923489 78919 8020 70899 844570 11773 832797 1443
is_linear=0
shrinkage=0.0177717


Tree=24
num_leaves=13
num_cat=0
split_feature=36 68 60 17 4 69 28 28 63 69 65 30
split_gain=2.76684 4.0642 3.0295 3.13628 2.89732 3.46988 11.8482 3.1325 2.62616 2.47441 1.75183 1.34447
threshold=1.0000000180025095e-35 -0.038667576387524598 1.0000000180025095e-35 0.38907550275325781 82.333332061767592 36.750000000000007 11.596195220947267 10.868506431579592 1.0000000180025095e-35 0.86607143282890331 0.03951575234532357 1.4547780156135561
decision_type=2 2 2 2 2 2 2 2 2 2 2 2
left_child=4 2 3 -2 5 8 -7 -6 -1 11 -11 -3
right_child=1 9 -4 -5 7 6 -8 -9 -10 10 -12 -13
leaf_value=0.00026959499428538797 0.00024087344248130955 0.0031308948048302367 -0.0043270313218022683 0.0009237321552062963 0.0063506083373730919 -0.00013422907284533442 -0.0067018884232143451 0.00010254288673059814 -1.6642398420435547e-05 2.8636902487817051e-05 -0.00050509475832524297 0.00036425500176404628
leaf_weight=10259 14297 56 44 2495 47 441 108 55 766301 124665 1973 5928
leaf_count=10259 14297 56 44 2495 47 441 108 55 766301 124665 1973 5928
internal_value=-8.84435e-13 7.00276e-05 0.000330131 0.000342334 -1.34663e-05 -1.38595e-05 -0.00142623 0.00298155 -1.2861e-05 3.70082e-05 2.03214e-05 0.000390146
internal_weight=926669 149458 16836 16792 777211 777109 549 102 776560 132622 126638 5984
internal_count=926669 149458 16836 16792 777211 777109 549 102 776560 132622 126638 5984
is_linear=0
shrinkage=0.0177717


Tree=25
num_leaves=13
num_cat=0
split_feature=36 68 60 17 4 69 28 28 63 69 65 30
split_gain=2.66937 3.92103 2.92278 3.02579 2.79525 3.34765 11.4308 3.02215 2.53365 2.38724 1.69012 1.2971
threshold=1.0000000180025095e-35 -0.038667576387524598 1.0000000180025095e-35 0.38907550275325781 82.333332061767592 36.750000000000007 11.596195220947267 10.868506431579592 1.0000000180025095e-35 0.86607143282890331 0.03951575234532357 1.4547780156135561
decision_type=2 2 2 2 2 2 2 2 2 2 2 2
left_child=4 2 3 -2 5 8 -7 -6 -1 11 -11 -3
right_child=1 9 -4 -5 7 6 -8 -9 -10 10 -12 -13
leaf_value=0.00026480384498410681 0.00023659269543404069 0.0030752534832631279 -0.0042501326518805619 0.00090731579674900532 0.0062377467729533096 -0.00013184364242909926 -0.0065827841716178028 0.0001007205134326055 -1.6346627528818763e-05 2.8127973596470717e-05 -0.00049611834946029852 0.00035778157547195773
leaf_weight=10259 14297 56 44 2495 47 441 108 55 766301 124665 1973 5928
leaf_count=10259 14297 56 44 2495 47 441 108 55 766301 124665 1973 5928
internal_value=4.48451e-12 6.87831e-05 0.000324264 0.000336251 -1.3227e-05 -1.36131e-05 -0.00140088 0.00292857 -1.26324e-05 3.63505e-05 1.99603e-05 0.000383212
internal_weight=926669 149458 16836 16792 777211 777109 549 102 776560 132622 126638 5984
internal_count=926669 149458 16836 16792 777211 777109 549 102 776560 132622 126638 5984
is_linear=0
shrinkage=0.0177717


Tree=26
num_leaves=13
num_cat=0
split_feature=17 22 4 3 68 30 63 1 28 1 30 15
split_gain=2.62465 3.23384 2.9026 2.92313 2.37764 6.70312 12.9721 12.7314 1.99368 1.75333 2.95578 1.70529
threshold=1.2428609728813174 2.3180040121078496 57.589284896850593 5.4138731956481942 -0.041332654654979699 0.97712150216102611 1.0000000180025095e-35 30.500000000000004 12.768312454223635 3.5000000000000004 0.92866650223732006 5.9853553771972665
decision_type=2 2 2 2 2 2 2 2 2 2 2 2
left_child=4 -2 8 -4 5 7 -7 -1 -3 10 -6 -11
right_child=1 2 3 -5 9 6 -8 -9 -10 11 -12 -13
leaf_value=-0.0013911687185692305 -0.0052975629651901201 0.00053669916700463903 0.007640893767313593 0.0016630369566111266 -0.0037629054688505508 0.00084373583712961733 6.5258910927781845e-05 7.9091107245269447e-05 -0.0018106608277144746 -1.2627671781964486e-05 0.00022487496560073328 -0.00074115788817608118
leaf_weight=2685 30 2879 33 119 59 7579 62600 6055 119 831781 11714 1016
leaf_count=2685 30 2879 33 119 59 7579 62600 6055 119 831781 11714 1016
internal_value=2.90582e-12 0.000509689 0.000564997 0.00296086 -1.75509e-06 9.15304e-05 0.000149331 -0.000372585 0.000443525 -1.0472e-05 0.00020489 -1.35165e-05
internal_weight=926669 3180 3150 152 923489 78919 70179 8740 2998 844570 11773 832797
internal_count=926669 3180 3150 152 923489 78919 70179 8740 2998 844570 11773 832797
is_linear=0
shrinkage=0.0177717


Tree=27
num_leaves=13
num_cat=0
split_feature=36 68 60 17 4 69 10 28 63 69 65 8
split_gain=2.56841 3.74721 2.81921 2.9079 2.67738 3.23078 11.2122 2.91578 2.36197 2.27112 1.63128 1.26246
threshold=1.0000000180025095e-35 -0.038667576387524598 1.0000000180025095e-35 0.38907550275325781 82.333332061767592 36.750000000000007 3.3364613056182866 10.868506431579592 1.0000000180025095e-35 0.86607143282890331 0.03951575234532357 4.7303030490875253
decision_type=2 2 2 2 2 2 2 2 2 2 2 2
left_child=4 2 3 -2 5 8 -7 -6 -1 11 -11 -3
right_child=1 9 -4 -5 7 6 -8 -9 -10 10 -12 -13
leaf_value=0.00025548272015188432 0.00023129898108427348 0.00026398994155389329 -0.0041753881736792389 0.00088882567881956413 0.0061165445722749 -0.00064520147648469423 -0.010200257290617548 8.8492469027011354e-05 -1.5975089912434528e-05 2.7801906796972587e-05 -0.0004872373033622862 0.00097931025017441347
leaf_weight=10259 14297 5063 44 2495 47 507 42 55 766301 124665 1973 921
leaf_count=10259 14297 5063 44 2495 47 507 42 55 766301 124665 1973 921
internal_value=2.61619e-12 6.74699e-05 0.000317224 0.000328996 -1.29745e-05 -1.33524e-05 -0.00137619 0.00286612 -1.23889e-05 3.57643e-05 1.97777e-05 0.000374085
internal_weight=926669 149458 16836 16792 777211 777109 549 102 776560 132622 126638 5984
internal_count=926669 149458 16836 16792 777211 777109 549 102 776560 132622 126638 5984
is_linear=0
shrinkage=0.0177717


Tree=28
num_leaves=12
num_cat=0
split_feature=17 22 20 10 61 69 29 30 66 32 2
split_gain=2.49665 3.11859 2.79482 2.74842 2.39864 2.2908 6.38004 5.81019 2.3636 6.51235 2.31697
threshold=1.2428609728813174 2.3180040121078496 6.7722225189208993 2.3353749513626103 1.0000000180025095e-35 36.750000000000007 1.0000000180025095e-35 2.2240124940872197 -0.022426406852900978 0.77267900109291088 3.5000000000000004
decision_type=2 2 2 2 2 2 2 2 2 2 2
left_child=5 -2 4 -4 -3 8 -7 -8 9 -1 -10
right_child=1 2 3 -5 -6 6 7 -9 10 -11 -12
leaf_value=1.400556229046355e-05 -0.0052057272222038563 -0.0021148124557933113 0.00035484832237918541 0.0032139863101096192 0.00045504515812988587 -0.0069634081910843436 0.0013007768292177784 -0.001827399142372634 0.0002345649667961663 0.00042596707081418722 -1.3119376432749208e-05
leaf_weight=63848 30 120 198 229 2603 52 320 453 12102 14959 831755
leaf_count=63848 30 120 198 229 2603 52 320 453 12102 14959 831755
internal_value=2.64689e-12 0.000497106 0.000551418 0.0018882 0.000341794 -1.71176e-06 -0.00093777 -0.000532423 -8.74786e-07 9.22033e-05 -9.56726e-06
internal_weight=926669 3180 3150 427 2723 923489 825 773 922664 78807 843857
internal_count=926669 3180 3150 427 2723 923489 825 773 922664 78807 843857
is_linear=0
shrinkage=0.0177717


Tree=29
num_leaves=13
num_cat=0
split_feature=36 68 60 17 4 69 28 28 63 69 65 30
split_gain=2.46741 3.58371 2.71695 2.78887 2.57038 3.05064 11.0164 2.81278 2.22793 2.15524 1.57635 1.25367
threshold=1.0000000180025095e-35 -0.038667576387524598 1.0000000180025095e-35 0.38907550275325781 82.333332061767592 36.750000000000007 11.596195220947267 10.868506431579592 1.0000000180025095e-35 0.86607143282890331 0.03951575234532357 1.4547780156135561
decision_type=2 2 2 2 2 2 2 2 2 2 2 2
left_child=4 2 3 -2 5 8 -7 -6 -1 11 -11 -3
right_child=1 9 -4 -5 7 6 -8 -9 -10 10 -12 -13
leaf_value=0.00024800947286281113 0.00022625461814998799 0.0030112856322051518 -0.0041000080280507124 0.00087018325843029915 0.006000759571172745 -9.1563260709848964e-05 -0.0064244998855791354 8.0132239080082904e-05 -1.5633816320334437e-05 2.7438413184992962e-05 -0.00047885614422345918 0.000339699133939131
leaf_weight=10259 14297 56 44 2495 47 441 108 55 766301 124665 1973 5928
leaf_count=10259 14297 56 44 2495 47 441 108 55 766301 124665 1973 5928
internal_value=2.06134e-12 6.613e-05 0.000310375 0.000321931 -1.27168e-05 -1.30871e-05 -0.00133739 0.00280826 -1.21509e-05 3.51238e-05 1.95504e-05 0.000364701
internal_weight=926669 149458 16836 16792 777211 777109 549 102 776560 132622 126638 5984
internal_count=926669 149458 16836 16792 777211 777109 549 102 776560 132622 126638 5984
is_linear=0
shrinkage=0.0177717


Tree=30
num_leaves=16
num_cat=0
split_feature=32 63 29 26 27 60 2 1 30 29 72 2 25 35 2
split_gain=2.38615 14.1981 12.1594 7.49284 7.29243 5.68035 16.9541 4.7795 15.6153 12.4788 4.38439 4.34551 2.16957 2.4637 1.22206
threshold=0.77267900109291088 1.0000000180025095e-35 1.0000000180025095e-35 65.000000000000014 0.80645248293876659 1.0000000180025095e-35 360.50000000000006 3.5000000000000004 0.87409400939941417 1.3323209881782534 1.0000000180025095e-35 1.5000000000000002 2.8617925643920903 0.12140300124883653 1.0000000180025095e-35
decision_type=2 2 2 2 2 2 2 2 2 2 2 2 2 2 2
left_child=7 2 3 -2 -4 11 -7 8 10 -10 -1 -3 14 -14 -9
right_child=1 5 4 -5 -6 6 -8 12 9 -11 -12 -13 13 -15 -16
leaf_value=-0.0016647898890687037 -3.8946582065715867e-05 -0.00056296686134524733 -0.0043634670404288515 0.0033912951816017726 0.00065361309305494975 0.0041427023716161223 -0.014598236813276962 -0.0018734444900873866 1.3006831537225963e-05 -0.0054690575735116837 -0.0085083266431135226 6.6726080363055577e-05 -0.00036300970519017369 7.8014819100920516e-05 -1.6913342873115536e-05
leaf_weight=2049 257 3594 95 925 2485 30 31 112 9392 133 30 93771 4138 120460 689167
leaf_count=2049 257 3594 95 925 2485 30 31 112 9392 133 30 93771 4138 120460 689167
internal_value=7.24527e-13 8.14528e-05 0.00115275 0.00264546 0.000468876 4.00859e-05 -0.00538138 -9.98453e-06 -0.000368117 -6.35406e-05 -0.00176354 4.34824e-05 -4.87839e-06 6.3368e-05 -1.7215e-05
internal_weight=926669 101188 3762 1182 2580 97426 61 825481 11604 9525 2079 97365 813877 124598 689279
internal_count=926669 101188 3762 1182 2580 97426 61 825481 11604 9525 2079 97365 813877 124598 689279
is_linear=0
shrinkage=0.0177717


Tree=31
num_leaves=14
num_cat=0
split_feature=17 70 34 32 4 3 69 29 30 66 32 2 25
split_gain=2.37169 3.08632 4.21015 2.91229 2.63409 2.77705 2.11889 6.16478 5.59556 2.22434 6.09371 2.22173 1.52126
threshold=1.2428609728813174 0.16527522355318072 0.12182600423693658 0.99794700741767894 57.589284896850593 6.1014387607574472 36.750000000000007 1.0000000180025095e-35 2.2240124940872197 -0.022426406852900978 0.77267900109291088 3.5000000000000004 4.4005842208862314
decision_type=2 2 2 2 2 2 2 2 2 2 2 2 2
left_child=6 4 -3 -4 12 -6 9 -8 -9 10 -1 -11 -2
right_child=1 2 3 -5 5 -7 7 8 -10 11 -12 -13 -14
leaf_value=1.3788447901383106e-05 0.0029438562175029934 -0.0057558122159479643 0.00020817268424371769 -0.0045913872289475516 0.0061476412337022274 0.00089154096044519182 -0.0068250318789162875 0.001295552518120737 -0.0017743016407682328 0.00022976628351974973 0.00041228863490536257 -1.2774273969235673e-05 0.00067175502736720736
leaf_weight=63848 100 40 1529 41 63 64 52 320 453 12102 14959 831755 1343
leaf_count=63848 100 40 1529 41 63 64 52 320 453 12102 14959 831755 1343
internal_value=1.77597e-12 0.000484506 -6.22257e-05 8.28339e-05 0.00104517 0.0034989 -1.66838e-06 -0.000901919 -0.000503469 -8.63417e-07 8.9431e-05 -9.29593e-06 0.000829212
internal_weight=926669 3180 1610 1570 1570 127 923489 825 773 922664 78807 843857 1443
internal_count=926669 3180 1610 1570 1570 127 923489 825 773 922664 78807 843857 1443
is_linear=0
shrinkage=0.0177717


Tree=32
num_leaves=13
num_cat=0
split_feature=36 68 60 17 4 69 10 28 12 69 12 30
split_gain=2.34902 3.42425 2.58511 2.66366 2.45865 2.85793 10.7751 2.71609 2.2136 2.04293 1.5255 1.20979
threshold=1.0000000180025095e-35 -0.038667576387524598 1.0000000180025095e-35 0.38907550275325781 82.333332061767592 36.750000000000007 3.3364613056182866 10.868506431579592 40.160715103149421 0.86607143282890331 24.828571319580082 1.4547780156135561
decision_type=2 2 2 2 2 2 2 2 2 2 2 2
left_child=4 2 3 -2 5 8 -7 -6 -1 11 -11 -3
right_child=1 9 -4 -5 7 6 -8 -9 -10 10 -12 -13
leaf_value=-1.1579064908221171e-05 0.00022104152446412664 0.0029549501147663054 -0.0039987741997780137 0.00085034961981401828 0.0058837246777962461 -0.00057796023333897887 -0.0099449158481349671 6.5747716420339386e-05 -0.0031720368220546405 1.4691871530189026e-05 0.00089138642494040576 0.00033052991952576503
leaf_weight=776490 14297 56 44 2495 47 507 42 55 70 126008 630 5928
leaf_count=776490 14297 56 44 2495 47 507 42 55 70 126008 630 5928
internal_value=5.06092e-13 6.4524e-05 0.000303273 0.000314546 -1.2408e-05 -1.27701e-05 -0.00129456 0.00274658 -1.1864e-05 3.42155e-05 1.90533e-05 0.00035509
internal_weight=926669 149458 16836 16792 777211 777109 549 102 776560 132622 126638 5984
internal_count=926669 149458 16836 16792 777211 777109 549 102 776560 132622 126638 5984
is_linear=0
shrinkage=0.0177717


Tree=33
num_leaves=14
num_cat=0
split_feature=36 68 69 34 29 72 29 35 32 4 69 65 8
split_gain=2.26627 3.30362 2.49457 5.40068 2.77897 2.45122 6.24484 3.29274 3.25488 2.8611 1.97096 1.52244 1.19675
threshold=1.0000000180025095e-35 -0.038667576387524598 0.99693721532821666 0.66230899095535289 1.0206965208053591 29.047111511230472 1.0000000180025095e-35 0.21970649808645251 0.99873849749565136 29.522727966308597 0.86607143282890331 0.03951575234532357 4.7303030490875253
decision_type=2 2 2 2 2 2 2 2 2 2 2 2 2
left_child=5 2 4 -4 -2 8 -7 -8 9 -1 12 -12 -3
right_child=1 10 3 -5 -6 6 7 -9 -10 -11 11 -13 -14
leaf_value=-1.2332094665256065e-05 0.0007192978608152621 0.00024158744201965236 5.8675722827796427e-05 -0.0067510361630707186 0.00013665542539281615 0.0080803550343489117 -0.0023552960515296653 0.00055185234849280008 0.0045661189249437692 -0.00058267174225535786 2.6466569642309909e-05 -0.00047109458361257539 0.00093804451942013556
leaf_weight=771543 5937 5063 6282 37 4580 34 129 2668 49 2788 124665 1973 921
leaf_count=771543 5937 5063 6282 37 4580 34 129 2668 49 2788 124665 1973 921
internal_value=-2.20688e-12 6.33773e-05 0.000297883 1.88024e-05 0.000465566 -1.21875e-05 0.000509799 0.000417772 -1.40958e-05 -1.43856e-05 3.36074e-05 1.87146e-05 0.000348779
internal_weight=926669 149458 16836 6319 10517 777211 2831 2797 774380 774331 132622 126638 5984
internal_count=926669 149458 16836 6319 10517 777211 2831 2797 774380 774331 132622 126638 5984
is_linear=0
shrinkage=0.0177717


Tree=34
num_leaves=12
num_cat=0
split_feature=17 22 20 10 61 69 29 30 66 32 2
split_gain=2.22861 3.01022 2.65271 2.57081 2.31571 1.97577 5.92147 5.41043 2.07561 5.84723 2.12856
threshold=1.2428609728813174 2.3180040121078496 6.7722225189208993 2.3353749513626103 1.0000000180025095e-35 36.750000000000007 1.0000000180025095e-35 2.2240124940872197 -0.022426406852900978 0.77267900109291088 1.0000000180025095e-35
decision_type=2 2 2 2 2 2 2 2 2 2 2
left_child=5 -2 4 -4 -3 8 -7 -8 9 -1 -10
right_child=1 2 3 -5 -6 6 7 -9 10 -11 -12
leaf_value=1.2286441888837203e-05 -0.0051332027540153353 -0.0020949667176154234 0.00034239705429841563 0.0031076109496157101 0.00043007521141950287 -0.0066759832828171281 0.0012885855974573124 -0.001730057464737282 0.002497432650897195 0.0004026441453304249 -9.3035299494940007e-06
leaf_weight=63848 30 120 198 229 2603 52 320 453 107 14959 843750
leaf_count=63848 30 120 198 229 2603 52 320 453 107 14959 843750
internal_value=1.99665e-12 0.000469664 0.000523025 0.00182538 0.000318799 -1.61727e-06 -0.000870933 -0.000480425 -8.39969e-07 8.63834e-05 -8.98568e-06
internal_weight=926669 3180 3150 427 2723 923489 825 773 922664 78807 843857
internal_count=926669 3180 3150 427 2723 923489 825 773 922664 78807 843857
is_linear=0
shrinkage=0.0177717


Tree=35
num_leaves=13
num_cat=0
split_feature=36 68 60 17 72 30 32 35 4 69 65 30
split_gain=2.17831 3.15935 2.48488 2.55204 2.35271 6.21577 3.14051 3.10699 2.76533 1.88947 1.47094 1.16996
threshold=1.0000000180025095e-35 -0.038667576387524598 1.0000000180025095e-35 0.38907550275325781 29.047111511230472 2.4321665763854985 0.99873849749565136 0.21970649808645251 29.522727966308597 0.86607143282890331 0.03951575234532357 1.4547780156135561
decision_type=2 2 2 2 2 2 2 2 2 2 2 2
left_child=4 2 3 -2 6 -6 8 -7 -1 11 -11 -3
right_child=1 9 -4 -5 5 7 -8 -9 -10 10 -12 -13
leaf_value=-1.2084010407232647e-05 0.00021099143884401438 0.0028983073922919109 -0.0039263617444493561 0.00082697296173260516 0.0063614318381813575 -0.0024159710703254953 0.0044852058693879851 0.00050756806301604541 -0.00057279716883197151 2.6060628994944208e-05 -0.00046301229831690487 0.0003174581630245947
leaf_weight=771543 14297 56 44 2495 56 120 49 2655 2788 124665 1973 5928
leaf_count=771543 14297 56 44 2495 56 120 49 2655 2788 124665 1973 5928
internal_value=4.61702e-12 6.21352e-05 0.000291464 0.000302516 -1.19486e-05 0.000499441 -1.38182e-05 0.000381145 -1.41029e-05 3.30226e-05 1.8441e-05 0.00034161
internal_weight=926669 149458 16836 16792 777211 2831 774380 2775 774331 132622 126638 5984
internal_count=926669 149458 16836 16792 777211 2831 774380 2775 774331 132622 126638 5984
is_linear=0
shrinkage=0.0177717


Tree=36
num_leaves=15
num_cat=0
split_feature=27 63 30 29 2 66 72 60 2 29 30 66 5 12
split_gain=2.1321 7.62821 8.89756 13.0235 7.48514 7.09642 6.24962 4.5222 2.6684 52.0297 24.2236 1.21877 1.51805 0.962475
threshold=0.53093749284744274 1.0000000180025095e-35 0.92866650223732006 1.0000000180025095e-35 1.5000000000000002 -0.013877217192202805 0.74674996733665477 1.0000000180025095e-35 1.0000000180025095e-35 1.3323209881782534 1.0965619683265688 -0.014412657357752321 1.0000000180025095e-35 24.828571319580082
decision_type=2 2 2 2 2 2 2 2 2 2 2 2 2 2
left_child=8 2 6 -4 5 -3 -2 -6 9 10 -1 12 -10 -13
right_child=1 4 3 -5 7 -7 -8 -9 11 -11 -12 13 -14 -15
leaf_value=-0.0019788154066153105 -0.00068620777295937835 -0.00098001417133234585 0.0023794986379922522 0.00040376281012008663 3.5238775724333317e-05 0.0003691863997860443 -0.0089283882812674509 -0.0028142012501674251 3.7873649714214739e-06 -0.020390713011102003 0.00081483907334799915 -2.7144961872581177e-05 0.00021755499134464411 0.00070035715667941595
leaf_weight=1604 923 4333 1421 4077 344453 1720 30 176 37173 41 2521 513004 14618 575
leaf_count=1604 923 4333 1421 4077 344453 1720 30 176 37173 41 2521 513004 14618 575
internal_value=-3.23657e-12 3.40422e-05 0.00063962 0.000914407 2.29022e-05 -0.00059663 -0.000945668 3.37836e-05 -2.13465e-05 -0.000469474 -0.000271469 -1.80444e-05 6.41232e-05 -2.63305e-05
internal_weight=926669 357133 6451 5498 350682 6053 953 344629 569536 4166 4125 565370 51791 513579
internal_count=926669 357133 6451 5498 350682 6053 953 344629 569536 4166 4125 565370 51791 513579
is_linear=0
shrinkage=0.0177717


Tree=37
num_leaves=14
num_cat=0
split_feature=17 70 34 54 4 3 69 29 30 66 30 2 25
split_gain=2.11703 2.92698 4.04683 2.87224 2.46103 2.67667 1.90908 5.70247 5.2168 1.95913 5.57988 2.04683 1.49266
threshold=1.2428609728813174 0.16527522355318072 0.12182600423693658 1.0000000180025095e-35 57.589284896850593 6.1014387607574472 36.750000000000007 1.0000000180025095e-35 2.2240124940872197 -0.022426406852900978 0.97712150216102611 3.5000000000000004 4.4005842208862314
decision_type=2 2 2 2 2 2 2 2 2 2 2 2 2
left_child=6 4 -3 -4 12 -6 9 -8 -9 10 -1 -11 -2
right_child=1 2 3 -5 5 -7 7 8 -10 11 -12 -13 -14
leaf_value=-0.00034016429652485941 0.0028896819009404766 -0.0056567340822286242 0.00019960439554632167 -0.0043077181063180614 0.0059759399641568936 0.00081570420081724391 -0.0065527851000201807 0.0012641911054762801 -0.0016999440225244863 0.00022073333604823874 0.00013665877174145666 -1.2064673888243385e-05 0.00063904106331373264
leaf_weight=8715 100 40 1524 46 63 64 52 320 453 12102 70092 831755 1343
leaf_count=8715 100 40 1524 46 63 64 52 320 453 12102 70092 831755 1343
internal_value=8.64739e-13 0.000457755 -7.46753e-05 6.75427e-05 0.00100375 0.00337551 -1.57626e-06 -0.000856095 -0.000472876 -8.12195e-07 8.39285e-05 -8.72605e-06 0.000795011
internal_weight=926669 3180 1610 1570 1570 127 923489 825 773 922664 78807 843857 1443
internal_count=926669 3180 1610 1570 1570 127 923489 825 773 922664 78807 843857 1443
is_linear=0
shrinkage=0.0177717


Tree=38
num_leaves=8
num_cat=0
split_feature=8 72 29 3 32 2 32
split_gain=2.10774 2.25928 5.74251 3.17064 2.41931 5.38961 2.90839
threshold=31.500000000000004 30.102498054504398 1.0000000180025095e-35 5.2230513095855722 0.99873849749565136 13.500000000000002 0.99794700741767894
decision_type=2 2 2 2 2 2 2
left_child=1 4 -3 -4 6 -6 -1
right_child=-2 2 3 -5 5 -7 -8
leaf_value=-1.8045799974603114e-06 -0.0043001082668870467 0.0065979237084394654 -0.0014151770146150191 0.00039238676374054346 0.0086231895747484553 -0.0016128844098562771 -0.001926621100809573
leaf_weight=920278 36 46 324 5672 32 33 248
leaf_count=920278 36 46 324 5672 32 33 248
internal_value=5.83967e-13 1.67061e-07 0.000342702 0.000294713 -2.08105e-06 0.00342641 -2.32315e-06
internal_weight=926669 926633 6042 5996 920591 65 920526
internal_count=926669 926633 6042 5996 920591 65 920526
is_linear=0
shrinkage=0.0177717


Tree=39
num_leaves=14
num_cat=0
split_feature=36 68 69 34 29 4 69 28 28 12 69 65 30
split_gain=2.06828 2.98128 2.37537 5.19038 2.67145 2.34175 2.64865 10.5796 2.59931 2.12878 1.78197 1.42708 1.12915
threshold=1.0000000180025095e-35 -0.038667576387524598 0.99693721532821666 0.66230899095535289 1.0206965208053591 82.333332061767592 36.750000000000007 11.596195220947267 10.868506431579592 40.160715103149421 0.86607143282890331 0.03951575234532357 1.4547780156135561
decision_type=2 2 2 2 2 2 2 2 2 2 2 2 2
left_child=5 2 4 -4 -2 6 9 -8 -7 -1 12 -12 -3
right_child=1 10 3 -5 -6 8 7 -9 -10 -11 11 -13 -14
leaf_value=-1.0844608794047833e-05 0.00069571964672678315 0.0028436636802180132 5.0074868110100354e-05 -0.0066257401444917482 0.00012445972384811623 0.0057499220553254154 -2.5087163011565657e-05 -0.0062311921719633342 5.838967976556562e-05 -0.0031101619437002557 2.5609780273726861e-05 -0.0004561175025212332 0.00030821825896360698
leaf_weight=776490 5937 56 6282 37 4580 47 441 108 55 70 124665 1973 5928
leaf_count=776490 5937 56 6282 37 4580 47 441 108 55 70 124665 1973 5928
internal_value=1.51243e-12 6.05456e-05 0.000283317 1.09856e-05 0.000446944 -1.16429e-05 -1.19964e-05 -0.00124596 0.00268096 -1.1124e-05 3.22653e-05 1.81045e-05 0.000331946
internal_weight=926669 149458 16836 6319 10517 777211 777109 549 102 776560 132622 126638 5984
internal_count=926669 149458 16836 6319 10517 777211 777109 549 102 776560 132622 126638 5984
is_linear=0
shrinkage=0.0177717


Tree=40
num_leaves=8
num_cat=0
split_feature=8 72 29 3 32 2 32
split_gain=2.03834 2.16528 5.52397 3.06052 2.33888 5.20664 2.80734
threshold=31.500000000000004 30.102498054504398 1.0000000180025095e-35 5.2230513095855722 0.99873849749565136 13.500000000000002 0.99794700741767894
decision_type=2 2 2 2 2 2 2
left_child=1 4 -3 -4 6 -6 -1
right_child=-2 2 3 -5 5 -7 -8
leaf_value=-1.7651191915161506e-06 -0.0042287229975809353 0.0064705363524642009 -0.0013915040644006454 0.00038439331709491366 0.0084767990008515152 -0.0015840320525609606 -0.0018928465154141273
leaf_weight=920278 36 46 324 5672 32 33 248
leaf_count=920278 36 46 324 5672 32 33 248
internal_value=4.71729e-13 1.64288e-07 0.000335498 0.000288431 -2.03656e-06 0.00336899 -2.2746e-06
internal_weight=926669 926633 6042 5996 920591 65 920526
internal_count=926669 926633 6042 5996 920591 65 920526
is_linear=0
shrinkage=0.0177717


Tree=41
num_leaves=15
num_cat=0
split_feature=27 63 30 74 2 66 72 65 2 29 30 15 21 71
split_gain=2.01685 7.35135 8.50757 12.7822 7.25947 6.85124 6.02947 4.44511 2.56393 50.1928 23.2436 1.13397 1.29567 0.97314
threshold=0.53093749284744274 1.0000000180025095e-35 0.92866650223732006 1.5000000000000002 1.5000000000000002 -0.013877217192202805 0.74674996733665477 0.076217234134674086 1.0000000180025095e-35 1.3323209881782534 1.0965619683265688 4.7274799346923837 9.7516632080078143 4.7292296886444101
decision_type=2 2 2 2 2 2 2 2 2 2 2 2 2 2
left_child=8 2 6 -4 5 -3 -2 -6 9 10 -1 13 -13 -10
right_child=1 4 3 -5 7 -7 -8 -9 11 -11 -12 12 -14 -15
leaf_value=-0.0019380038464354989 -0.00066771112359208533 -0.00096465161805732609 0.0022626450620531198 0.00035889412155049765 2.0571173607793197e-05 0.00036103688627950353 -0.0087634137089374915 0.00036359360480924717 -2.2730409855664884e-05 -0.020026446847405534 0.00079855660558559118 0.00053800064462935181 6.6973544612300323e-05 0.00045272246518109939
leaf_weight=1604 923 4333 1552 3946 332253 1720 30 12376 549874 41 2521 2181 11952 1363
leaf_count=1604 923 4333 1552 3946 332253 1720 30 12376 549874 41 2521 2181 11952 1363
internal_value=3.66609e-12 3.31093e-05 0.000627596 0.000896293 2.21734e-05 -0.000587948 -0.00092256 3.28895e-05 -2.07615e-05 -0.000460029 -0.000265551 -1.75247e-05 0.000139662 -2.15548e-05
internal_weight=926669 357133 6451 5498 350682 6053 953 344629 569536 4166 4125 565370 14133 551237
internal_count=926669 357133 6451 5498 350682 6053 953 344629 569536 4166 4125 565370 14133 551237
is_linear=0
shrinkage=0.0177717


Tree=42
num_leaves=12
num_cat=0
split_feature=17 22 29 8 70 69 29 30 66 32 2
split_gain=1.98713 2.89837 2.51696 3.76651 2.13581 1.77844 5.50398 5.00149 1.84158 5.41303 2.02351
threshold=1.2428609728813174 2.3180040121078496 0.65051501989364635 5.6132481098175058 0.16589163243770602 36.750000000000007 1.0000000180025095e-35 2.2240124940872197 -0.022426406852900978 0.77267900109291088 1.0000000180025095e-35
decision_type=2 2 2 2 2 2 2 2 2 2 2
left_child=5 -2 3 -3 -4 8 -7 -8 9 -1 -10
right_child=1 2 4 -5 -6 6 7 -9 10 -11 -12
leaf_value=1.0076663638870899e-05 -0.0050542983173850727 0.00020645491399738262 0.00082715335131750673 0.0029024167240954972 -0.00022128306001159299 -0.0064229612340707901 0.0012510429503339415 -0.0016512788743616757 0.0024353241404941168 0.0003856613229128168 -8.7723526843275366e-06
leaf_weight=63848 30 348 1092 309 1401 52 320 453 107 14959 843750
leaf_count=63848 30 348 1092 309 1401 52 320 453 107 14959 843750
internal_value=-2.04409e-12 0.00044349 0.00049585 0.00147442 0.00023796 -1.52714e-06 -0.00082629 -0.0004498 -7.89681e-07 8.13695e-05 -8.46244e-06
internal_weight=926669 3180 3150 657 2493 923489 825 773 922664 78807 843857
internal_count=926669 3180 3150 657 2493 923489 825 773 922664 78807 843857
is_linear=0
shrinkage=0.0177717


Tree=43
num_leaves=7
num_cat=0
split_feature=8 72 48 32 41 32
split_gain=1.97622 2.06877 5.9939 3.69382 2.34368 2.00403
threshold=31.500000000000004 26.103064537048343 1.0000000180025095e-35 0.99873849749565136 1.0000000180025095e-35 0.99823999404907238
decision_type=2 2 2 2 2 2
left_child=1 3 4 5 -3 -1
right_child=-2 2 -4 -5 -6 -7
leaf_value=-3.1061927090844171e-06 -0.004163782069172485 0.00025477201359022325 0.0071767536683412384 0.0047334110114216179 -0.00080602317179972235 -0.0032785510818880239
leaf_weight=913177 36 12612 39 52 694 59
leaf_count=913177 36 12612 39 52 694 59
internal_value=9.84176e-13 1.61765e-07 0.000219835 -3.04811e-06 0.000199444 -3.3178e-06
internal_weight=926669 926633 13345 913288 13306 913236
internal_count=926669 926633 13345 913288 13306 913236
is_linear=0
shrinkage=0.0177717


Tree=44
num_leaves=14
num_cat=0
split_feature=36 68 60 17 4 69 10 21 12 69 1 8 1
split_gain=1.95864 2.82403 2.34989 2.41131 2.26827 2.50674 10.3669 2.49538 2.05579 1.69354 1.4095 1.09554 0.353364
threshold=1.0000000180025095e-35 -0.038667576387524598 1.0000000180025095e-35 0.38907550275325781 82.333332061767592 36.750000000000007 3.3364613056182866 11.024647235870363 40.160715103149421 0.86607143282890331 6.5000000000000009 4.7303030490875253 138.50000000000003
decision_type=2 2 2 2 2 2 2 2 2 2 2 2 2
left_child=4 2 3 -2 5 8 -7 -6 -1 11 -11 -3 -9
right_child=1 9 -4 -5 7 6 -8 12 -10 10 -12 -13 -14
leaf_value=-1.0554742793068152e-05 0.00019751883096127715 0.0002209859496492759 -0.0038259205405974162 0.0007962753225735932 0.0064024193835070806 -0.00050923842949736277 -0.009697046723348781 -0.00067581072579795277 -0.0030562772124450282 -0.0029959779444326635 1.8756135005134813e-05 0.00088734179942499261 0.0019261391413072269
leaf_weight=776490 14297 5063 44 2495 36 507 42 34 70 49 126589 921 32
leaf_count=776490 14297 5063 44 2495 36 507 42 34 70 49 126589 921 32
internal_value=-1.3265e-12 5.89189e-05 0.000275736 0.000286484 -1.13301e-05 -1.1678e-05 -0.00121213 0.00263869 -1.08293e-05 3.13946e-05 1.75896e-05 0.000323545 0.000585741
internal_weight=926669 149458 16836 16792 777211 777109 549 102 776560 132622 126638 5984 66
internal_count=926669 149458 16836 16792 777211 777109 549 102 776560 132622 126638 5984 66
is_linear=0
shrinkage=0.0177717


Tree=45
num_leaves=9
num_cat=0
split_feature=8 71 10 22 30 69 71 27
split_gain=1.91249 1.98515 4.05112 14.298 5.63525 3.29505 17.4537 1.78401
threshold=31.500000000000004 4.7292296886444101 3.5409667491912846 7.1253302097320566 1.9216784834861758 36.750000000000007 4.1207323074340829 0.53093749284744274
decision_type=2 2 2 2 2 2 2 2
left_child=1 5 4 -4 -3 7 -7 -1
right_child=-2 2 3 -5 -6 6 -8 -9
leaf_value=-2.1357949880679171e-05 -0.0040960986803925325 0.006955525041317104 -0.0070000258408126461 -0.00014362628486502883 0.00035351996798089732 -0.00057254167709272811 -0.013245133756902477 2.9823115008532089e-05
leaf_weight=566383 36 41 100 2438 10086 738 36 346811
leaf_count=566383 36 41 100 2438 10086 738 36 346811
internal_value=-6.0771e-14 1.59135e-07 0.00022113 -0.000413776 0.000380249 -2.9029e-06 -0.00116196 -1.92051e-06
internal_weight=926669 926633 12665 2538 10127 913968 774 913194
internal_count=926669 926633 12665 2538 10127 913968 774 913194
is_linear=0
shrinkage=0.0177717


Tree=46
num_leaves=13
num_cat=0
split_feature=36 68 60 17 4 28 69 28 12 69 12 30
split_gain=1.87965 2.72309 2.26754 2.31951 2.20848 2.4093 2.34761 10.1874 1.98422 1.62375 1.39778 1.09325
threshold=1.0000000180025095e-35 -0.038667576387524598 1.0000000180025095e-35 0.38907550275325781 82.333332061767592 10.868506431579592 36.750000000000007 11.596195220947267 40.160715103149421 0.86607143282890331 24.828571319580082 1.4547780156135561
decision_type=2 2 2 2 2 2 2 2 2 2 2 2
left_child=4 2 3 -2 6 -6 8 -8 -1 11 -11 -3
right_child=1 9 -4 -5 5 -7 7 -9 -10 10 -12 -13
leaf_value=-1.0351514385072549e-05 0.00019392830349852154 0.0027882222330908018 -0.0037585189152524066 0.00078117669887736089 0.0055584235247834379 7.8865098345247715e-05 2.4861160561935764e-05 -0.0060651225918607644 -0.0030025856934635942 1.2998366914960891e-05 0.00085219315510571842 0.00029341110910787778
leaf_weight=776490 14297 56 44 2495 47 55 441 108 70 126008 630 5928
leaf_count=776490 14297 56 44 2495 47 55 441 108 70 126008 630 5928
internal_value=1.08656e-12 5.77187e-05 0.000270626 0.000281183 -1.10993e-05 0.00260376 -1.14425e-05 -0.00117317 -1.06212e-05 3.06907e-05 1.71732e-05 0.000316758
internal_weight=926669 149458 16836 16792 777211 102 777109 549 776560 132622 126638 5984
internal_count=926669 149458 16836 16792 777211 102 777109 549 776560 132622 126638 5984
is_linear=0
shrinkage=0.0177717


Tree=47
num_leaves=8
num_cat=0
split_feature=8 72 29 3 32 2 32
split_gain=1.85309 1.92101 5.257 2.95524 2.17257 5.02549 2.68741
threshold=31.500000000000004 30.102498054504398 1.0000000180025095e-35 5.2230513095855722 0.99873849749565136 13.500000000000002 0.99794700741767894
decision_type=2 2 2 2 2 2 2
left_child=1 4 -3 -4 6 -6 -1
right_child=-2 2 3 -5 5 -7 -8
leaf_value=-1.6472855400492081e-06 -0.0040319869461330933 0.0063009634748981422 -0.0013806940953423573 0.00036439106661419993 0.0082652066452752367 -0.0016190478224874278 -0.0018518944426113219
leaf_weight=920278 36 46 324 5672 32 33 248
leaf_count=920278 36 46 324 5672 32 33 248
internal_value=1.73011e-12 1.56646e-07 0.000316009 0.000270094 -1.91635e-06 0.00324705 -2.14576e-06
internal_weight=926669 926633 6042 5996 920591 65 920526
internal_count=926669 926633 6042 5996 920591 65 920526
is_linear=0
shrinkage=0.0177717


Tree=48
num_leaves=12
num_cat=0
split_feature=17 22 20 69 61 63 29 30 2 1 66
split_gain=1.82179 2.78266 2.44198 2.393 2.22467 1.71152 70.3499 31.1631 6.89716 10.2664 2.0077
threshold=1.2428609728813174 2.3180040121078496 6.7722225189208993 1.0013736486434939 1.0000000180025095e-35 1.0000000180025095e-35 1.3323209881782534 0.92866650223732006 1.0000000180025095e-35 356.50000000000006 -0.022426406852900978
decision_type=2 2 2 2 2 2 2 2 2 2 2
left_child=5 -2 4 -4 -3 6 7 -1 9 -7 -10
right_child=1 2 3 -5 -6 8 -8 -9 10 -11 -12
leaf_value=-0.0014881139006277747 -0.0049622893911096359 -0.0020858443524037324 0.0013597762704512469 0.0065652381390010131 0.00038906405200566881 -0.00066313447112994073 -0.024234329780699868 0.00084917835378660995 9.3949987311675129e-05 -0.0086168370306591736 -8.287471867508365e-06
leaf_weight=2335 30 120 397 30 2603 3579 37 7888 65362 52 844236
leaf_count=2335 30 120 397 30 2603 3579 37 7888 65362 52 844236
internal_value=-2.24992e-12 0.000424639 0.000475943 0.0017255 0.000279997 -1.46223e-06 0.000226794 0.000315326 -4.02665e-06 -0.00077704 -9.40881e-07
internal_weight=926669 3180 3150 427 2723 923489 10260 10223 913229 3631 909598
internal_count=926669 3180 3150 427 2723 923489 10260 10223 913229 3631 909598
is_linear=0
shrinkage=0.0177717


Tree=49
num_leaves=15
num_cat=0
split_feature=27 63 30 20 13 2 66 60 1 29 30 66 11 12
split_gain=1.81303 6.82227 8.3549 11.2369 11.2288 6.85953 6.62779 4.29381 2.42712 51.21 22.3057 1.06821 1.44489 0.90432
threshold=0.53093749284744274 1.0000000180025095e-35 2.9649665355682377 2.7801934480667119 3.3307179212570195 1.5000000000000002 -0.013877217192202805 1.0000000180025095e-35 1.0000000180025095e-35 1.3323209881782534 1.0965619683265688 -0.014412657357752321 4.0689902305603036 24.828571319580082
decision_type=2 2 2 2 2 2 2 2 2 2 2 2 2 2
left_child=8 2 4 -4 -2 6 -3 -7 9 10 -1 12 -10 -13
right_child=1 5 3 -5 -6 7 -8 -9 11 -11 -12 13 -14 -15
leaf_value=-0.0018930401820510577 0.00060682280027959815 -0.00094272947366149708 0.01331013686168012 -0.00010462081017494796 -0.0069933505461602825 3.269143284337297e-05 0.0003611614168694762 -0.0027438633056648077 5.0462080305130065e-05 -0.020985254217147097 0.00080052174774023095 -2.5103915535260394e-05 0.00095019332077908526 0.00068007709471318517
leaf_weight=1600 6310 4333 38 41 62 344453 1720 176 51227 38 2470 513056 570 575
leaf_count=1600 6310 4333 38 41 62 344453 1720 176 51227 38 2470 513056 570 575
internal_value=-1.43191e-12 3.13918e-05 0.000604086 0.00634805 0.000532873 2.08568e-05 -0.00057222 3.12735e-05 -1.96845e-05 -0.000450101 -0.000258372 -1.65574e-05 6.03632e-05 -2.43145e-05
internal_weight=926669 357133 6451 79 6372 350682 6053 344629 569536 4108 4070 565428 51797 513631
internal_count=926669 357133 6451 79 6372 350682 6053 344629 569536 4108 4070 565428 51797 513631
is_linear=0
shrinkage=0.0177717


Tree=50
num_leaves=9
num_cat=0
split_feature=8 71 10 22 30 69 71 32
split_gain=1.79498 1.87645 3.88767 13.7725 5.4429 3.05219 16.758 1.65765
threshold=31.500000000000004 4.7292296886444101 3.5409667491912846 7.1253302097320566 1.9216784834861758 36.750000000000007 4.1207323074340829 0.77267900109291088
decision_type=2 2 2 2 2 2 2 2
left_child=1 5 4 -4 -3 7 -7 -1
right_child=-2 2 3 -5 -6 6 -8 -9
leaf_value=-1.0096411210216802e-05 -0.0039682561527093945 0.0068329502870134035 -0.0068710761430590562 -0.00014183622089668801 0.00034459694530011246 -0.00054079801973096935 -0.012958232499507933 6.7876499715746862e-05
leaf_weight=816935 36 41 100 2438 10086 738 36 96259
leaf_count=816935 36 41 100 2438 10086 738 36 96259
internal_value=1.28988e-12 1.54169e-07 0.00021499 -0.000406976 0.000370866 -2.82285e-06 -0.00111835 -1.87735e-06
internal_weight=926669 926633 12665 2538 10127 913968 774 913194
internal_count=926669 926633 12665 2538 10127 913968 774 913194
is_linear=0
shrinkage=0.0177717


Tree=51
num_leaves=15
num_cat=0
split_feature=36 68 69 34 29 4 21 69 10 12 69 65 30 1
split_gain=1.77982 2.57954 2.2428 5.00088 2.56231 2.15291 2.3037 2.14743 9.98425 1.92465 1.53575 1.39154 1.05579 0.342905
threshold=1.0000000180025095e-35 -0.038667576387524598 0.99693721532821666 0.66230899095535289 1.0206965208053591 82.333332061767592 11.024647235870363 36.750000000000007 3.3364613056182866 40.160715103149421 0.86607143282890331 0.03951575234532357 1.4547780156135561 138.50000000000003
decision_type=2 2 2 2 2 2 2 2 2 2 2 2 2 2
left_child=5 2 4 -4 -2 7 -7 9 -9 -1 12 -12 -3 -8
right_child=1 10 3 -5 -6 6 13 8 -10 -11 11 -13 -14 -15
leaf_value=-1.0088281772361041e-05 0.00066602006280983732 0.0027368214368247625 3.7130129750005111e-05 -0.006515682005175394 0.00010655137295979352 0.0061872466063438722 -0.00064431524457077402 -0.00043243254548044939 -0.0094490893175717822 -0.0029570641049140238 2.4124199060669337e-05 -0.00045156633993162477 0.00028512309670449134 0.001918839042913942
leaf_weight=776490 5937 56 6282 37 4580 36 34 507 42 70 124665 1973 5928 32
leaf_count=776490 5937 56 6282 37 4580 36 34 507 42 70 124665 1973 5928 32
internal_value=-2.12459e-13 5.6165e-05 0.000263384 -1.23892e-06 0.00042238 -1.08006e-05 0.00257095 -1.11394e-05 -0.00112223 -1.03539e-05 2.98591e-05 1.6713e-05 0.000308067 0.000598426
internal_weight=926669 149458 16836 6319 10517 777211 102 777109 549 776560 132622 126638 5984 66
internal_count=926669 149458 16836 6319 10517 777211 102 777109 549 776560 132622 126638 5984 66
is_linear=0
shrinkage=0.0177717


Tree=52
num_leaves=8
num_cat=0
split_feature=8 32 63 54 36 68 15
split_gain=1.73665 1.81373 4.15574 2.65742 1.54047 2.55447 1.68797
threshold=31.500000000000004 0.99588799476623546 1.0000000180025095e-35 1.0000000180025095e-35 1.0000000180025095e-35 -0.038667576387524598 5.9853553771972665
decision_type=2 2 2 2 2 2 2
left_child=1 4 -3 -4 6 -6 -1
right_child=-2 2 3 -5 5 -7 -8
leaf_value=-1.0909663866095707e-05 -0.0039032539470459236 0.0059074750737973239 0.00037351505633781125 -0.0018570390099291866 0.00026039392731275109 2.4861554369228543e-05 -0.00091554133367754747
leaf_weight=774018 36 42 4680 175 16364 130702 652
leaf_count=774018 36 42 4680 175 16364 130702 652
internal_value=-2.80815e-12 1.5164e-07 0.000341267 0.000293114 -1.66064e-06 5.10692e-05 -1.1671e-05
internal_weight=926669 926633 4897 4855 921736 147066 774670
internal_count=926669 926633 4897 4855 921736 147066 774670
is_linear=0
shrinkage=0.0177717


Tree=53
num_leaves=12
num_cat=0
split_feature=17 22 29 8 70 63 29 30 2 65 66
split_gain=1.71644 2.67438 2.40127 3.57042 2.03253 1.59189 66.6166 29.3594 6.43928 6.64014 2.87802
threshold=1.2428609728813174 2.3180040121078496 0.65051501989364635 5.6132481098175058 0.16589163243770602 1.0000000180025095e-35 1.3323209881782534 0.92866650223732006 1.5000000000000002 0.12073174864053728 -0.022426406852900978
decision_type=2 2 2 2 2 2 2 2 2 2 2
left_child=5 -2 3 -3 -4 6 7 -1 9 -7 -10
right_child=1 2 4 -5 -6 8 -8 -9 10 -11 -12
leaf_value=-0.0014456046900504472 -0.0048689069924048979 0.00018377216141337541 0.00078535112253186182 0.0028086185445103194 -0.00023742186634153462 0.00025536525470956596 -0.023584526789319299 0.00082303826368694652 0.00011494822600513371 -0.00094911931646915145 -8.6016984048659098e-06
leaf_weight=2335 30 348 1092 309 1401 2142 37 7888 64077 4446 842564
leaf_count=2335 30 348 1092 309 1401 2142 37 7888 64077 4446 842564
internal_value=-6.87729e-13 0.000412177 0.000462473 0.00141829 0.00021058 -1.41932e-06 0.000218715 0.000304865 -3.89249e-06 -0.000557497 1.30213e-07
internal_weight=926669 3180 3150 657 2493 923489 10260 10223 913229 6588 906641
internal_count=926669 3180 3150 657 2493 923489 10260 10223 913229 6588 906641
is_linear=0
shrinkage=0.0177717


Tree=54
num_leaves=15
num_cat=0
split_feature=27 63 30 13 12 2 66 60 1 29 30 9 41 66
split_gain=1.6973 6.38927 8.11024 10.8609 10.8301 6.37609 6.22768 4.14679 2.2971 48.1057 21.0158 1.0076 1.25181 0.847914
threshold=0.53093749284744274 1.0000000180025095e-35 2.9649665355682377 3.3307179212570195 8.2752523422241229 1.5000000000000002 -0.013877217192202805 1.0000000180025095e-35 1.0000000180025095e-35 1.3323209881782534 1.0965619683265688 5.4235370159149179 1.0000000180025095e-35 -0.010620540007948874
decision_type=2 2 2 2 2 2 2 2 2 2 2 2 2 2
left_child=8 2 3 -2 -4 6 -3 -7 9 10 -1 13 -13 -10
right_child=1 5 4 -5 -6 7 -8 -9 11 -11 -12 12 -14 -15
leaf_value=-0.0018386474619602651 0.00058716124047298137 -0.00091076969313323068 0.013813898308451891 -0.0068874747897486174 0.00052422459547763194 3.1614503067026607e-05 0.00035315162675552693 -0.0026969909631130553 4.4226324889961247e-05 -0.02034077409955683 0.00077587304448723437 0.00028179325524122959 -0.0012305713448904085 -2.5938876335618266e-05
leaf_weight=1600 6310 4333 34 62 45 344453 1720 176 61049 38 2470 5036 179 499164
leaf_count=1600 6310 4333 34 62 45 344453 1720 176 61049 38 2470 5036 179 499164
internal_value=1.77135e-12 3.03733e-05 0.000584596 0.000514433 0.00624383 2.01781e-05 -0.000551618 3.0221e-05 -1.90459e-05 -0.000437775 -0.000251948 -1.60037e-05 0.000229883 -1.82927e-05
internal_weight=926669 357133 6451 6372 79 350682 6053 344629 569536 4108 4070 565428 5215 560213
internal_count=926669 357133 6451 6372 79 350682 6053 344629 569536 4108 4070 565428 5215 560213
is_linear=0
shrinkage=0.0177717


Tree=55
num_leaves=9
num_cat=0
split_feature=8 71 10 22 30 69 71 27
split_gain=1.68428 1.78072 3.72366 13.2718 5.25741 2.89077 16.1721 1.53213
threshold=31.500000000000004 4.7292296886444101 3.5409667491912846 7.1253302097320566 1.9216784834861758 36.750000000000007 4.1207323074340829 0.53093749284744274
decision_type=2 2 2 2 2 2 2 2
left_child=1 5 4 -4 -3 7 -7 -1
right_child=-2 2 3 -5 -6 6 -8 -9
leaf_value=-1.9843652707909083e-05 -0.0038439456375093089 0.0067129997497743866 -0.0067447708790247538 -0.0001389962532497196 0.00033616893266697167 -0.00052101223669810616 -0.012719474374833581 2.7586827881762594e-05
leaf_weight=566383 36 41 100 2438 10086 738 36 346811
leaf_count=566383 36 41 100 2438 10086 738 36 346811
internal_value=5.96767e-13 1.49339e-07 0.000209434 -0.000399271 0.000361986 -2.75075e-06 -0.00108838 -1.8306e-06
internal_weight=926669 926633 12665 2538 10127 913968 774 913194
internal_count=926669 926633 12665 2538 10127 913968 774 913194
is_linear=0
shrinkage=0.0177717


Tree=56
num_leaves=14
num_cat=0
split_feature=17 70 34 32 4 3 25 63 29 30 2 65 66
split_gain=1.64276 2.58904 3.89868 2.76193 2.24321 2.41383 1.51139 1.48309 63.1086 27.6832 5.9948 6.25345 2.74277
threshold=1.2428609728813174 0.16527522355318072 0.12182600423693658 0.99794700741767894 57.589284896850593 6.1014387607574472 4.4005842208862314 1.0000000180025095e-35 1.3323209881782534 0.92866650223732006 1.5000000000000002 0.12073174864053728 -0.022426406852900978
decision_type=2 2 2 2 2 2 2 2 2 2 2 2 2
left_child=7 4 -3 -4 6 -6 -2 8 9 -1 11 -9 -12
right_child=1 2 3 -5 5 -7 -8 10 -10 -11 12 -13 -14
leaf_value=-0.0014048241893969643 0.0028252279952053067 -0.0055764467883193244 0.00016413331711170195 -0.0045098865336781393 0.0056505644852843156 0.00075024184489606014 0.00056050933542737158 0.00025090620538418417 -0.022956946099555883 0.00079810478611419273 0.00011219336285628594 -0.00091798000062781604 -8.4185618254093643e-06
leaf_weight=2335 100 40 1529 41 63 64 1343 2142 37 7888 64077 4446 842564
leaf_count=2335 100 40 1529 41 63 64 1343 2142 37 7888 64077 4446 842564
internal_value=2.76265e-12 0.000403234 -9.75176e-05 4.20729e-05 0.000916744 0.00318111 0.000717454 -1.38852e-06 0.00021109 0.000294941 -3.77568e-06 -0.000537932 1.05706e-07
internal_weight=926669 3180 1610 1570 1570 127 1443 923489 10260 10223 913229 6588 906641
internal_count=926669 3180 1610 1570 1570 127 1443 923489 10260 10223 913229 6588 906641
is_linear=0
shrinkage=0.0177717


Tree=57
num_leaves=9
num_cat=0
split_feature=8 71 10 22 30 69 71 32
split_gain=1.6299 1.71775 3.58923 12.8053 5.07351 2.79633 15.6078 1.48882
threshold=31.500000000000004 4.7292296886444101 3.5409667491912846 7.1253302097320566 1.9216784834861758 36.750000000000007 4.1207323074340829 0.77267900109291088
decision_type=2 2 2 2 2 2 2 2
left_child=1 5 4 -4 -3 7 -7 -1
right_child=-2 2 3 -5 -6 6 -8 -9
leaf_value=-9.5857050790547258e-06 -0.0037813846361342404 0.0065944192412934954 -0.0066248954201923926 -0.00013625983979674865 0.00033010883957381094 -0.00051306871871859797 -0.01249680120714031 6.4309802907232898e-05
leaf_weight=816935 36 41 100 2438 10086 738 36 96259
leaf_count=816935 36 41 100 2438 10086 738 36 96259
internal_value=-2.3224e-12 1.46906e-07 0.000205697 -0.000391919 0.00035547 -2.70144e-06 -0.00107045 -1.79644e-06
internal_weight=926669 926633 12665 2538 10127 913968 774 913194
internal_count=926669 926633 12665 2538 10127 913968 774 913194
is_linear=0
shrinkage=0.0177717


Tree=58
num_leaves=14
num_cat=0
split_feature=36 17 35 4 17 69 28 15 12 27 4 32 20
split_gain=1.60688 2.34684 3.15614 2.11154 2.20136 1.9602 9.83106 1.92105 1.8624 1.3047 3.95658 2.12591 0.27726
threshold=1.0000000180025095e-35 1.0000000180025095e-35 0.038242001086473472 82.333332061767592 0.81162449717521679 36.750000000000007 11.596195220947267 4.8521330356597909 40.160715103149421 0.98318150639534008 57.589284896850593 0.78983551263809215 11.982758522033693
decision_type=2 2 2 2 2 2 2 2 2 2 2 2 2
left_child=3 9 -3 5 12 8 -7 -4 -1 11 -11 -2 -5
right_child=1 2 7 4 -6 6 -8 -9 -10 10 -12 -13 -14
leaf_value=-9.5862364739102651e-06 2.1099117212186259e-05 0.0044816567577291811 0.00013341727969707915 -0.0007054457114681734 0.0058648493884904292 0.00010474406667639953 -0.0058777931246893804 0.00056722359320484522 -0.0029085115322136455 -0.00017055600094388851 -0.0040758623135146175 0.00035687302536350737 0.0016527970188351658
leaf_weight=776490 116244 55 16400 31 39 441 108 4013 70 6386 83 6277 32
leaf_count=776490 116244 55 16400 31 39 441 108 4013 70 6386 83 6277 32
internal_value=1.1637e-12 5.33667e-05 0.000230155 -1.02624e-05 0.00254657 -1.0598e-05 -0.00107215 0.000218699 -9.84755e-06 2.53141e-05 -0.000220663 3.83015e-05 0.000492392
internal_weight=926669 149458 20468 777211 102 777109 549 20413 776560 128990 6469 122521 63
internal_count=926669 149458 20468 777211 102 777109 549 20413 776560 128990 6469 122521 63
is_linear=0
shrinkage=0.0177717


Tree=59
num_leaves=8
num_cat=0
split_feature=8 32 63 54 36 68 15
split_gain=1.59983 1.66521 3.91273 2.55784 1.39184 2.37732 1.62962
threshold=31.500000000000004 0.99588799476623546 1.0000000180025095e-35 1.0000000180025095e-35 1.0000000180025095e-35 -0.038667576387524598 5.9853553771972665
decision_type=2 2 2 2 2 2 2
left_child=1 4 -3 -4 6 -6 -1
right_child=-2 2 3 -5 5 -7 -8
leaf_value=-1.0358072414497775e-05 -0.0037463439247329075 0.005728010161900777 0.00035915302724671462 -0.001829211047652816 0.00025046679488018953 2.3247946916937716e-05 -0.00089921502779319784
leaf_weight=774018 36 42 4680 175 16364 130702 652
leaf_count=774018 36 42 4680 175 16364 130702 652
internal_value=1.48575e-12 1.45548e-07 0.000326996 0.000280273 -1.59094e-06 4.85305e-05 -1.11062e-05
internal_weight=926669 926633 4897 4855 921736 147066 774670
internal_count=926669 926633 4897 4855 921736 147066 774670
is_linear=0
shrinkage=0.0177717


Tree=60
num_leaves=8
num_cat=0
split_feature=8 72 3 3 32 16 32
split_gain=1.54347 1.64339 5.24288 3.52419 2.06294 4.87759 2.63873
threshold=31.500000000000004 30.102498054504398 4.6959142684936532 5.0530509948730478 0.99873849749565136 1.728334963321686 0.99794700741767894
decision_type=2 2 2 2 2 2 2
left_child=1 4 -3 -4 6 -6 -1
right_child=-2 2 3 -5 5 -7 -8
leaf_value=-1.5040071477994048e-06 -0.0036797645297030855 0.0067872463021554147 -0.0024214983378469225 0.00031948928630825288 0.0084225023302890775 -0.0013430016658071209 -0.0018349177942718188
leaf_weight=920278 36 39 152 5851 30 35 248
leaf_count=920278 36 39 152 5851 30 35 248
internal_value=9.26129e-13 1.42961e-07 0.000292282 0.000250086 -1.7744e-06 0.00316415 -1.99795e-06
internal_weight=926669 926633 6042 6003 920591 65 920526
internal_count=926669 926633 6042 6003 920591 65 920526
is_linear=0
shrinkage=0.0177717


Tree=61
num_leaves=15
num_cat=0
split_feature=27 63 30 20 13 2 66 60 1 29 30 9 41 66
split_gain=1.52868 5.98318 7.85604 10.5494 10.507 5.90936 5.87472 4.00278 2.17389 45.1883 19.8 0.953296 1.21496 0.77341
threshold=0.53093749284744274 1.0000000180025095e-35 2.9649665355682377 2.7801934480667119 3.3307179212570195 1.5000000000000002 -0.013877217192202805 1.0000000180025095e-35 1.0000000180025095e-35 1.3323209881782534 1.0965619683265688 5.4235370159149179 1.0000000180025095e-35 -0.010620540007948874
decision_type=2 2 2 2 2 2 2 2 2 2 2 2 2 2
left_child=8 2 4 -4 -2 6 -3 -7 9 10 -1 13 -13 -10
right_child=1 5 3 -5 -6 7 -8 -9 11 -11 -12 12 -14 -15
leaf_value=-0.0017854352871425933 0.00056762492181221984 -0.00088033675972617261 0.01288073168945481 -0.00011716796768389253 -0.0067842268285147472 2.9996644012292847e-05 0.0003472449736771062 -0.0026508101856336694 4.2367128609104739e-05 -0.019715474887203804 0.0007523329782871314 0.0002751941891303901 -0.0012147458701469616 -2.4644593945985066e-05
leaf_weight=1600 6310 4333 38 41 62 344453 1720 176 61049 38 2470 5036 179 499164
leaf_count=1600 6310 4333 38 41 62 344453 1720 176 61049 38 2470 5036 179 499164
internal_value=1.97681e-12 2.88251e-05 0.000565146 0.00613499 0.000496091 1.89592e-05 -0.000531511 2.86276e-05 -1.80751e-05 -0.000425419 -0.000245315 -1.51156e-05 0.000224053 -1.7342e-05
internal_weight=926669 357133 6451 79 6372 350682 6053 344629 569536 4108 4070 565428 5215 560213
internal_count=926669 357133 6451 79 6372 350682 6053 344629 569536 4108 4070 565428 5215 560213
is_linear=0
shrinkage=0.0177717


Tree=62
num_leaves=12
num_cat=0
split_feature=17 22 20 69 61 63 29 30 2 65 66
split_gain=1.51597 2.56728 2.28782 2.30233 2.10527 1.379 59.7766 26.0797 5.56664 5.9054 2.56789
threshold=1.2428609728813174 2.3180040121078496 6.7722225189208993 1.0013736486434939 1.0000000180025095e-35 1.0000000180025095e-35 1.3323209881782534 0.92866650223732006 1.5000000000000002 0.12073174864053728 -0.022426406852900978
decision_type=2 2 2 2 2 2 2 2 2 2 2
left_child=5 -2 4 -4 -3 6 7 -1 9 -7 -10
right_child=1 2 3 -5 -6 8 -8 -9 10 -11 -12
leaf_value=-0.0013646436995211043 -0.0047868947227444241 -0.002054496583490223 0.0012873835105874623 0.0063932750802362772 0.00035307892290689001 0.00024820848228182036 -0.022344574022843979 0.00077353402220712382 0.00010855975925881407 -0.00088768360401070159 -8.1435452185641607e-06
leaf_weight=2335 30 120 397 30 2603 2142 37 7888 64077 4446 842564
leaf_count=2335 30 120 397 30 2603 2142 37 7888 64077 4446 842564
internal_value=-1.58979e-12 0.000387361 0.000436639 0.00164611 0.000246979 -1.33386e-06 0.000203552 0.00028516 -3.63573e-06 -0.000518363 1.0448e-07
internal_weight=926669 3180 3150 427 2723 923489 10260 10223 913229 6588 906641
internal_count=926669 3180 3150 427 2723 923489 10260 10223 913229 6588 906641
is_linear=0
shrinkage=0.0177717


Tree=63
num_leaves=9
num_cat=0
split_feature=8 71 12 30 27 69 71 27
split_gain=1.4943 1.60627 3.47333 4.98274 3.75453 2.6495 15.0596 1.37684
threshold=31.500000000000004 4.7292296886444101 1.5108695030212405 2.1254785060882573 0.92151650786399852 36.750000000000007 4.1207323074340829 0.53093749284744274
decision_type=2 2 2 2 2 2 2 2
left_child=1 5 4 -4 -3 7 -7 -1
right_child=-2 2 3 -5 -6 6 -8 -9
leaf_value=-1.8808602621994254e-05 -0.0036206727625662815 0.00012181119498777544 0.0020481718202338679 0.00015187868641014339 -0.0083712698815190372 -0.00049444556331978626 -0.012265856059086427 2.6154008079878465e-05
leaf_weight=566383 36 35 454 12145 31 738 36 346811
leaf_count=566383 36 35 454 12145 31 738 36 346811
internal_value=-2.88816e-13 1.40664e-07 0.00019891 0.000220211 -0.00386736 -2.61371e-06 -0.00104195 -1.73279e-06
internal_weight=926669 926633 12665 12599 66 913968 774 913194
internal_count=926669 926633 12665 12599 66 913968 774 913194
is_linear=0
shrinkage=0.0177717


Tree=64
num_leaves=13
num_cat=0
split_feature=36 17 35 4 28 69 22 15 12 27 4 32
split_gain=1.46557 2.20844 3.04918 2.09329 2.15744 1.84271 9.75965 1.80923 1.80375 1.27637 3.82856 2.03858
threshold=1.0000000180025095e-35 1.0000000180025095e-35 0.038242001086473472 82.333332061767592 10.868506431579592 36.750000000000007 9.4300146102905291 4.8521330356597909 40.160715103149421 0.98318150639534008 57.589284896850593 0.78983551263809215
decision_type=2 2 2 2 2 2 2 2 2 2 2 2
left_child=3 9 -3 5 -5 8 -7 -4 -1 11 -11 -2
right_child=1 2 7 4 -6 6 -8 -9 -10 10 -12 -13
leaf_value=-9.1501393220298621e-06 1.9753545890446265e-05 0.0044013057652409629 0.00012843946966860657 0.0053319181286605533 0.00014666916702441775 -0.00038412868542867277 -0.0096080616199001618 0.00054943148443376715 -0.0028620646339678219 -0.00017024881061086423 -0.00401185842245717 0.00034855843737246551
leaf_weight=776490 116244 55 16400 47 55 510 39 4013 70 6386 83 6277
leaf_count=776490 116244 55 16400 47 55 510 39 4013 70 6386 83 6277
internal_value=-2.44976e-12 5.09661e-05 0.000222462 -9.8008e-06 0.00253595 -1.01349e-05 -0.00103938 0.000211202 -9.4073e-06 2.37533e-05 -0.000219538 3.65989e-05
internal_weight=926669 149458 20468 777211 102 777109 549 20413 776560 128990 6469 122521
internal_count=926669 149458 20468 777211 102 777109 549 20413 776560 128990 6469 122521
is_linear=0
shrinkage=0.0177717


Tree=65
num_leaves=8
num_cat=0
split_feature=8 32 63 54 10 2 71
split_gain=1.44712 1.56236 3.69579 2.46743 1.32667 5.67681 2.4163
threshold=31.500000000000004 0.99588799476623546 1.0000000180025095e-35 1.0000000180025095e-35 3.5127768516540532 2.5000000000000004 4.7292296886444101
decision_type=2 2 2 2 2 2 2
left_child=1 4 -3 -4 6 -6 -1
right_child=-2 2 3 -5 5 -7 -8
leaf_value=-8.2464912128916752e-07 -0.0035630627727818148 0.0055658835141897183 0.00034879836827978616 -0.0018005425731934964 -0.0012630108549874907 -6.5996521095820041e-05 0.00029891930810283543
leaf_weight=887793 36 42 4680 175 1320 24047 8576
leaf_count=887793 36 42 4680 175 1320 24047 8576
internal_value=-1.52595e-13 1.38426e-07 0.000316734 0.000271325 -1.54359e-06 -0.000128284 2.04315e-06
internal_weight=926669 926633 4897 4855 921736 25367 896369
internal_count=926669 926633 4897 4855 921736 25367 896369
is_linear=0
shrinkage=0.0177717


Tree=66
num_leaves=16
num_cat=0
split_feature=32 63 29 31 27 60 28 1 30 30 72 2 72 2 2
split_gain=1.42482 10.4261 11.2093 7.32459 7.08367 4.97827 16.7679 3.95757 11.2416 10.9961 4.05781 3.1469 1.65126 3.72673 3.29808
threshold=0.77267900109291088 1.0000000180025095e-35 1.0000000180025095e-35 2.5000000000000004 0.80645248293876659 1.0000000180025095e-35 9.9568324089050311 3.5000000000000004 0.87409400939941417 2.3128105401992802 1.0000000180025095e-35 1.5000000000000002 6.427701711654664 1.0000000180025095e-35 1.0000000180025095e-35
decision_type=2 2 2 2 2 2 2 2 2 2 2 2 2 2 2
left_child=7 2 3 -2 -4 11 -7 8 10 -10 -1 -3 14 -14 -9
right_child=1 5 4 -5 -6 6 -8 12 9 -11 -12 -13 13 -15 -16
leaf_value=-0.001422582002655723 -0.00016316329313552174 -0.00048540524868816138 -0.0044383196575357746 0.0031735507651310109 0.00050642733515201806 0.0041182133733531044 -0.014519523751461524 -0.003670771714441167 0.00032343805905728798 -0.00098988154193423291 -0.0080063090905513404 5.0452642432584422e-05 0.0029849898757544091 4.200613174506585e-05 -1.6170713986215714e-05
leaf_weight=2049 269 3594 95 913 2485 31 30 78 6634 2891 30 93771 136 181173 632490
leaf_count=2049 269 3594 95 913 2485 31 30 78 6634 2891 30 93771 136 181173 632490
internal_value=9.19064e-13 6.29415e-05 0.000980966 0.00241418 0.000324353 2.74929e-05 -0.00504789 -7.7154e-06 -0.000333602 -7.51768e-05 -0.00151759 3.06727e-05 -3.06901e-06 4.42137e-05 -1.66214e-05
internal_weight=926669 101188 3762 1182 2580 97426 61 825481 11604 9525 2079 97365 813877 181309 632568
internal_count=926669 101188 3762 1182 2580 97426 61 825481 11604 9525 2079 97365 813877 181309 632568
is_linear=0
shrinkage=0.0177717


Tree=67
num_leaves=12
num_cat=0
split_feature=17 22 29 8 67 63 29 30 2 65 68
split_gain=1.41253 2.46877 2.26665 3.38965 1.90764 1.30878 57.5753 24.3982 5.19693 5.7346 2.47479
threshold=1.2428609728813174 2.3180040121078496 0.65051501989364635 5.6132481098175058 -0.0068961370270699254 1.0000000180025095e-35 1.3323209881782534 0.92866650223732006 1.5000000000000002 0.12073174864053728 -0.041332654654979699
decision_type=2 2 2 2 2 2 2 2 2 2 2
left_child=5 -2 3 -3 -4 6 7 -1 9 -7 -10
right_child=1 2 4 -5 -6 8 -8 -9 10 -11 -12
leaf_value=-0.0013173250658720882 -0.0047001033916410952 0.00014801348749099642 -3.83668337192866e-05 0.0027055467038023867 0.001297041776837059 0.00025453375276020778 -0.021930738960841589 0.00075077268718405134 0.00010657992953672115 -0.00086481172727863071 -8.0113973756790743e-06
leaf_weight=2335 30 348 2090 309 403 2142 37 7888 64049 4446 842592
leaf_count=2335 30 348 2090 309 403 2142 37 7888 64049 4446 842592
internal_value=1.28565e-12 0.000373912 0.000422236 0.00135087 0.000177505 -1.28755e-06 0.000198314 0.000278406 -3.53005e-06 -0.000500872 8.38243e-08
internal_weight=926669 3180 3150 657 2493 923489 10260 10223 913229 6588 906641
internal_count=926669 3180 3150 657 2493 923489 10260 10223 913229 6588 906641
is_linear=0
shrinkage=0.0177717


Tree=68
num_leaves=8
num_cat=0
split_feature=8 72 3 3 32 2 32
split_gain=1.40224 1.4884 5.07885 3.36776 1.98036 4.79491 2.56358
threshold=31.500000000000004 30.102498054504398 4.6959142684936532 5.0530509948730478 0.99873849749565136 13.500000000000002 0.99794700741767894
decision_type=2 2 2 2 2 2 2
left_child=1 4 -3 -4 6 -6 -1
right_child=-2 2 3 -5 5 -7 -8
leaf_value=-1.4206174956681769e-06 -0.0035073729988619484 0.0066707097580578382 -0.0023749923835423765 0.00030447324419838388 0.0080019157867719983 -0.0016529273105268763 -0.0018085391149383653
leaf_weight=920278 36 39 152 5851 32 33 248
leaf_count=920278 36 39 152 5851 32 33 248
internal_value=3.64594e-13 1.36263e-07 0.000278158 0.000236627 -1.68844e-06 0.00310023 -1.90748e-06
internal_weight=926669 926633 6042 6003 920591 65 920526
internal_count=926669 926633 6042 6003 920591 65 920526
is_linear=0
shrinkage=0.0177717


Tree=69
num_leaves=15
num_cat=0
split_feature=36 68 69 34 29 4 17 69 10 12 65 10 69 20
split_gain=1.37719 2.14258 2.13361 4.7944 2.46552 2.04787 2.13319 1.77823 9.50571 1.74423 1.38766 3.1955 1.40659 0.277712
threshold=1.0000000180025095e-35 -0.038667576387524598 0.99693721532821666 0.66230899095535289 1.0206965208053591 82.333332061767592 0.81162449717521679 36.750000000000007 3.3364613056182866 40.160715103149421 0.027634528465569023 4.3950660228729257 0.86607143282890331 11.982758522033693
decision_type=2 2 2 2 2 2 2 2 2 2 2 2 2 2
left_child=5 2 4 -4 -2 7 13 9 -9 -1 12 -12 -3 -7
right_child=1 10 3 -5 -6 6 -8 8 -10 -11 11 -13 -14 -15
leaf_value=-8.8635067200856653e-06 0.00063233087622721249 0.00030692916884865061 1.7727452710352609e-05 -0.006398377910456758 8.3530856414544338e-05 -0.00071245270584548354 0.0057749859118960498 -0.00034784475489008489 -0.0091457639407299656 -0.0028143158139937265 -0.00024781537920249793 -0.0054940286975878969 2.3003978427208458e-05 0.0016477098173540814
leaf_weight=776490 5937 5770 6282 37 4580 31 39 507 42 70 4107 37 122708 32
leaf_count=776490 5937 5770 6282 37 4580 31 39 507 42 70 4107 37 122708 32
internal_value=-4.43281e-13 4.94055e-05 0.00023826 -1.98411e-05 0.000393336 -9.50069e-06 0.00250848 -9.83119e-06 -0.00102091 -9.11639e-06 2.54309e-05 -0.000294657 3.57552e-05 0.00048636
internal_weight=926669 149458 16836 6319 10517 777211 102 777109 549 776560 132622 4144 128478 63
internal_count=926669 149458 16836 6319 10517 777211 102 777109 549 776560 132622 4144 128478 63
is_linear=0
shrinkage=0.0177717


Tree=70
num_leaves=8
num_cat=0
split_feature=8 32 63 54 10 2 71
split_gain=1.37687 1.46844 3.53338 2.37251 1.28742 5.4255 2.31265
threshold=31.500000000000004 0.99588799476623546 1.0000000180025095e-35 1.0000000180025095e-35 3.5127768516540532 2.5000000000000004 4.7292296886444101
decision_type=2 2 2 2 2 2 2
left_child=1 4 -3 -4 6 -6 -1
right_child=-2 2 3 -5 5 -7 -8
leaf_value=-7.6798229127422207e-07 -0.003475494421199367 0.0054395867193100184 0.0003386360076099627 -0.001768959482647817 -0.0012356730723961154 -6.5454321768530075e-05 0.00029247711141033926
leaf_weight=887793 36 42 4680 175 1320 24047 8576
leaf_count=887793 36 42 4680 175 1320 24047 8576
internal_value=-7.30351e-13 1.35023e-07 0.000307068 0.000262667 -1.49565e-06 -0.000126348 2.03764e-06
internal_weight=926669 926633 4897 4855 921736 25367 896369
internal_count=926669 926633 4897 4855 921736 25367 896369
is_linear=0
shrinkage=0.0177717


Tree=71
num_leaves=15
num_cat=0
split_feature=27 63 30 12 13 2 66 65 1 29 30 9 41 66
split_gain=1.35624 5.33501 7.71003 10.1834 10.1507 5.11555 5.34403 3.87762 1.94308 41.2738 17.9305 0.896528 1.18266 0.685182
threshold=0.53093749284744274 1.0000000180025095e-35 2.9649665355682377 8.2752523422241229 3.3307179212570195 1.5000000000000002 -0.013877217192202805 0.076217234134674086 1.0000000180025095e-35 1.3323209881782534 1.0965619683265688 5.4235370159149179 1.0000000180025095e-35 -0.010620540007948874
decision_type=2 2 2 2 2 2 2 2 2 2 2 2 2 2
left_child=8 2 4 -4 -2 6 -3 -7 9 10 -1 13 -13 -10
right_child=1 5 3 -5 -6 7 -8 -9 11 -11 -12 12 -14 -15
leaf_value=-0.0016956179446629778 0.00053548867792613784 -0.00082702780364937104 0.013391990111756956 0.00050522133243242743 -0.0066906222573361674 1.5324948845389393e-05 0.00034379556133662284 0.00033570382024050461 3.9814069961696635e-05 -0.018837749398455592 0.00071936792611066163 0.0002681677224380344 -0.0012018323995675239 -2.3259715048922419e-05
leaf_weight=1600 6310 4333 34 45 62 332253 1720 12376 61049 38 2470 5036 179 499164
leaf_count=1600 6310 4333 34 45 62 332253 1720 12376 61049 38 2470 5036 179 499164
internal_value=2.36957e-12 2.71507e-05 0.000533588 0.00605143 0.000465178 1.78345e-05 -0.000494331 2.68301e-05 -1.70251e-05 -0.000402138 -0.000230012 -1.42272e-05 0.000217711 -1.63863e-05
internal_weight=926669 357133 6451 79 6372 350682 6053 344629 569536 4108 4070 565428 5215 560213
internal_count=926669 357133 6451 79 6372 350682 6053 344629 569536 4108 4070 565428 5215 560213
is_linear=0
shrinkage=0.0177717


Tree=72
num_leaves=9
num_cat=0
split_feature=8 32 1 6 61 10 2 19
split_gain=1.32851 1.40918 3.39933 5.19329 2.56785 1.24985 5.21263 2.2546
threshold=31.500000000000004 0.99588799476623546 1.0000000180025095e-35 1.3709694743156435 1.0000000180025095e-35 3.5127768516540532 2.5000000000000004 4.5969796180725107
decision_type=2 2 2 2 2 2 2 2
left_child=1 5 3 -3 -4 7 -7 -1
right_child=-2 2 4 -5 -6 6 -8 -9
leaf_value=5.0136692114396526e-07 -0.0034139180295733886 0.0096027266576162486 -0.0022283787126299204 0.00071758934575337919 0.00030384137815579157 -0.0012118271991653216 -6.4794675723167799e-05 0.00052631241755114451
leaf_weight=893786 36 31 130 63 4673 1320 24047 2583
leaf_count=893786 36 31 130 63 4673 1320 24047 2583
internal_value=3.64001e-12 1.32635e-07 0.000300807 0.00364779 0.000235303 -1.46479e-06 -0.000124482 2.01656e-06
internal_weight=926669 926633 4897 94 4803 921736 25367 896369
internal_count=926669 926633 4897 94 4803 921736 25367 896369
is_linear=0
shrinkage=0.0177717


Tree=73
num_leaves=13
num_cat=0
split_feature=0 5 29 68 30 65 60 30 61 12 66 5
split_gain=1.32899 4.38548 2.65529 4.85724 7.72427 3.86424 1.8845 3.09517 1.66305 14.2517 2.39262 1.30063
threshold=1.0000000180025095e-35 3.65057384967804 0.53959050774574291 -0.041332654654979699 2.9649665355682377 0.024731080979108814 1.0000000180025095e-35 1.4982559680938723 1.0000000180025095e-35 12.839743614196779 -0.022426406852900978 2.4414010047912602
decision_type=2 2 2 2 2 2 2 2 2 2 2 2
left_child=1 6 3 4 -2 -5 11 -8 9 -4 -10 -1
right_child=2 -3 8 5 -6 -7 7 -9 10 -11 -12 -13
leaf_value=-3.4876387926092537e-05 0.00046073281040249261 -0.0054612526419099035 -8.5906240120848945e-05 8.3447555544998556e-05 0.008825226565157978 -0.00070279350360347799 -0.00091935013325568186 0.0071534930629792411 0.00014559766225670471 -0.0032756770767575234 -4.0992147773783724e-06 0.00071782498583940169
leaf_weight=270209 9311 47 12981 64139 35 2037 30 30 36010 458 530655 727
leaf_count=270209 9311 47 12981 64139 35 2037 30 30 36010 458 530655 727
internal_value=3.0162e-12 -3.31007e-05 1.36842e-05 0.000112807 0.000492057 5.92458e-05 -3.21593e-05 0.00311707 7.79677e-07 -0.000194613 5.41361e-06 -3.28567e-05
internal_weight=926669 271043 655626 75522 9346 66176 270996 60 580104 13439 566665 270936
internal_count=926669 271043 655626 75522 9346 66176 270996 60 580104 13439 566665 270936
is_linear=0
shrinkage=0.0177717


Tree=74
num_leaves=13
num_cat=0
split_feature=17 70 34 54 8 25 63 29 30 2 65 66
split_gain=1.31236 2.40534 3.75698 2.66289 2.10405 1.45777 1.22435 54.508 23.0003 4.79009 5.37812 2.22547
threshold=1.2428609728813174 0.16527522355318072 0.12182600423693658 1.0000000180025095e-35 16.071428298950199 4.4005842208862314 1.0000000180025095e-35 1.3323209881782534 0.92866650223732006 1.5000000000000002 0.12073174864053728 -0.022426406852900978
decision_type=2 2 2 2 2 2 2 2 2 2 2 2
left_child=6 4 -3 -4 5 -2 7 8 -1 10 -8 -11
right_child=1 2 3 -5 -6 -7 9 -9 -10 11 -12 -13
leaf_value=-0.0012796004545536318 0.0028351151389311986 -0.0055006915980200591 0.00014193804284568567 -0.0041980175881248423 0.004480090860077876 0.00059421072433603426 0.0002506613306433224 -0.021339709341985202 0.00072837966673976033 0.00010102518823750073 -0.00083333454072294214 -7.6189230261887913e-06
leaf_weight=2335 98 40 1524 46 49 1423 2142 37 7888 64077 4446 842564
leaf_count=2335 98 40 1524 46 49 1423 2142 37 7888 64077 4446 842564
internal_value=-9.3533e-13 0.00036041 -0.00012225 1.47801e-05 0.000855368 0.000738595 -1.24106e-06 0.000191815 0.000269744 -3.41002e-06 -0.000480888 5.95172e-08
internal_weight=926669 3180 1610 1570 1570 1521 923489 10260 10223 913229 6588 906641
internal_count=926669 3180 1610 1570 1570 1521 923489 10260 10223 913229 6588 906641
is_linear=0
shrinkage=0.0177717


Tree=75
num_leaves=9
num_cat=0
split_feature=8 71 12 30 27 69 71 27
split_gain=1.3007 1.39246 3.27788 4.90437 3.60142 2.46368 14.5533 1.21048
threshold=31.500000000000004 4.7292296886444101 1.5108695030212405 2.1254785060882573 0.92151650786399852 36.750000000000007 4.1207323074340829 0.53093749284744274
decision_type=2 2 2 2 2 2 2 2
left_child=1 5 4 -4 -3 7 -7 -1
right_child=-2 2 3 -5 -6 6 -8 -9
leaf_value=-1.7594826490777897e-05 -0.0033780003621987353 0.00014197260234320876 0.0020194207405976276 0.00013809914888369146 -0.0081761282188964404 -0.00046643857293449071 -0.012038280563467217 2.4564059980816298e-05
leaf_weight=566383 36 35 454 12145 31 738 36 346811
leaf_count=566383 36 35 454 12145 31 738 36 346811
internal_value=-2.09433e-12 1.31234e-07 0.000185199 0.000205892 -0.00376501 -2.43327e-06 -0.00100466 -1.58381e-06
internal_weight=926669 926633 12665 12599 66 913968 774 913194
internal_count=926669 926633 12665 12599 66 913968 774 913194
is_linear=0
shrinkage=0.0177717


Tree=76
num_leaves=15
num_cat=0
split_feature=36 69 60 2 4 17 15 30 19 68 15 8 0 20
split_gain=1.28461 2.03126 2.13406 14.1251 1.99137 2.03328 1.71333 5.37743 5.23614 1.70983 1.36606 2.17182 0.834635 0.275295
threshold=1.0000000180025095e-35 0.86607143282890331 1.0000000180025095e-35 364.50000000000006 82.333332061767592 0.81162449717521679 5.9853553771972665 2.4321665763854985 5.2135236263275155 -0.038667576387524598 5.1176729202270517 4.5741758346557626 1.5000000000000002 11.982758522033693
decision_type=2 2 2 2 2 2 2 2 2 2 2 2 2 2
left_child=4 10 9 -4 6 13 8 -8 -1 -3 11 -2 -12 -6
right_child=1 2 3 -5 5 -7 7 -9 -10 -11 12 -13 -14 -15
leaf_value=-9.4356075191199837e-06 0.0003179933568184753 0.00020877199308743375 0.0033335121277491241 -0.012409577346295535 -0.00069394996916368541 0.0056629196039395284 0.00087910325257470746 -0.0022280777343485457 0.0028882944740514361 1.3073999462466346e-05 0.0021095849424626408 0.0013370678276338345 -0.00036618026385898232 0.0016559190852150744
leaf_weight=776196 5135 15868 45 30 31 39 311 405 197 126606 45 758 971 32
leaf_count=776196 5135 15868 45 30 31 39 311 405 197 126606 45 758 971 32
internal_value=-1.37343e-12 4.77159e-05 3.32921e-05 -0.00296372 -9.17579e-06 0.00247383 -9.5017e-06 -0.00087845 -8.70034e-06 3.48698e-05 0.000345312 0.000449074 -0.000256525 0.000499634
internal_weight=926669 149458 142549 75 777211 102 777109 716 776393 142474 6909 5893 1016 63
internal_count=926669 149458 142549 75 777211 102 777109 716 776393 142474 6909 5893 1016 63
is_linear=0
shrinkage=0.0177717


Tree=77
num_leaves=8
num_cat=0
split_feature=8 72 3 3 32 16 32
split_gain=1.27827 1.34611 4.92023 3.22539 1.87552 4.63387 2.50813
threshold=31.500000000000004 30.102498054504398 4.6959142684936532 5.0530509948730478 0.99873849749565136 1.728334963321686 0.99794700741767894
decision_type=2 2 2 2 2 2 2
left_child=1 4 -3 -4 6 -6 -1
right_child=-2 2 3 -5 5 -7 -8
leaf_value=-1.3367861147191942e-06 -0.0033487471312340969 0.0065564679016761459 -0.0023321684940687537 0.00029004766688927865 0.0081423812151910219 -0.0013760223979867657 -0.0017888028180324971
leaf_weight=920278 36 39 152 5851 30 35 248
leaf_count=920278 36 39 152 5851 30 35 248
internal_value=-7.11274e-13 1.30099e-07 0.000264529 0.000223651 -1.60519e-06 0.00301709 -1.81835e-06
internal_weight=926669 926633 6042 6003 920591 65 920526
internal_count=926669 926633 6042 6003 920591 65 920526
is_linear=0
shrinkage=0.0177717


Tree=78
num_leaves=13
num_cat=0
split_feature=0 5 29 68 30 65 60 30 61 12 66 5
split_gain=1.2565 4.23208 2.54355 4.64084 7.39784 3.73124 1.81647 2.99429 1.6128 13.7196 2.21518 1.25399
threshold=1.0000000180025095e-35 3.65057384967804 0.53959050774574291 -0.041332654654979699 2.9649665355682377 0.024731080979108814 1.0000000180025095e-35 1.4982559680938723 1.0000000180025095e-35 12.839743614196779 -0.022426406852900978 2.4414010047912602
decision_type=2 2 2 2 2 2 2 2 2 2 2 2
left_child=1 6 3 4 -2 -5 11 -8 9 -4 -10 -1
right_child=2 -3 8 5 -6 -7 7 -9 10 -11 -12 -13
leaf_value=-3.3928418178446743e-05 0.0004503711145494361 -0.0053645603650869138 -8.5084268111062391e-05 8.174777570444801e-05 0.0086362123990524117 -0.00069084463877924784 -0.00090949272152711835 0.0070307099864178029 0.0001401249291076263 -0.0032147496196173984 -3.9142077545063213e-06 0.00070515505644600798
leaf_weight=270209 9311 47 12981 64139 35 2037 30 30 36010 458 530655 727
leaf_count=270209 9311 47 12981 64139 35 2037 30 30 36010 458 530655 727
internal_value=-5.73497e-13 -3.21854e-05 1.33058e-05 0.000110321 0.000481026 5.79662e-05 -3.12605e-05 0.00306061 6.7569e-07 -0.000191743 5.23908e-06 -3.19452e-05
internal_weight=926669 271043 655626 75522 9346 66176 270996 60 580104 13439 566665 270936
internal_count=926669 271043 655626 75522 9346 66176 270996 60 580104 13439 566665 270936
is_linear=0
shrinkage=0.0177717


Tree=79
num_leaves=12
num_cat=0
split_feature=17 22 29 8 67 63 29 30 2 65 68
split_gain=1.23716 2.37656 2.11615 3.21974 1.83432 1.17372 52.545 22.1613 4.62815 5.21955 2.05479
threshold=1.2428609728813174 2.3180040121078496 0.65051501989364635 5.6132481098175058 -0.0068961370270699254 1.0000000180025095e-35 1.3323209881782534 0.92866650223732006 1.5000000000000002 0.12073174864053728 -0.041332654654979699
decision_type=2 2 2 2 2 2 2 2 2 2 2
left_child=5 -2 3 -3 -4 6 7 -1 9 -7 -10
right_child=1 2 4 -5 -6 8 -8 -9 10 -11 -12
leaf_value=-0.0012564933012297543 -0.0046284170037707763 0.00012229960047154651 -5.0805180465517684e-05 0.0026149088007242235 0.0012586893970698268 0.0002480188825339471 -0.020952446868930101 0.0007145223965268478 9.7121354058416775e-05 -0.00081987780343611234 -7.2946199989924883e-06
leaf_weight=2335 30 348 2090 309 403 2142 37 7888 64049 4446 842592
leaf_count=2335 30 348 2090 309 403 2142 37 7888 64049 4446 842592
internal_value=7.8303e-13 0.000349932 0.000397345 0.00129462 0.000160878 -1.20498e-06 0.000187817 0.00026433 -3.32861e-06 -0.000472665 8.17712e-08
internal_weight=926669 3180 3150 657 2493 923489 10260 10223 913229 6588 906641
internal_count=926669 3180 3150 657 2493 923489 10260 10223 913229 6588 906641
is_linear=0
shrinkage=0.0177717


Tree=80
num_leaves=9
num_cat=0
split_feature=8 71 10 22 69 69 71 27
split_gain=1.23927 1.31606 3.22871 12.2381 4.85776 2.38898 14.0443 1.14238
threshold=31.500000000000004 4.7292296886444101 3.5409667491912846 7.1253302097320566 36.750000000000007 36.750000000000007 4.1207323074340829 0.53093749284744274
decision_type=2 2 2 2 2 2 2 2
left_child=1 5 4 -4 -3 7 -7 -1
right_child=-2 2 3 -5 -6 6 -8 -9
leaf_value=-1.7082677857810769e-05 -0.0032972603984640536 0.00029281492720308066 -0.0064801341082780977 -0.00013682827030685898 0.0054956070157321608 -0.00046055625986587875 -0.011828229688780811 2.3873094014748274e-05
leaf_weight=566383 36 10070 100 2438 57 738 36 346811
leaf_count=566383 36 10070 100 2438 57 738 36 346811
internal_value=3.18649e-13 1.281e-07 0.000180047 -0.000386762 0.000322099 -2.36506e-06 -0.000989285 -1.52858e-06
internal_weight=926669 926633 12665 2538 10127 913968 774 913194
internal_count=926669 926633 12665 2538 10127 913968 774 913194
is_linear=0
shrinkage=0.0177717


Tree=81
num_leaves=13
num_cat=0
split_feature=36 17 35 4 28 35 12 65 72 27 67 32
split_gain=1.21135 1.94687 2.94777 1.93085 2.0198 1.69838 1.68778 2.94578 1.84545 1.31178 3.81662 1.9062
threshold=1.0000000180025095e-35 1.0000000180025095e-35 0.038242001086473472 82.333332061767592 10.868506431579592 0.41733001172542578 40.160715103149421 -0.059955824166536324 29.047111511230472 0.98318150639534008 0.09554679319262506 0.78983551263809215
decision_type=2 2 2 2 2 2 2 2 2 2 2 2
left_child=3 9 -3 6 -5 -4 8 -8 -1 11 -11 -2
right_child=1 2 5 4 -6 -7 7 -9 -10 10 -12 -13
leaf_value=-1.0614860210106065e-05 1.7518354312090603e-05 0.0043161177816986125 3.0753432689262405e-05 0.0051413751878138523 0.00012426402420051018 0.00035503249598275375 0.00038860819625046914 -0.0069783634242015988 0.00045057997796755942 -0.00018814623576099282 -0.0051669197913182746 0.00033546770429591824
leaf_weight=774289 116244 55 9993 47 55 10420 40 30 2750 6420 49 6277
leaf_count=774289 116244 55 9993 47 55 10420 40 30 2750 6420 49 6277
internal_value=-1.49284e-12 4.63354e-05 0.000207355 -8.91032e-06 0.00243607 0.000196285 -9.23124e-06 -0.00276867 -8.98266e-06 2.0785e-05 -0.000225858 3.38075e-05
internal_weight=926669 149458 20468 777211 102 20413 777109 70 777039 128990 6469 122521
internal_count=926669 149458 20468 777211 102 20413 777109 70 777039 128990 6469 122521
is_linear=0
shrinkage=0.0177717


Tree=82
num_leaves=8
num_cat=0
split_feature=8 12 69 48 69 2 4
split_gain=1.19898 1.28897 7.55408 5.19405 1.51549 5.29364 1.39327
threshold=31.500000000000004 24.828571319580082 1.6820991039276125 1.0000000180025095e-35 36.750000000000007 1.0000000180025095e-35 43.071428298950202
decision_type=2 2 2 2 2 2 2
left_child=1 4 3 -3 6 -6 -1
right_child=-2 2 -4 -5 5 -7 -8
leaf_value=7.8434117301870007e-07 -0.0032432231207548032 0.00018957429547548503 0.0093216734337783335 0.0072047944499806452 -0.0030393386919428805 0.00011461045494044377 -0.00053683054761494132
leaf_weight=922501 36 1701 30 34 232 610 1525
leaf_count=922501 36 1701 30 34 232 610 1525
internal_value=-2.38393e-12 1.25998e-07 0.000479931 0.000327048 -7.89654e-07 -0.000754411 -1.02931e-07
internal_weight=926669 926633 1765 1735 924868 842 924026
internal_count=926669 926633 1765 1735 924868 842 924026
is_linear=0
shrinkage=0.0177717


Tree=83
num_leaves=13
num_cat=0
split_feature=0 5 29 68 30 65 60 67 61 12 66 5
split_gain=1.18893 4.08385 2.43381 4.44814 7.1057 3.60053 1.75117 2.96513 1.56082 13.2064 2.11483 1.20933
threshold=1.0000000180025095e-35 3.65057384967804 0.53959050774574291 -0.041332654654979699 2.9649665355682377 0.024731080979108814 1.0000000180025095e-35 -0.050594890490174287 1.0000000180025095e-35 12.839743614196779 -0.048809422180056565 2.4414010047912602
decision_type=2 2 2 2 2 2 2 2 2 2 2 2
left_child=1 6 3 4 -2 -5 11 -8 9 -4 -10 -1
right_child=2 -3 8 5 -6 -7 7 -9 10 -11 -12 -13
leaf_value=-3.3019333291706005e-05 0.00044072554918487373 -0.0052694675837406633 -8.4059400569608465e-05 7.9947286458921917e-05 0.008463307506433428 -0.00067899226520071513 0.0069561055000892484 -0.0009453389717419213 0.00019228203995166809 -0.003154633807851452 -1.2187002251712446e-06 0.00069278279252018042
leaf_weight=270209 9311 47 12981 64139 35 2037 30 30 18439 458 548226 727
leaf_count=270209 9311 47 12981 64139 35 2037 30 30 18439 458 548226 727
internal_value=1.31174e-12 -3.1308e-05 1.29431e-05 0.000107842 0.000470769 5.65859e-05 -3.03995e-05 0.00300538 5.8846e-07 -0.000188704 5.07772e-06 -3.10718e-05
internal_weight=926669 271043 655626 75522 9346 66176 270996 60 580104 13439 566665 270936
internal_count=926669 271043 655626 75522 9346 66176 270996 60 580104 13439 566665 270936
is_linear=0
shrinkage=0.0177717


Tree=84
num_leaves=15
num_cat=0
split_feature=36 69 60 2 4 17 15 30 19 68 20 10 15 20
split_gain=1.16325 1.88957 2.05908 13.6336 1.85005 1.94305 1.67021 5.18866 5.04083 1.56973 1.33467 2.50422 1.9868 0.267746
threshold=1.0000000180025095e-35 0.86607143282890331 1.0000000180025095e-35 364.50000000000006 82.333332061767592 0.81162449717521679 5.9853553771972665 2.4321665763854985 5.2135236263275155 -0.038667576387524598 1.8603895306587221 2.4383614063262944 5.1176729202270517 11.982758522033693
decision_type=2 2 2 2 2 2 2 2 2 2 2 2 2 2
left_child=4 10 9 -4 6 13 8 -8 -1 -3 11 -2 -12 -6
right_child=1 2 3 -5 5 -7 7 -9 -10 -11 12 -13 -14 -15
leaf_value=-8.9759438392422931e-06 0.00064879830406373233 0.00019966930980234689 0.003274305675683938 -0.012192451708985887 -0.00072245833742890116 0.0055020758874454248 0.00085943919745906357 -0.0021927158617808373 0.0028341955479989733 1.216037493468079e-05 0.00066657462297469415 -0.00059401033781461597 -0.00025944232013440605 0.0015949709659146289
leaf_weight=776196 918 15868 45 30 31 39 311 405 197 126606 3934 1158 899 32
leaf_count=776196 918 15868 45 30 31 39 311 405 197 126606 3934 1158 899 32
internal_value=2.52641e-12 4.54061e-05 3.14944e-05 -0.0029124 -8.7316e-06 0.00238455 -9.04573e-06 -0.000866989 -8.25452e-06 3.30441e-05 0.000332436 -4.44447e-05 0.000494324 0.000454649
internal_weight=926669 149458 142549 75 777211 102 777109 716 776393 142474 6909 2076 4833 63
internal_count=926669 149458 142549 75 777211 102 777109 716 776393 142474 6909 2076 4833 63
is_linear=0
shrinkage=0.0177717


Tree=85
num_leaves=9
num_cat=0
split_feature=8 32 1 70 61 10 2 19
split_gain=1.17922 1.25257 3.34477 4.99812 2.46565 1.23545 5.00663 2.09502
threshold=31.500000000000004 0.99588799476623546 1.0000000180025095e-35 0.14959557354450229 1.0000000180025095e-35 3.5127768516540532 2.5000000000000004 4.5969796180725107
decision_type=2 2 2 2 2 2 2 2
left_child=1 5 3 -3 -4 7 -7 -1
right_child=-2 2 4 -5 -6 6 -8 -9
leaf_value=6.1955679789827362e-07 -0.0032163896051784881 0.0094455847870347602 -0.0021955365745994801 0.00072899898412148625 0.00028578456608435092 -0.0011893302323589677 -6.5191448974952925e-05 0.00050748001950389377
leaf_weight=893786 36 31 130 63 4673 1320 24047 2583
leaf_count=893786 36 31 130 63 4673 1320 24047 2583
internal_value=-1.11846e-12 1.24957e-07 0.0002836 0.00360362 0.000218624 -1.38109e-06 -0.000123687 2.08014e-06
internal_weight=926669 926633 4897 94 4803 921736 25367 896369
internal_count=926669 926633 4897 94 4803 921736 25367 896369
is_linear=0
shrinkage=0.0177717


Tree=86
num_leaves=13
num_cat=0
split_feature=0 5 29 68 30 65 60 30 61 12 66 5
split_gain=1.14002 3.94194 2.35058 4.29403 6.82092 3.47278 1.68922 2.87596 1.4962 12.7637 2.01655 1.16655
threshold=1.0000000180025095e-35 3.65057384967804 0.53959050774574291 -0.041332654654979699 2.9649665355682377 0.024731080979108814 1.0000000180025095e-35 1.4982559680938723 1.0000000180025095e-35 12.839743614196779 -0.048809422180056565 2.4414010047912602
decision_type=2 2 2 2 2 2 2 2 2 2 2 2
left_child=1 6 3 4 -2 -5 11 -8 9 -4 -10 -1
right_child=2 -3 8 5 -6 -7 7 -9 10 -11 -12 -13
leaf_value=-3.2337788878978627e-05 0.00043308570442870275 -0.0051769967437002538 -8.1924210002995635e-05 7.8519125929459092e-05 0.0082932629200152402 -0.00066683447052409228 -0.00093902375325059838 0.0068427030217967783 0.00018773039499408003 -0.0031005891628235259 -1.2205078886586986e-06 0.00068051140037606722
leaf_weight=270209 9311 47 12981 64139 35 2037 30 30 18439 458 548226 727
leaf_count=270209 9311 47 12981 64139 35 2037 30 30 18439 458 548226 727
internal_value=2.06174e-12 -3.06573e-05 1.26741e-05 0.000105936 0.000462521 5.5576e-05 -2.97647e-05 0.00295184 5.32523e-07 -0.0001848 4.92786e-06 -3.0425e-05
internal_weight=926669 271043 655626 75522 9346 66176 270996 60 580104 13439 566665 270936
internal_count=926669 271043 655626 75522 9346 66176 270996 60 580104 13439 566665 270936
is_linear=0
shrinkage=0.0177717


Tree=87
num_leaves=9
num_cat=0
split_feature=8 71 12 30 27 69 71 27
split_gain=1.13832 1.23269 3.08617 4.77052 3.47176 2.25537 13.4904 1.05828
threshold=31.500000000000004 4.7292296886444101 1.5108695030212405 2.1254785060882573 0.92620000243186962 36.750000000000007 4.1207323074340829 0.53093749284744274
decision_type=2 2 2 2 2 2 2 2
left_child=1 5 4 -4 -3 7 -7 -1
right_child=-2 2 3 -5 -6 6 -8 -9
leaf_value=-1.6448014430843963e-05 -0.0031601098099631368 6.2152147577747356e-05 0.0019829390195682992 0.00012746783494321234 -0.0081237244782826276 -0.00044301721569579643 -0.011584251375362188 2.2971420816650797e-05
leaf_weight=566383 36 36 454 12145 30 738 36 346811
leaf_count=566383 36 36 454 12145 30 738 36 346811
internal_value=-1.21636e-12 1.2277e-07 0.00017425 0.000194329 -0.0036587 -2.29014e-06 -0.000961214 -1.47738e-06
internal_weight=926669 926633 12665 12599 66 913968 774 913194
internal_count=926669 926633 12665 12599 66 913968 774 913194
is_linear=0
shrinkage=0.0177717


Tree=88
num_leaves=12
num_cat=0
split_feature=17 22 20 10 61 63 29 30 2 65 65
split_gain=1.12965 2.27764 2.03784 2.16049 1.89862 1.1244 50.6112 21.3423 4.41592 5.13033 1.9033
threshold=1.2428609728813174 2.3180040121078496 6.7722225189208993 2.3353749513626103 1.0000000180025095e-35 1.0000000180025095e-35 1.3323209881782534 0.92866650223732006 1.5000000000000002 0.12073174864053728 0.075336553156375899
decision_type=2 2 2 2 2 2 2 2 2 2 2
left_child=5 -2 4 -4 -3 6 7 -1 9 -7 -10
right_child=1 2 3 -5 -6 8 -8 -9 10 -11 -12
leaf_value=-0.0012335091805854323 -0.0045392603400096453 -0.0019838066225054698 0.00016278611373199962 0.0026977372506841431 0.00030255552725536885 0.00025281832693585814 -0.020563746947848262 0.00070074434328820027 -4.9621879903417113e-06 -0.00080591129215904682 0.00013104437249802562
leaf_weight=2335 30 120 198 229 2603 2142 37 7888 872887 4446 33754
leaf_count=2335 30 120 198 229 2603 2142 37 7888 872887 4446 33754
internal_value=-2.87921e-12 0.000334381 0.000380796 0.00152228 0.000201798 -1.15143e-06 0.000183857 0.000258948 -3.22997e-06 -0.00046168 1.013e-07
internal_weight=926669 3180 3150 427 2723 923489 10260 10223 913229 6588 906641
internal_count=926669 3180 3150 427 2723 923489 10260 10223 913229 6588 906641
is_linear=0
shrinkage=0.0177717


Tree=89
num_leaves=8
num_cat=0
split_feature=8 12 69 48 4 8 72
split_gain=1.10412 1.20187 7.26268 5.00402 1.46746 3.38856 2.32307
threshold=31.500000000000004 24.828571319580082 1.6820991039276125 1.0000000180025095e-35 41.021738052368171 3.2247475385665898 30.102498054504398
decision_type=2 2 2 2 2 2 2
left_child=1 4 3 -3 6 -6 -1
right_child=-2 2 -4 -5 5 -7 -8
leaf_value=-1.7119690332546817e-06 -0.0031122839860087586 0.00017859011386612932 0.0091329559316430768 0.007064285264137461 -0.0052611594525955666 -0.00037748746042897367 0.00040618961705686919
leaf_weight=918560 36 1701 30 34 46 1831 4431
leaf_count=918560 36 1701 30 34 46 1831 4431
internal_value=1.05782e-12 1.20914e-07 0.000463431 0.000313526 -7.63258e-07 -0.000497173 2.46243e-07
internal_weight=926669 926633 1765 1735 924868 1877 922991
internal_count=926669 926633 1765 1735 924868 1877 922991
is_linear=0
shrinkage=0.0177717


Tree=90
num_leaves=13
num_cat=0
split_feature=36 17 35 4 28 12 65 72 42 27 4 32
split_gain=1.09619 1.81095 2.84929 1.78989 1.91844 1.65414 2.81978 1.76919 1.64527 1.29986 3.71649 1.80543
threshold=1.0000000180025095e-35 1.0000000180025095e-35 0.038242001086473472 82.333332061767592 10.868506431579592 40.160715103149421 -0.059955824166536324 29.047111511230472 1.0000000180025095e-35 0.98318150639534008 57.589284896850593 0.78983551263809215
decision_type=2 2 2 2 2 2 2 2 2 2 2 2
left_child=3 9 -3 5 -5 7 -7 -1 -4 11 -11 -2
right_child=1 2 8 4 -6 6 -8 -9 -10 10 -12 -13
leaf_value=-1.013722539641989e-05 1.6545979144276806e-05 0.0042389261799829214 0.00016154780934345971 0.0049821264742603219 9.2514956094305264e-05 0.00034843546940348404 -0.0068592563639684181 0.00044142831626746621 0.0011332797508690538 -0.00017752201701385991 -0.0039624849885228968 0.00032597708364090234
leaf_weight=774289 116244 55 19847 47 55 40 30 2750 566 6386 83 6277
leaf_count=774289 116244 55 19847 47 55 40 30 2750 566 6386 83 6277
internal_value=-2.69849e-12 4.4078e-05 0.000199375 -8.47621e-06 0.00234557 -8.7852e-06 -0.00274058 -8.5391e-06 0.000188491 1.94355e-05 -0.000226085 3.23988e-05
internal_weight=926669 149458 20468 777211 102 777109 70 777039 20413 128990 6469 122521
internal_count=926669 149458 20468 777211 102 777109 70 777039 20413 128990 6469 122521
is_linear=0
shrinkage=0.0177717


Tree=91
num_leaves=12
num_cat=0
split_feature=0 5 60 5 19 29 68 60 67 19 5
split_gain=1.07679 3.80372 2.32049 33.289 14.1725 2.29477 4.37268 1.62864 2.84158 1.31684 1.12518
threshold=1.0000000180025095e-35 3.65057384967804 1.0000000180025095e-35 3.1567740440368657 2.5795441865921025 0.53959050774574291 -0.041332654654979699 1.0000000180025095e-35 -0.050594890490174287 4.1590447425842294 2.4414010047912602
decision_type=2 2 2 2 2 2 2 2 2 2 2
left_child=1 7 5 4 -4 6 -2 10 -9 -7 -1
right_child=2 -3 3 -5 -6 9 -8 8 -10 -11 -12
leaf_value=-3.1445054483300881e-05 0.00046533632386022575 -0.0050851059385597112 -0.0010684104300991157 -0.014847780644354047 0.0088845020580892737 -2.7427310848184478e-06 5.4441140437098666e-05 0.0067662682568971066 -0.00096880652176798234 0.00018877392678503664 0.00066865181416208262
leaf_weight=270209 9334 47 234 50 56 568228 66154 30 30 11570 727
leaf_count=270209 9334 47 234 50 56 568228 66154 30 30 11570 727
internal_value=-1.89628e-12 -2.97949e-05 1.23175e-05 -0.00145549 0.000853531 1.30791e-05 0.000105248 -2.89182e-05 0.00289873 1.07903e-06 -2.95665e-05
internal_weight=926669 271043 655626 340 290 655286 75488 270996 60 579798 270936
internal_count=926669 271043 655626 340 290 655286 75488 270996 60 579798 270936
is_linear=0
shrinkage=0.0177717


Tree=92
num_leaves=15
num_cat=0
split_feature=10 2 29 71 71 67 10 71 69 30 17 69 71 32
split_gain=1.07013 4.73392 3.92305 15.1185 4.70996 3.27134 9.76984 2.50705 4.81529 4.84455 1.60416 1.40071 7.1968 1.4306
threshold=3.5127768516540532 2.5000000000000004 1.0000000180025095e-35 4.4028501510620126 3.1210035085678105 -0.033081635832786553 4.1198248863220224 4.7292296886444101 36.750000000000007 1.9216784834861758 1.0000000180025095e-35 36.750000000000007 4.1207323074340829 0.77267900109291088
decision_type=2 2 2 2 2 2 2 2 2 2 2 2 2 2
left_child=7 5 3 -3 -4 10 -7 11 9 -9 -2 13 -13 -1
right_child=1 2 4 -5 -6 6 -8 8 -10 -11 -12 12 -14 -15
leaf_value=-6.8981998905466299e-06 -0.00051639546555437902 0.00049428415538297634 9.3663109346626691e-06 0.010522804233840175 -0.00070893657799788162 -0.0003309678512633693 -0.010849744217971996 0.0065052086787599191 0.0054798875609217658 0.00022926833981875135 -0.0020513883229036265 -0.00040017079137125025 -0.0090165370674194761 6.7161769700732325e-05
leaf_weight=798094 986 546 20649 52 3351 83 42 39 56 9896 275 708 32 91860
leaf_count=798094 986 546 20649 52 3351 83 42 39 56 9896 275 708 32 91860
internal_value=6.38327e-13 -0.00011244 -5.54995e-05 0.00136633 -9.09267e-05 -0.00112299 -0.00386528 3.24379e-06 0.000283197 0.000253905 -0.000851148 1.03535e-07 -0.00077277 7.46183e-07
internal_weight=926669 25984 24598 598 24000 1386 125 900685 9991 9935 1261 890694 740 889954
internal_count=926669 25984 24598 598 24000 1386 125 900685 9991 9935 1261 890694 740 889954
is_linear=0
shrinkage=0.0177717


Tree=93
num_leaves=9
num_cat=0
split_feature=8 32 1 6 61 10 2 19
split_gain=1.06729 1.14919 3.25098 4.89245 2.35545 1.1924 4.68894 1.94604
threshold=31.500000000000004 0.99588799476623546 1.0000000180025095e-35 1.3709694743156435 1.0000000180025095e-35 3.5127768516540532 2.5000000000000004 4.5969796180725107
decision_type=2 2 2 2 2 2 2 2
left_child=1 5 3 -3 -4 7 -7 -1
right_child=-2 2 4 -5 -6 6 -8 -9
leaf_value=6.6901882608932594e-07 -0.0030599382025078619 0.0093246625285556949 -0.0021520081703807268 0.00070071764605981188 0.0002732273302141257 -0.0011527599624586789 -6.4870333457639939e-05 0.0004891752792773261
leaf_weight=893786 36 31 130 63 4673 1320 24047 2583
leaf_count=893786 36 31 130 63 4673 1320 24047 2583
internal_value=1.6991e-12 1.18881e-07 0.000271644 0.00354478 0.000207585 -1.32368e-06 -0.00012148 2.07671e-06
internal_weight=926669 926633 4897 94 4803 921736 25367 896369
internal_count=926669 926633 4897 94 4803 921736 25367 896369
is_linear=0
shrinkage=0.0177717


Tree=94
num_leaves=13
num_cat=0
split_feature=63 29 30 35 72 1 65 5 65 66 71 8
split_gain=1.05839 48.8319 20.5478 10.5344 4.07679 3.96323 4.95024 5.08281 2.08716 1.79402 4.44044 1.49275
threshold=1.0000000180025095e-35 1.3323209881782534 0.92866650223732006 0.36492000520229345 0.74674996733665477 1.5000000000000002 0.12073174864053728 1.8688347935676577 0.024731080979108814 -0.022426406852900978 4.1207323074340829 31.500000000000004
decision_type=2 2 2 2 2 2 2 2 2 2 2 2
left_child=1 2 4 -4 -1 6 8 -8 -2 10 -7 -11
right_child=5 -3 3 -5 -6 9 7 -9 -10 11 -12 -13
leaf_value=-0.0011250174796416507 0.00017803730146777653 -0.02020014622020239 0.0012352632883611712 -8.2229955977052621e-05 -0.0076130171159789466 5.6606421120067088e-05 -0.00040237546523033181 -0.001765716633601372 0.0023518134509618507 -5.7367633934720112e-06 0.0007175371825067162 -0.0037855889635734622
leaf_weight=2304 1482 37 4604 3284 31 61285 3291 1171 154 845605 3388 33
leaf_count=2304 1482 37 4604 3284 31 61285 3291 1171 154 845605 3388 33
internal_value=-1.34234e-12 0.000179499 0.000253259 0.000686753 -0.00121115 -2.00965e-06 -0.000453565 -0.000760168 0.000382659 1.01524e-06 9.12304e-05 -5.88427e-06
internal_weight=926669 10260 10223 7888 2335 916409 6098 4462 1636 910311 64673 845638
internal_count=926669 10260 10223 7888 2335 916409 6098 4462 1636 910311 64673 845638
is_linear=0
shrinkage=0.0177717


Tree=95
num_leaves=15
num_cat=0
split_feature=36 69 60 70 4 17 15 21 19 1 15 8 0 20
split_gain=1.03605 1.75871 1.93637 13.3829 1.74708 1.87113 1.60783 5.01836 4.82555 1.46091 1.29448 2.03004 0.820186 0.266256
threshold=1.0000000180025095e-35 0.86607143282890331 1.0000000180025095e-35 0.16924867033958438 82.333332061767592 0.81162449717521679 5.9853553771972665 9.8056259155273455 5.2135236263275155 4.5000000000000009 5.1176729202270517 4.5741758346557626 1.5000000000000002 11.982758522033693
decision_type=2 2 2 2 2 2 2 2 2 2 2 2 2 2
left_child=4 10 9 -4 6 13 8 -8 -1 -3 11 -2 -12 -6
right_child=1 2 3 -5 5 -7 7 -9 -10 -11 12 -13 -14 -15
leaf_value=-8.4752043439590623e-06 0.00029404040585371009 -0.0033649350551133305 -0.010038034228484231 0.004988297858930661 -0.00075018940378863952 0.0053767642595042272 0.0021810276880090775 -0.0015805703281598828 0.0027733218021184576 3.1886867606590107e-05 0.0020794470308869817 0.0012792882785845566 -0.00037479461424334772 0.0015607803737788938
leaf_weight=776196 5135 40 39 36 31 39 139 577 197 142434 45 758 971 32
leaf_count=776196 5135 40 39 36 31 39 139 577 197 142434 45 758 971 32
internal_value=1.07004e-12 4.28516e-05 2.94304e-05 -0.00282539 -8.24039e-06 0.00231748 -8.54565e-06 -0.000850316 -7.76936e-06 3.09332e-05 0.000319764 0.00042077 -0.000266093 0.000423637
internal_weight=926669 149458 142549 75 777211 102 777109 716 776393 142474 6909 5893 1016 63
internal_count=926669 149458 142549 75 777211 102 777109 716 776393 142474 6909 5893 1016 63
is_linear=0
shrinkage=0.0177717


Tree=96
num_leaves=12
num_cat=0
split_feature=0 5 60 5 19 29 68 60 67 2 30
split_gain=1.028 3.67148 2.21476 31.8789 13.6674 2.19848 4.21392 1.58691 2.75391 1.33 1.08699
threshold=1.0000000180025095e-35 3.65057384967804 1.0000000180025095e-35 3.1567740440368657 2.5795441865921025 0.53959050774574291 -0.041332654654979699 1.0000000180025095e-35 -0.050594890490174287 11.500000000000002 3.6541764736175542
decision_type=2 2 2 2 2 2 2 2 2 2 2
left_child=1 7 5 4 -4 6 -2 10 -9 -7 -1
right_child=2 -3 3 -5 -6 9 -8 8 -10 -11 -12
leaf_value=-2.8107757126862067e-05 0.00045648452344688599 -0.0049957677814114025 -0.0010497392114046256 -0.014527521491306664 0.0087242146979260287 -0.00010180136392053449 5.3117756150800475e-05 0.0066690569014977675 -0.00094575534757090939 8.0788561559116448e-06 -0.0016473543740511969
leaf_weight=270805 9334 47 234 50 56 37175 66154 30 30 542623 131
leaf_count=270805 9334 47 234 50 56 37175 66154 30 30 542623 131
internal_value=4.15032e-13 -2.91121e-05 1.20353e-05 -0.00142194 0.000837645 1.27793e-05 0.000102994 -2.82507e-05 0.00286165 1.03365e-06 -2.88907e-05
internal_weight=926669 271043 655626 340 290 655286 75488 270996 60 579798 270936
internal_count=926669 271043 655626 340 290 655286 75488 270996 60 579798 270936
is_linear=0
shrinkage=0.0177717


Tree=97
num_leaves=15
num_cat=0
split_feature=17 70 34 32 8 3 4 10 2 29 67 24 30 8
split_gain=1.02787 2.23595 3.62324 2.58886 1.96096 2.79176 1.39826 1.02627 4.38457 3.50481 3.39877 1.63968 7.05957 1.55533
threshold=1.2428609728813174 0.16527522355318072 0.12182600423693658 0.99794700741767894 4.8038461208343515 5.9597148895263681 22.67424297332764 3.5127768516540532 2.5000000000000004 1.0000000180025095e-35 -0.031837221235036843 12.448583602905275 1.9845214486122134 26.500000000000004
decision_type=2 2 2 2 2 2 2 2 2 2 2 2 2 2
left_child=7 4 -3 -4 6 -6 -2 11 10 -10 -9 13 -13 -1
right_child=1 2 3 -5 5 -7 -8 8 9 -11 -12 12 -14 -15
leaf_value=1.2477842429426684e-06 0.00064178489902053473 -0.0054282370796701583 0.00010635068256390101 -0.0044188609695542504 0.002502625136817063 0.00026413983095396963 -0.0010080418145049898 -0.00081488943283764741 0.0012902706647909704 -9.0643608733996064e-05 -0.0039238845928654667 0.0091170433840201976 0.00041125355959692852 -0.0031978843498379423
leaf_weight=896142 643 40 1529 41 388 322 217 1238 595 23796 122 30 1518 48
leaf_count=896142 643 40 1529 41 388 322 217 1238 595 23796 122 30 1518 48
internal_value=-2.24153e-12 0.000318963 -0.000146393 -1.18236e-05 0.000796175 0.00148742 0.000225491 -1.09834e-06 -0.000111716 -5.69572e-05 -0.00109378 2.07464e-06 0.00057997 1.07644e-06
internal_weight=926669 3180 1610 1570 1570 710 860 923489 25751 24391 1360 897738 1548 896190
internal_count=926669 3180 1610 1570 1570 710 860 923489 25751 24391 1360 897738 1548 896190
is_linear=0
shrinkage=0.0177717


Tree=98
num_leaves=13
num_cat=0
split_feature=63 29 30 35 72 2 65 1 17 66 71 8
split_gain=1.01703 47.097 19.8086 10.1771 3.94341 3.8231 5.57992 7.85036 4.54825 1.78894 4.26256 1.44313
threshold=1.0000000180025095e-35 1.3323209881782534 0.92866650223732006 0.36492000520229345 0.74674996733665477 1.5000000000000002 0.12073174864053728 158.50000000000003 1.0000000180025095e-35 -0.022426406852900978 4.1207323074340829 31.500000000000004
decision_type=2 2 2 2 2 2 2 2 2 2 2 2
left_child=1 2 4 -4 -1 6 7 -2 -8 10 -7 -11
right_child=5 -3 3 -5 -6 9 8 -9 -10 11 -12 -13
leaf_value=-0.0011047211352435734 0.00064133221845448431 -0.019838386384669098 0.001213148312724402 -8.1811151427679796e-05 -0.0074857043631108592 5.744301047602166e-05 -0.00049463598024449072 -0.0031395245750506754 -0.0018895925358354479 -5.6040504683946053e-06 0.00070711352098935007 -0.0037221099667031198
leaf_weight=2304 1991 37 4604 3284 31 61215 3565 190 931 845119 3365 33
leaf_count=2304 1991 37 4604 3284 31 61215 3565 190 931 845119 3365 33
internal_value=-1.11327e-12 0.000175956 0.000248394 0.00067402 -0.00118944 -1.96999e-06 -0.000425671 0.000311959 -0.000783494 1.13978e-06 9.12947e-05 -5.74917e-06
internal_weight=926669 10260 10223 7888 2335 916409 6677 2181 4496 909732 64580 845152
internal_count=926669 10260 10223 7888 2335 916409 6677 2181 4496 909732 64580 845152
is_linear=0
shrinkage=0.0177717


Tree=99
num_leaves=9
num_cat=0
split_feature=29 65 5 69 8 0 73 60
split_gain=1.01844 8.14731 7.08654 6.15492 1.41421 1.38788 3.56781 2.18241
threshold=1.0000000180025095e-35 0.25457374751567846 4.0342013835906991 36.750000000000007 31.500000000000004 1.0000000180025095e-35 14.097233295440676 1.0000000180025095e-35
decision_type=2 2 2 2 2 2 2 2
left_child=1 2 3 -1 5 6 -2 -7
right_child=4 -3 -4 -5 -6 7 -8 -9
leaf_value=6.9178860068101774e-05 -4.0927592162451631e-05 0.0081952446488220403 0.0067569017794402398 -0.0060480148818334812 -0.0036290223875712771 9.6585309089686548e-06 -0.0046524402719912662 -0.0014251340532951565
leaf_weight=53138 229375 39 50 52 34 643593 53 335
leaf_count=53138 229375 39 50 52 34 643593 53 335
internal_value=-4.8528e-13 7.54329e-05 6.94849e-05 6.31985e-05 -4.6016e-06 -4.4605e-06 -4.19929e-05 8.91209e-06
internal_weight=926669 53279 53240 53190 873390 873356 229428 643928
internal_count=926669 53279 53240 53190 873390 873356 229428 643928
is_linear=0
shrinkage=0.0177717


Tree=100
num_leaves=15
num_cat=0
split_feature=27 63 30 13 12 2 27 60 1 29 30 9 41 10
split_gain=1.01412 4.54527 8.04613 9.70283 9.57175 4.11634 4.92814 3.70747 1.79871 34.7011 15.3251 0.82148 1.14902 0.662252
threshold=0.53093749284744274 1.0000000180025095e-35 2.9649665355682377 3.3307179212570195 8.2752523422241229 1.5000000000000002 0.53839349746704113 1.0000000180025095e-35 1.0000000180025095e-35 1.3323209881782534 1.0965619683265688 5.4235370159149179 1.0000000180025095e-35 2.6585575342178349
decision_type=2 2 2 2 2 2 2 2 2 2 2 2 2 2
left_child=8 2 3 -2 -4 6 -3 -7 9 10 -1 13 -13 -10
right_child=1 5 4 -5 -6 7 -8 -9 11 -11 -12 12 -14 -15
leaf_value=-0.001582372211780398 0.00048978791419951057 -0.007629643222264902 0.013244463918628322 -0.0065751222045829479 0.00075068952452527155 2.4265695079562882e-05 -0.00040876339070955697 -0.0025557584101206124 -6.9089589429832542e-06 -0.017289338520508516 0.00065027388471229164 0.00025972239149057926 -0.0011892222542547134 -6.6040679017957243e-05
leaf_weight=1600 6310 30 34 62 45 344453 6023 176 492116 38 2470 5036 179 68097
leaf_count=1600 6310 30 34 62 45 344453 6023 176 492116 38 2470 5036 179 68097
internal_value=-3.60134e-13 2.34778e-05 0.000490931 0.000421046 0.00612776 1.48787e-05 -0.000444552 2.29481e-05 -1.4722e-05 -0.000385252 -0.000227425 -1.203e-05 0.000209989 -1.40967e-05
internal_weight=926669 357133 6451 6372 79 350682 6053 344629 569536 4108 4070 565428 5215 560213
internal_count=926669 357133 6451 6372 79 350682 6053 344629 569536 4108 4070 565428 5215 560213
is_linear=0
shrinkage=0.0177717


Tree=101
num_leaves=9
num_cat=0
split_feature=4 12 69 8 10 2 71 1
split_gain=1.00578 4.22093 1.6465 1.42207 1.04149 4.09611 2.51876 0.581015
threshold=82.333332061767592 50.350000381469734 0.99717912077903759 11.025000095367433 3.5127768516540532 2.5000000000000004 4.7292296886444101 7.5000000000000009
decision_type=2 2 2 2 2 2 2 2
left_child=1 4 3 -2 6 -6 -1 -5
right_child=2 -3 -4 7 5 -7 -8 -9
leaf_value=-4.7510022165203996e-08 0.0035690761760479497 -0.0066663437011511657 0.0037571654927790305 -0.0017987999337260472 -0.0010547414379226717 -5.8278722130534386e-05 0.0002849362416090391 0.00037782418497388958
leaf_weight=890550 37 30 57 54 1376 24524 9904 137
leaf_count=890550 37 30 57 54 1376 24524 9904 137
internal_value=-2.65032e-12 -3.2475e-07 0.00105558 0.000380187 -1.08871e-07 -0.000111218 3.087e-06 -0.000237556
internal_weight=926669 926384 285 228 926354 25900 900454 191
internal_count=926669 926384 285 228 926354 25900 900454 191
is_linear=0
shrinkage=0.0177717


Tree=102
num_leaves=9
num_cat=0
split_feature=29 65 5 69 8 0 5 60
split_gain=0.989496 7.85977 6.83679 5.93282 1.37991 1.34055 3.53193 2.04622
threshold=1.0000000180025095e-35 0.25457374751567846 4.0342013835906991 36.750000000000007 31.500000000000004 1.0000000180025095e-35 3.65057384967804 1.0000000180025095e-35
decision_type=2 2 2 2 2 2 2 2
left_child=1 2 3 -1 5 6 -2 -7
right_child=4 -3 -4 -5 -6 7 -8 -9
leaf_value=6.8208187583525164e-05 -4.0295760326647419e-05 0.0080495920405224564 0.0066370255279694212 -0.0059376025748183901 -0.003584737443080565 9.4689839418778899e-06 -0.0049652360335050334 -0.0013798326909391448
leaf_weight=53138 229382 39 50 52 34 643593 46 335
leaf_count=53138 229382 39 50 52 34 643593 46 335
internal_value=5.48944e-13 7.43534e-05 6.85113e-05 6.23367e-05 -4.53575e-06 -4.39637e-06 -4.12832e-05 8.74621e-06
internal_weight=926669 53279 53240 53190 873390 873356 229428 643928
internal_count=926669 53279 53240 53190 873390 873356 229428 643928
is_linear=0
shrinkage=0.0177717


Tree=103
num_leaves=13
num_cat=0
split_feature=17 22 29 8 28 10 2 29 67 24 30 8
split_gain=0.979057 2.19046 1.9309 2.96329 1.76063 0.964237 4.06219 3.35146 3.28085 1.57591 6.81172 1.4444
threshold=1.2428609728813174 2.3180040121078496 0.65051501989364635 5.6132481098175058 12.768312454223635 3.5127768516540532 2.5000000000000004 1.0000000180025095e-35 -0.031837221235036843 12.448583602905275 1.9845214486122134 26.500000000000004
decision_type=2 2 2 2 2 2 2 2 2 2 2 2
left_child=5 -2 3 -3 -4 9 8 -8 -7 11 -11 -1
right_child=1 2 4 -5 -6 6 7 -9 -10 10 -12 -13
leaf_value=1.1901685420004935e-06 -0.0044681611672842108 8.9249697793466535e-05 0.00023143718986285382 0.0024805336582615399 -0.0020884649769296096 -0.00077955504819089434 0.0012618387486321675 -8.8528215281496477e-05 -0.0038341406825802287 0.0089544280204184017 0.00040282205014722968 -0.0030817491342291499
leaf_weight=896142 30 348 2385 309 108 1238 595 23796 122 30 1518 48
leaf_count=896142 30 348 2385 309 108 1238 595 23796 122 30 1518 48
internal_value=-2.6503e-12 0.000311296 0.000356815 0.00121392 0.000130936 -1.07194e-06 -0.000108294 -5.5587e-05 -0.00105357 2.00365e-06 0.000568551 1.02505e-06
internal_weight=926669 3180 3150 657 2493 923489 25751 24391 1360 897738 1548 896190
internal_count=926669 3180 3150 657 2493 923489 25751 24391 1360 897738 1548 896190
is_linear=0
shrinkage=0.0177717


Tree=104
num_leaves=9
num_cat=0
split_feature=4 12 69 8 32 1 35 1
split_gain=0.977238 4.07817 1.60405 1.3614 0.97767 4.0444 1.16968 0.562621
threshold=82.333332061767592 50.350000381469734 0.99717912077903759 11.025000095367433 0.99588799476623546 1.0000000180025095e-35 0.73602500557899486 7.5000000000000009
decision_type=2 2 2 2 2 2 2 2
left_child=1 4 3 -2 6 -6 -1 -5
right_child=2 -3 -4 7 5 -7 -8 -9
leaf_value=4.7469857436630448e-07 0.0034939882067930579 -0.0065526430879987068 0.003707025527638538 -0.0017668872344195035 0.0040274702024834597 0.0001822294729651917 -0.00021220435426536023 0.00037500556767652724
leaf_weight=913301 37 30 57 54 88 4724 8241 137
leaf_count=913301 37 30 57 54 88 4724 8241 137
internal_value=-1.52646e-12 -3.20108e-07 0.0010405 0.000373866 -1.07911e-07 0.00025255 -1.42721e-06 -0.000230556
internal_weight=926669 926384 285 228 926354 4812 921542 191
internal_count=926669 926384 285 228 926354 4812 921542 191
is_linear=0
shrinkage=0.0177717


Tree=105
num_leaves=15
num_cat=0
split_feature=27 63 30 13 20 2 27 60 1 29 6 15 21 10
split_gain=0.975644 4.39388 7.70661 9.37936 9.34191 3.9282 4.75292 3.51998 1.73142 33.4728 15.063 0.806046 1.32659 1.0676
threshold=0.53093749284744274 1.0000000180025095e-35 2.9649665355682377 3.3307179212570195 2.7801934480667119 1.5000000000000002 0.53839349746704113 1.0000000180025095e-35 1.0000000180025095e-35 1.3323209881782534 1.9934304952621462 4.7274799346923837 9.7516632080078143 2.6585575342178349
decision_type=2 2 2 2 2 2 2 2 2 2 2 2 2 2
left_child=8 2 3 -2 -4 6 -3 -7 9 10 -1 13 -13 -10
right_child=1 5 4 -5 -6 7 -8 -9 11 -11 -12 12 -14 -15
leaf_value=-0.00012521550662131573 0.00048182251977415088 -0.0074904326382918794 0.012347212900645261 -0.006464327255714367 0.00011576357473500378 2.3740129320337387e-05 -0.00039908832656349822 -0.002490199574463827 -6.5582214841747206e-06 -0.016980192496526172 -0.012181032849070425 0.00052367177280752454 4.7158154396042289e-05 -8.5999382143203841e-05
leaf_weight=4037 6310 30 38 62 41 344453 6023 176 491343 38 33 2182 11955 59948
leaf_count=4037 6310 30 38 62 41 344453 6023 176 491343 38 33 2182 11955 59948
internal_value=-2.32891e-12 2.30282e-05 0.000482631 0.000414236 0.00599925 1.45735e-05 -0.000434235 2.24563e-05 -1.444e-05 -0.000377974 -0.000222965 -1.17988e-05 0.000120706 -1.51967e-05
internal_weight=926669 357133 6451 6372 79 350682 6053 344629 569536 4108 4070 565428 14137 551291
internal_count=926669 357133 6451 6372 79 350682 6053 344629 569536 4108 4070 565428 14137 551291
is_linear=0
shrinkage=0.0177717


Tree=106
num_leaves=15
num_cat=0
split_feature=36 72 30 35 4 27 32 69 60 2 1 15 8 0
split_gain=0.968758 1.69381 5.9647 2.97418 2.80511 5.13155 3.7074 1.68652 1.70254 13.4817 1.40666 1.25393 1.92501 0.793244
threshold=1.0000000180025095e-35 29.047111511230472 2.4321665763854985 0.21970649808645251 29.022727966308597 0.9466020166873933 0.99873849749565136 0.86607143282890331 1.0000000180025095e-35 364.50000000000006 4.5000000000000009 5.1176729202270517 4.5741758346557626 1.5000000000000002
decision_type=2 2 2 2 2 2 2 2 2 2 2 2 2 2
left_child=1 4 -3 -4 6 -6 -1 11 10 -10 -9 12 -2 -13
right_child=7 2 3 -5 5 -7 -8 8 9 -11 -12 13 -14 -15
leaf_value=-7.7650235697343729e-06 0.00028860985446733429 0.00616832450089249 -0.0024266192529798758 0.0004337520612065017 -5.1396798594404717e-05 -0.001649944343145329 0.0051510618908988419 -0.0033025188317241864 0.0035035333816472777 -0.011876839832738236 3.0638757814163249e-05 0.0020426922578518731 0.0012480316558485473 -0.00037090308298156667
leaf_weight=771408 5135 56 120 2655 1999 929 44 40 45 30 142434 45 758 971
leaf_count=771408 5135 56 120 2655 1999 929 44 40 45 30 142434 45 758 971
internal_value=-4.04609e-12 -7.9683e-06 0.000425943 0.00031006 -9.55461e-06 -0.000558586 -7.47079e-06 4.14367e-05 2.82938e-05 -0.00264862 2.9703e-05 0.000312606 0.000412018 -0.000264002
internal_weight=926669 777211 2831 2775 774380 2928 771452 149458 142549 75 142474 6909 5893 1016
internal_count=926669 777211 2831 2775 774380 2928 771452 149458 142549 75 142474 6909 5893 1016
is_linear=0
shrinkage=0.0177717


Tree=107
num_leaves=12
num_cat=0
split_feature=16 32 32 71 69 12 15 29 1 5 2
split_gain=0.954471 4.97408 3.60598 8.60915 2.67293 20.3328 5.83509 2.48029 7.00956 2.30151 1.23761
threshold=1.2172845005989077 0.99845400452613842 0.97681450843811046 3.3190220594406132 36.750000000000007 1.7207794785499575 5.2577958106994638 1.0206965208053591 1.0000000180025095e-35 4.8081026077270517 3.5000000000000004
decision_type=2 2 2 2 2 2 2 2 2 2 2
left_child=1 2 10 -4 7 -6 -7 9 -9 -2 -1
right_child=4 -3 3 -5 5 6 -8 8 -10 -11 -12
leaf_value=0.00015468454823038604 7.181882500632203e-05 0.0072242243868007672 -0.00022792974998467875 -0.0025534942701890486 -0.013766252342347468 -0.00082220130063854623 0.0066261729894165639 -0.0018056225822183406 -1.6299341437379812e-05 0.0007227049972949104 -1.1219974806298804e-05
leaf_weight=14536 147327 30 8344 535 38 430 36 695 136135 1736 616827
leaf_count=14536 147327 30 8344 535 38 430 36 695 136135 1736 616827
internal_value=1.09574e-13 -1.20629e-05 -1.2402e-05 -0.000368056 2.69679e-05 -0.00126611 -0.00024679 2.92475e-05 -2.53878e-05 7.93991e-05 -7.40032e-06
internal_weight=926669 640272 640242 8879 286397 504 466 285893 136830 149063 631363
internal_count=926669 640272 640242 8879 286397 504 466 285893 136830 149063 631363
is_linear=0
shrinkage=0.0177717


Tree=108
num_leaves=11
num_cat=0
split_feature=4 12 18 25 10 71 71 6 32 20
split_gain=0.942616 3.93818 1.56967 2.92047 0.989226 3.80848 2.395 0.742216 0.409606 0.263305
threshold=82.333332061767592 50.350000381469734 0.81162449717521679 5.427147865295411 3.5127768516540532 3.1210035085678105 4.7292296886444101 2.3374580144882207 0.99579548835754406 12.142857074737551
decision_type=2 2 2 2 2 2 2 2 2 2
left_child=1 4 8 -4 6 -6 -1 -5 9 -2
right_child=2 -3 3 7 5 -7 -8 -9 -10 -11
leaf_value=-4.7744318183671626e-08 -6.0689517835271043e-05 -0.0064391917537650967 0.0069930429018799532 0.0025734469509076778 -1.6331258442187247e-05 -0.00061286788381643249 0.00027784631710259445 -0.00081215283805925644 -0.0017524771948992136 0.0017892159907436133
leaf_weight=890550 101 30 34 39 21903 3997 9904 43 36 32
leaf_count=890550 101 30 34 39 21903 3997 9904 43 36 32
internal_value=4.24356e-13 -3.14385e-07 0.0010219 0.00261384 -1.05862e-07 -0.000108391 3.00878e-06 0.000798071 -7.07924e-05 0.000384401
internal_weight=926669 926384 285 116 926354 25900 900454 82 169 133
internal_count=926669 926384 285 116 926354 25900 900454 82 169 133
is_linear=0
shrinkage=0.0177717


Tree=109
num_leaves=9
num_cat=0
split_feature=29 65 5 69 8 0 73 60
split_gain=0.941314 7.58411 6.58287 5.70914 1.34489 1.28305 3.44015 1.89207
threshold=1.0000000180025095e-35 0.25457374751567846 4.0342013835906991 36.750000000000007 31.500000000000004 1.0000000180025095e-35 14.097233295440676 1.0000000180025095e-35
decision_type=2 2 2 2 2 2 2 2
left_child=1 2 3 -1 5 6 -2 -7
right_child=4 -3 -4 -5 -6 7 -8 -9
leaf_value=6.6482692857087951e-05 -3.9327418725157112e-05 0.0079066597467554196 0.0065121650851148122 -0.0058250221542478246 -0.0035389078090683852 9.2663288391841058e-06 -0.0045675837352347776 -0.0013266817229013236
leaf_weight=53138 229375 39 50 52 34 643593 53 335
leaf_count=53138 229375 39 50 52 34 643593 53 335
internal_value=-1.4123e-12 7.25206e-05 6.67818e-05 6.0723e-05 -4.42394e-06 -4.28634e-06 -4.03735e-05 8.57131e-06
internal_weight=926669 53279 53240 53190 873390 873356 229428 643928
internal_count=926669 53279 53240 53190 873390 873356 229428 643928
is_linear=0
shrinkage=0.0177717


Tree=110
num_leaves=15
num_cat=0
split_feature=15 9 65 5 35 36 39 69 68 24 69 19 10 5
split_gain=0.928253 3.37269 7.68752 2.52923 2.57502 3.34112 1.85623 4.68544 1.98035 1.81444 3.94579 1.66028 1.5579 0.82368
threshold=4.5911979675292978 5.6190409660339364 0.030568544752895836 4.8402345180511483 0.39399750530719763 1.0000000180025095e-35 1.0000000180025095e-35 36.750000000000007 -0.10704680904746054 9.2437348365783709 16.545454978942875 4.0676238536834726 3.7427303791046147 2.1383330821990971
decision_type=2 2 2 2 2 2 2 2 2 2 2 2 2 2
left_child=1 9 13 6 12 -6 7 -2 -8 11 -11 -1 -5 -3
right_child=3 2 -4 4 5 -7 8 -9 -10 10 -12 -13 -14 -15
leaf_value=-4.0321453654746742e-07 -0.00019063202182500517 -0.0024824563003494567 -0.010690825714533187 0.00033114267591835626 0.0027026409415270834 0.00059540377891709423 0.00094462380877687871 0.005434014077553756 9.2010887704280358e-05 -0.00014749965777056495 -0.0045664309897554302 0.0005527797039601033 -0.0016164714372007703 0.00040765840109268725
leaf_weight=859201 9802 51 30 1050 354 723 886 47 29773 22743 64 1717 148 80
leaf_count=859201 9802 51 30 1050 354 723 886 47 29773 22743 64 1717 148 80
internal_value=1.13134e-12 -3.91326e-06 -0.00257588 8.08469e-05 0.000657439 0.00128803 4.84645e-05 -0.000163791 0.00011665 -3.44469e-06 -0.0001599 7.00044e-07 9.05359e-05 -0.000717501
internal_weight=926669 883886 161 42783 2275 1077 40508 9849 30659 883725 22807 860918 1198 131
internal_count=926669 883886 161 42783 2275 1077 40508 9849 30659 883725 22807 860918 1198 131
is_linear=0
shrinkage=0.0177717


Tree=111
num_leaves=15
num_cat=0
split_feature=27 63 30 12 13 2 27 60 1 29 30 9 41 71
split_gain=0.92443 4.22733 7.48713 9.01058 9.00707 3.76003 4.58034 3.32249 1.67049 32.2023 14.9191 0.768561 1.10635 0.670639
threshold=0.53093749284744274 1.0000000180025095e-35 2.9649665355682377 8.2752523422241229 3.3307179212570195 1.5000000000000002 0.53839349746704113 1.0000000180025095e-35 1.0000000180025095e-35 1.3323209881782534 1.0965619683265688 5.4235370159149179 1.0000000180025095e-35 2.7994248867034917
decision_type=2 2 2 2 2 2 2 2 2 2 2 2 2 2
left_child=8 2 4 -4 -2 6 -3 -7 9 10 -1 13 -13 -10
right_child=1 5 3 -5 -6 7 -8 -9 11 -11 -12 12 -14 -15
leaf_value=-0.0015559784793145073 0.00047204101161097989 -0.0073518824826447338 0.012815654327849377 0.00069365374094563744 -0.0063348591237426715 2.3082246880507293e-05 -0.0003904709190138647 -0.0024193184534993259 -1.0095992188866563e-05 -0.016655249145684552 0.00064689836026011885 0.0002520883716225096 -0.0011696997049499467 -0.00012582993680394956
leaf_weight=1600 6310 30 34 45 62 344453 6023 176 543926 38 2470 5036 179 16287
leaf_count=1600 6310 30 34 45 62 344453 6023 176 543926 38 2470 5036 179 16287
internal_value=4.10027e-13 2.24156e-05 0.000473223 0.00591072 0.000405809 1.41227e-05 -0.000424973 2.18349e-05 -1.40559e-05 -0.000371136 -0.000219097 -1.14616e-05 0.000203287 -1.34607e-05
internal_weight=926669 357133 6451 79 6372 350682 6053 344629 569536 4108 4070 565428 5215 560213
internal_count=926669 357133 6451 79 6372 350682 6053 344629 569536 4108 4070 565428 5215 560213
is_linear=0
shrinkage=0.0177717


Tree=112
num_leaves=9
num_cat=0
split_feature=29 65 5 69 8 0 5 60
split_gain=0.915087 7.31627 6.3461 5.50862 1.30434 1.23583 3.40551 1.77236
threshold=1.0000000180025095e-35 0.25457374751567846 4.0342013835906991 36.750000000000007 31.500000000000004 1.0000000180025095e-35 3.65057384967804 1.0000000180025095e-35
decision_type=2 2 2 2 2 2 2 2
left_child=1 2 3 -1 5 6 -2 -7
right_child=4 -3 -4 -5 -6 7 -8 -9
leaf_value=6.5575411453116473e-05 -3.8673489243718909e-05 0.0077660620377783401 0.0063942766815159738 -0.0057215434930943066 -0.0034851446285555534 9.0650952129900822e-06 -0.0048746708093898514 -0.0012839312535808569
leaf_weight=53138 229382 39 50 52 34 643593 46 335
leaf_count=53138 229382 39 50 52 34 643593 46 335
internal_value=-1.10626e-12 7.15031e-05 6.58666e-05 5.99178e-05 -4.36187e-06 -4.22637e-06 -3.96431e-05 8.39242e-06
internal_weight=926669 53279 53240 53190 873390 873356 229428 643928
internal_count=926669 53279 53240 53190 873390 873356 229428 643928
is_linear=0
shrinkage=0.0177717


Tree=113
num_leaves=9
num_cat=0
split_feature=4 12 69 8 10 2 71 1
split_gain=0.917472 3.79849 1.55511 1.29104 0.971567 3.74713 2.29359 0.540952
threshold=82.333332061767592 50.350000381469734 0.99717912077903759 11.025000095367433 3.5127768516540532 2.5000000000000004 4.7292296886444101 7.5000000000000009
decision_type=2 2 2 2 2 2 2 2
left_child=1 4 3 -2 6 -6 -1 -5
right_child=2 -3 -4 7 5 -7 -8 -9
leaf_value=-9.7720951452945114e-09 0.003390219195511334 -0.0063239625971821898 0.0036337154858888812 -0.0017432568968501374 -0.0010098555132810284 -5.6785888214663521e-05 0.00027193742980913233 0.00035698353653087475
leaf_weight=890550 37 30 57 54 1376 24524 9904 137
leaf_count=890550 37 30 57 54 1376 24524 9904 137
internal_value=-7.08197e-13 -3.10164e-07 0.00100818 0.000351794 -1.05373e-07 -0.00010742 2.98135e-06 -0.000236802
internal_weight=926669 926384 285 228 926354 25900 900454 191
internal_count=926669 926384 285 228 926354 25900 900454 191
is_linear=0
shrinkage=0.0177717


Tree=114
num_leaves=16
num_cat=0
split_feature=29 27 63 31 1 30 65 12 19 71 15 69 32 16 11
split_gain=0.909505 4.16844 7.404 7.43825 3.83148 8.11034 3.71738 3.09835 1.32178 2.18975 4.65953 1.56415 1.25566 3.89714 0.969219
threshold=0.53959050774574291 0.81142550706863414 1.0000000180025095e-35 2.5000000000000004 5.5000000000000009 0.92866650223732006 0.25457374751567846 24.828571319580082 4.1590447425842294 3.9489709138870244 4.6283576488494882 16.545454978942875 0.9845310151576997 1.469759523868561 3.3497501611709599
decision_type=2 2 2 2 2 2 2 2 2 2 2 2 2 2 2
left_child=1 4 3 -3 5 -1 -4 -6 12 11 -11 -10 14 -14 -2
right_child=8 2 6 -5 7 -7 -8 -9 9 10 -12 -13 13 -15 -16
leaf_value=-0.0012393225280350174 -3.1029297673304505e-06 0.00031805187174760224 0.00012533147467983302 0.0024459510772938298 1.5336206829191183e-06 0.00023701786508528947 0.0048797385497610316 0.0032464206953994458 3.1080716407583871e-05 0.0021818116422200936 0.00029432244338715638 -0.0033290626311327852 -0.00058736898208593331 -1.6108213181596584e-05 -9.9106815336004694e-05
leaf_weight=2386 668170 1250 45210 887 138278 2316 52 93 7847 474 3214 44 4879 16619 34950
leaf_count=2386 668170 1250 45210 887 138278 2316 52 93 7847 474 3214 44 4879 16619 34950
internal_value=-2.14805e-12 3.4614e-05 0.000179057 0.00120127 -1.32387e-05 -0.000512142 0.000130794 3.71453e-06 -8.95548e-06 0.000179423 0.000536912 1.23446e-05 -1.19657e-05 -0.000145757 -7.875e-06
internal_weight=926669 190472 47399 2137 143073 4702 45262 138371 736197 11579 3688 7891 724618 21498 703120
internal_count=926669 190472 47399 2137 143073 4702 45262 138371 736197 11579 3688 7891 724618 21498 703120
is_linear=0
shrinkage=0.0177717


Tree=115
num_leaves=14
num_cat=0
split_feature=36 68 69 27 29 4 28 4 49 32 65 10 2
split_gain=0.907012 1.61858 1.95084 4.5957 2.28876 1.61141 1.74547 1.60874 3.01105 2.26557 1.3456 3.06327 1.04994
threshold=1.0000000180025095e-35 -0.038667576387524598 0.99693721532821666 0.98658648133277904 1.0206965208053591 82.333332061767592 10.868506431579592 29.022727966308597 1.0000000180025095e-35 0.99873849749565136 0.027634528465569023 4.3950660228729257 6.5000000000000009
decision_type=2 2 2 2 2 2 2 2 2 2 2 2 2
left_child=5 2 4 -4 -2 7 -7 9 -9 -1 12 -12 -3
right_child=1 10 3 -5 -6 6 -8 8 -10 -11 11 -13 -14
leaf_value=-6.3832863741055109e-06 0.00058279305399093712 0.00025479464665300732 8.6299686343481352e-05 -0.0018251253558441395 5.4030818512087064e-05 0.0047407738859153526 7.6804118023659373e-05 -0.00014403000698869309 -0.0014337303781850866 0.0036680962054138405 -0.00025008079907642121 -0.0053866078220377867 1.7970950876080995e-05
leaf_weight=772913 5937 6213 5893 426 4580 47 55 3458 685 53 4107 37 122265
leaf_count=772913 5937 6213 5893 426 4580 47 55 3458 685 53 4107 37 122265
internal_value=-1.20735e-12 4.00944e-05 0.000204239 -4.25604e-05 0.000352525 -7.71018e-06 0.00222589 -8.00335e-06 -0.000357268 -6.13134e-06 1.92568e-05 -0.000295943 2.94234e-05
internal_weight=926669 149458 16836 6319 10517 777211 102 777109 4143 772966 132622 4144 128478
internal_count=926669 149458 16836 6319 10517 777211 102 777109 4143 772966 132622 4144 128478
is_linear=0
shrinkage=0.0177717


Tree=116
num_leaves=12
num_cat=0
split_feature=16 32 32 71 69 12 15 29 1 5 2
split_gain=0.889413 4.76516 3.43612 8.30597 2.56383 19.6033 5.56849 2.35814 6.713 2.20291 1.19974
threshold=1.2172845005989077 0.99845400452613842 0.97681450843811046 3.3190220594406132 36.750000000000007 1.7207794785499575 5.2577958106994638 1.0206965208053591 1.0000000180025095e-35 6.0088102817535409 3.5000000000000004
decision_type=2 2 2 2 2 2 2 2 2 2 2
left_child=1 2 10 -4 7 -6 -7 9 -9 -2 -1
right_child=4 -3 3 -5 5 6 -8 8 -10 -11 -12
leaf_value=0.00015249119049796228 7.5369767512378186e-05 0.0070710427884013473 -0.0002215164113099952 -0.002505764352557247 -0.013514222188471276 -0.00080162743458932423 0.0064746000436013834 -0.0017671769812284115 -1.6113646318672667e-05 0.0026752905065358431 -1.0854726125289845e-05
leaf_weight=14536 148960 30 8344 535 38 430 36 695 136135 103 616827
leaf_count=14536 148960 30 8344 535 38 430 36 695 136135 103 616827
internal_value=-1.92882e-13 -1.16445e-05 -1.19764e-05 -0.000359153 2.60326e-05 -0.00124039 -0.000239515 2.82652e-05 -2.50078e-05 7.71663e-05 -7.09398e-06
internal_weight=926669 640272 640242 8879 286397 504 466 285893 136830 149063 631363
internal_count=926669 640272 640242 8879 286397 504 466 285893 136830 149063 631363
is_linear=0
shrinkage=0.0177717


Tree=117
num_leaves=15
num_cat=0
split_feature=10 2 29 71 66 67 10 71 30 69 17 69 71 32
split_gain=0.885318 3.7442 3.44819 14.4948 4.6227 2.9225 9.3129 2.01518 4.63243 4.59658 1.5077 1.0943 6.96457 1.20534
threshold=3.5127768516540532 2.5000000000000004 1.0000000180025095e-35 4.4028501510620126 -0.13119563832879064 -0.033081635832786553 4.1198248863220224 4.7292296886444101 1.9216784834861758 36.750000000000007 1.0000000180025095e-35 36.750000000000007 4.1207323074340829 0.77267900109291088
decision_type=2 2 2 2 2 2 2 2 2 2 2 2 2 2
left_child=7 5 3 -3 -4 10 -7 11 -9 -10 -2 13 -13 -1
right_child=1 2 4 -5 -6 6 -8 8 9 -11 -12 12 -14 -15
leaf_value=-6.3137399415458324e-06 -0.00041952397260413784 0.00042750173048215816 -0.001951094062939184 0.010247005942029553 -5.2248416862329342e-05 -0.00014228455957055765 -0.01041213166797717 0.0063669259059538803 0.00020125573959378588 0.0053072343562533134 -0.0019076510435857565 -0.0003164551309197452 -0.0087926597673356269 6.1665919096687863e-05
leaf_weight=798094 986 546 412 52 23588 83 42 39 9896 56 275 708 32 91860
leaf_count=798094 986 546 412 52 23588 83 42 39 9896 56 275 708 32 91860
internal_value=7.75318e-14 -0.000102271 -5.16313e-05 0.00128137 -8.48453e-05 -0.00100099 -0.00359295 2.95042e-06 0.000253943 0.000229987 -0.000744056 1.35016e-07 -0.000682994 7.0304e-07
internal_weight=926669 25984 24598 598 24000 1386 125 900685 9991 9952 1261 890694 740 889954
internal_count=926669 25984 24598 598 24000 1386 125 900685 9991 9952 1261 890694 740 889954
is_linear=0
shrinkage=0.0177717


Tree=118
num_leaves=9
num_cat=0
split_feature=29 65 5 69 8 0 73 60
split_gain=0.871503 7.0184 6.09609 5.29641 1.2798 1.18162 3.31754 1.7087
threshold=1.0000000180025095e-35 0.25457374751567846 4.0342013835906991 36.750000000000007 31.500000000000004 1.0000000180025095e-35 14.097233295440676 1.0000000180025095e-35
decision_type=2 2 2 2 2 2 2 2
left_child=1 2 3 -1 5 6 -2 -7
right_child=4 -3 -4 -5 -6 7 -8 -9
leaf_value=6.3976091354961368e-05 -3.77265873180797e-05 0.0076060741826508285 0.0062667590153092862 -0.0056105771027444226 -0.0034521402440025055 8.8769341947201481e-06 -0.0044845529527555881 -0.0012606829602982623
leaf_weight=53138 229375 39 50 52 34 643593 53 335
leaf_count=53138 229375 39 50 52 34 643593 53 335
internal_value=2.73638e-13 6.97796e-05 6.4259e-05 5.84285e-05 -4.25673e-06 -4.1225e-06 -3.87538e-05 8.21645e-06
internal_weight=926669 53279 53240 53190 873390 873356 229428 643928
internal_count=926669 53279 53240 53190 873390 873356 229428 643928
is_linear=0
shrinkage=0.0177717


Tree=119
num_leaves=13
num_cat=0
split_feature=63 29 30 35 72 1 65 5 65 66 71 8
split_gain=0.864637 42.8254 17.9844 9.88247 5.97701 3.25117 4.51779 4.79594 1.99928 1.6062 3.97664 1.23065
threshold=1.0000000180025095e-35 1.3323209881782534 0.97712150216102611 0.36492000520229345 1.0702219009399416 1.5000000000000002 0.12073174864053728 1.8688347935676577 0.024731080979108814 -0.022426406852900978 4.1207323074340829 31.500000000000004
decision_type=2 2 2 2 2 2 2 2 2 2 2 2
left_child=1 2 4 -4 -1 6 8 -8 -2 10 -7 -11
right_child=5 -3 3 -5 -6 9 7 -9 -10 11 -12 -13
leaf_value=-0.00092963323158494092 0.00018779531987189626 -0.01892291740478981 0.0012343226094622662 -6.5144822275630247e-05 -0.0089069188364250471 5.3519672899680685e-05 -0.00035615564969695377 -0.0016804656416236996 0.0023153178505828029 -5.4711349083339936e-06 0.00067898193088837696 -0.0034374841469468429
leaf_weight=2651 1482 37 4300 3242 30 61285 3291 1171 154 845605 3388 33
leaf_count=2651 1482 37 4300 3242 30 61285 3291 1171 154 845605 3388 33
internal_value=5.70765e-13 0.000162239 0.000231314 0.000675734 -0.0010189 -1.81641e-06 -0.000410801 -0.000703705 0.000388063 9.23298e-07 8.62855e-05 -5.60507e-06
internal_weight=926669 10260 10223 7542 2681 916409 6098 4462 1636 910311 64673 845638
internal_count=926669 10260 10223 7542 2681 916409 6098 4462 1636 910311 64673 845638
is_linear=0
shrinkage=0.0177717


Tree=120
num_leaves=13
num_cat=0
split_feature=29 27 63 31 1 30 65 12 8 63 29 69
split_gain=0.866552 3.95135 7.02788 7.10384 3.68393 7.53352 3.54955 2.9841 1.28894 1.2337 42.1982 2.85028
threshold=0.53959050774574291 0.81142550706863414 1.0000000180025095e-35 2.5000000000000004 5.5000000000000009 0.92866650223732006 0.25457374751567846 24.828571319580082 26.500000000000004 1.0000000180025095e-35 1.3323209881782534 0.58333334326744091
decision_type=2 2 2 2 2 2 2 2 2 2 2 2
left_child=1 4 3 -3 5 -1 -4 -6 9 10 -2 -11
right_child=8 2 6 -5 7 -7 -8 -9 -10 11 -12 -13
leaf_value=-0.0012028503403351055 0.00048171395750108421 0.00030719325042974268 0.00012205931529371688 0.0023867086857230343 1.6800480083717734e-06 0.00022002196724533839 0.0047679053493579508 0.0031861809640583863 0.002687353359547368 -0.00050278191280127889 -0.018586624484748362 -8.1411064181074962e-06
leaf_weight=2386 3927 1250 45210 887 138278 2316 52 93 56 3698 37 728479
leaf_count=2386 3927 1250 45210 887 138278 2316 52 93 56 3698 37 728479
internal_value=-1.96452e-12 3.37868e-05 0.000174418 0.00117033 -1.28033e-05 -0.000502006 0.000127397 3.82037e-06 -8.74146e-06 -8.94656e-06 0.00030373 -1.06394e-05
internal_weight=926669 190472 47399 2137 143073 4702 45262 138371 736197 736141 3964 732177
internal_count=926669 190472 47399 2137 143073 4702 45262 138371 736197 736141 3964 732177
is_linear=0
shrinkage=0.0177717


Tree=121
num_leaves=15
num_cat=0
split_feature=10 71 21 35 29 2 67 71 30 69 17 29 27 69
split_gain=0.861086 4.09901 18.9931 25.6455 5.59867 3.11271 3.24767 2.04254 4.43148 4.29939 1.65895 1.03926 4.45008 1.44233
threshold=3.5409667491912846 3.0131236314773564 8.5663428306579608 0.26131650805473333 1.0000000180025095e-35 2.5000000000000004 0.028851473703980449 4.7292296886444101 1.9216784834861758 36.750000000000007 1.0000000180025095e-35 0.53959050774574291 0.81142550706863414 36.750000000000007
decision_type=2 2 2 2 2 2 2 2 2 2 2 2 2 2
left_child=7 5 3 -3 -4 6 -2 11 -9 -10 -7 12 -1 -13
right_child=1 2 4 -5 -6 10 -8 8 9 -11 -12 13 -14 -15
leaf_value=-1.0762671409653972e-05 -0.00089535954613921586 -0.022174703748989937 0.0040591579748733356 -0.0016121845901643742 -0.00055393894180250439 -1.0335300536991122e-05 -0.0066049990012521757 0.0060845351403327553 0.000202355508716592 0.0050970505280139604 0.00059260418035129959 -9.1634235085676675e-06 0.00019507951361682967 -0.00096210047382315456
leaf_weight=141514 676 30 85 53 3702 18230 33 41 10038 57 1565 706816 43327 502
leaf_count=141514 676 30 85 53 3702 18230 33 41 10038 57 1565 706816 43327 502
internal_value=-4.3569e-13 -0.000104232 -0.000634713 -0.00904442 -0.000450397 -4.10725e-06 -0.00116111 2.81566e-06 0.000253674 0.000229993 3.73333e-05 -3.43968e-08 3.7487e-05 -9.83975e-06
internal_weight=926669 24374 3870 83 3787 20504 709 902295 10136 10095 19795 892159 184841 707318
internal_count=926669 24374 3870 83 3787 20504 709 902295 10136 10095 19795 892159 184841 707318
is_linear=0
shrinkage=0.0177717


Tree=122
num_leaves=13
num_cat=0
split_feature=17 22 20 69 25 10 2 29 67 24 30 8
split_gain=0.851629 2.10639 1.82404 2.02116 1.81558 0.852856 3.49348 3.02296 2.99476 1.49006 6.58226 1.38562
threshold=1.2428609728813174 2.3180040121078496 6.7722225189208993 1.0013736486434939 4.4005842208862314 3.5127768516540532 2.5000000000000004 1.0000000180025095e-35 -0.031837221235036843 12.448583602905275 2.006460547447205 26.500000000000004
decision_type=2 2 2 2 2 2 2 2 2 2 2 2
left_child=5 -2 4 -4 -3 9 8 -8 -7 11 -11 -1
right_child=1 2 3 -5 -6 6 7 -9 -10 10 -12 -13
leaf_value=1.1029140273194761e-06 -0.0043965100653454879 0.0017911257376279654 0.0010788028379360704 0.0058627782800664083 3.6069789257281848e-05 -0.00071665582920962334 0.0011982338063551618 -8.4245847295307121e-05 -0.0036350281328455529 0.0084048140797772751 0.00038175734325120647 -0.0030184562663516717
leaf_weight=896142 30 201 397 30 2522 1238 595 23796 122 33 1515 48
leaf_count=896142 30 201 397 30 2522 1238 595 23796 122 33 1515 48
internal_value=1.68322e-12 0.000290332 0.000334969 0.00141491 0.00016562 -9.99747e-07 -0.000101839 -5.29607e-05 -0.000978451 1.89276e-06 0.000552791 9.41186e-07
internal_weight=926669 3180 3150 427 2723 923489 25751 24391 1360 897738 1548 896190
internal_count=926669 3180 3150 427 2723 923489 25751 24391 1360 897738 1548 896190
is_linear=0
shrinkage=0.0177717


Tree=123
num_leaves=14
num_cat=0
split_feature=36 72 30 35 4 27 32 17 35 42 27 67 32
split_gain=0.849098 1.58788 5.78083 2.85619 2.72265 4.92918 3.35333 1.54721 2.74441 1.58537 1.33116 3.67382 1.61591
threshold=1.0000000180025095e-35 29.047111511230472 2.4321665763854985 0.21970649808645251 29.022727966308597 0.9466020166873933 0.99873849749565136 1.0000000180025095e-35 0.038242001086473472 1.0000000180025095e-35 0.98318150639534008 0.09554679319262506 0.78983551263809215
decision_type=2 2 2 2 2 2 2 2 2 2 2 2 2
left_child=1 4 -3 -4 6 -6 -1 10 -9 -10 12 -12 -2
right_child=7 2 3 -5 5 -7 -8 8 9 -11 11 -13 -14
leaf_value=-7.2227413737996825e-06 1.4136541782048476e-05 0.0060658425011796933 -0.0023832663453527353 0.00041979498000198893 -5.2808945999163993e-05 -0.001619519321177467 0.0048990806253396213 0.0041468430406902219 0.0001452072339704596 0.001099084693825585 -0.00019544276937262132 -0.0050801914546321587 0.00030687674647012891
leaf_weight=771408 116244 56 120 2655 1999 929 44 55 19847 566 6420 49 6277
leaf_count=771408 116244 56 120 2655 1999 929 44 55 19847 566 6420 49 6277
internal_value=-8.15449e-13 -7.45997e-06 0.000412664 0.000298582 -8.99587e-06 -0.000549897 -6.94291e-06 3.87933e-05 0.000182338 0.000171656 1.60158e-05 -0.000232443 2.91342e-05
internal_weight=926669 777211 2831 2775 774380 2928 771452 149458 20468 20413 128990 6469 122521
internal_count=926669 777211 2831 2775 774380 2928 771452 149458 20468 20413 128990 6469 122521
is_linear=0
shrinkage=0.0177717


Tree=124
num_leaves=9
num_cat=0
split_feature=4 12 69 8 5 67 10 1
split_gain=0.846436 3.67982 1.49213 1.24143 0.890876 2.39343 0.930165 0.524257
threshold=82.333332061767592 50.350000381469734 0.99717912077903759 11.025000095367433 5.8721139430999765 -0.067103773355483995 3.5127768516540532 7.5000000000000009
decision_type=2 2 2 2 2 2 2 2
left_child=1 4 3 -2 6 -6 -1 -5
right_child=2 -3 -4 7 5 -7 -8 -9
leaf_value=2.3244592966006227e-06 0.0033048864279921074 -0.0062243861977543825 0.0035401817603382454 -0.0017347958078701661 -7.3304932260310861e-05 0.0017081981954191847 -0.00010593858037714457 0.00033278223546017192
leaf_weight=899489 37 30 57 54 728 354 25783 137
leaf_count=899489 37 30 57 54 728 354 25783 137
internal_value=-9.86604e-13 -2.97916e-07 0.000968363 0.000325408 -9.63483e-08 0.000509553 -6.92325e-07 -0.000251769
internal_weight=926669 926384 285 228 926354 1082 925272 191
internal_count=926669 926384 285 228 926354 1082 925272 191
is_linear=0
shrinkage=0.0177717


Tree=125
num_leaves=14
num_cat=0
split_feature=15 9 65 41 28 5 71 22 21 24 69 19 5
split_gain=0.844832 3.29105 7.37443 2.4963 8.65273 3.65581 2.34289 1.93866 1.77773 1.76027 3.75208 1.54755 0.788781
threshold=4.5911979675292978 5.6190409660339364 0.030568544752895836 1.0000000180025095e-35 12.424160003662111 4.7492611408233651 1.7939023375511172 9.555368900299074 9.7516632080078143 9.2437348365783709 16.545454978942875 4.0676238536834726 2.1383330821990971
decision_type=2 2 2 2 2 2 2 2 2 2 2 2 2
left_child=1 9 12 5 7 8 -7 -5 -2 11 -11 -1 -3
right_child=3 2 -4 4 -6 6 -8 -9 -10 10 -12 -13 -14
leaf_value=-2.5316877349504071e-07 0.00034136355789989611 -0.0024513962769005665 -0.010492359765837104 0.0002535221188123167 -0.0099315886339508379 0.00013929774192625565 0.0012669328630702068 -0.001052507440417275 9.975778540900185e-06 -0.00014528043717577528 -0.0044543793663763777 0.00053381935295327755 0.00037682817411890457
leaf_weight=859201 6054 51 30 674 31 1024 1348 768 32884 22743 64 1717 80
leaf_count=859201 6054 51 30 674 31 1024 1348 768 32884 22743 64 1717 80
internal_value=-2.49535e-13 -3.73328e-06 -0.00254438 7.71286e-05 -0.000641773 0.000102763 0.000780129 -0.000442061 6.14993e-05 -3.27042e-06 -0.000157372 8.11976e-07 -0.000724236
internal_weight=926669 883886 161 42783 1473 41310 2372 1442 38938 883725 22807 860918 131
internal_count=926669 883886 161 42783 1473 41310 2372 1442 38938 883725 22807 860918 131
is_linear=0
shrinkage=0.0177717


Tree=126
num_leaves=12
num_cat=0
split_feature=16 32 32 71 69 12 15 29 1 5 71
split_gain=0.834724 4.55008 3.35409 8.0339 2.42638 18.832 5.22856 2.25287 6.29721 2.0721 1.15726
threshold=1.2172845005989077 0.99845400452613842 0.97681450843811046 3.3190220594406132 36.750000000000007 1.7207794785499575 5.2577958106994638 1.0206965208053591 1.0000000180025095e-35 6.0088102817535409 4.7292296886444101
decision_type=2 2 2 2 2 2 2 2 2 2 2
left_child=1 2 10 -4 7 -6 -7 9 -9 -2 -1
right_child=4 -3 3 -5 5 6 -8 8 -10 -11 -12
leaf_value=-7.3373797027020596e-06 7.3446283276742993e-05 0.0069097158558225659 -0.00021924870677238553 -0.0024657736614785504 -0.013236753868038353 -0.00077048377244314057 0.0062801594842309622 -0.0017120324076848553 -1.606461908909776e-05 0.0025949916911860355 0.0010343706486634107
leaf_weight=631026 148960 30 8344 535 38 430 36 695 136135 103 337
leaf_count=631026 148960 30 8344 535 38 430 36 695 136135 103 337
internal_value=1.11383e-12 -1.12808e-05 -1.16051e-05 -0.000354612 2.52196e-05 -0.00120678 -0.000225799 2.73914e-05 -2.46789e-05 7.51886e-05 -6.78135e-06
internal_weight=926669 640272 640242 8879 286397 504 466 285893 136830 149063 631363
internal_count=926669 640272 640242 8879 286397 504 466 285893 136830 149063 631363
is_linear=0
shrinkage=0.0177717


Tree=127
num_leaves=9
num_cat=0
split_feature=29 65 5 69 8 0 5 60
split_gain=0.828762 6.73118 5.84537 5.11308 1.22344 1.12947 3.28444 1.65116
threshold=1.0000000180025095e-35 0.25457374751567846 4.0342013835906991 36.750000000000007 31.500000000000004 1.0000000180025095e-35 3.65057384967804 1.0000000180025095e-35
decision_type=2 2 2 2 2 2 2 2
left_child=1 2 3 -1 5 6 -2 -7
right_child=4 -3 -4 -5 -6 7 -8 -9
leaf_value=6.2381934801453636e-05 -3.6926015613364556e-05 0.007448523710709809 0.0061362539856267221 -0.00551309635223438 -0.0033752668503926383 8.6930416849621986e-06 -0.0047861805449312131 -0.0012393091526150767
leaf_weight=53138 229382 39 50 52 34 643593 46 335
leaf_count=53138 229382 39 50 52 34 643593 46 335
internal_value=9.54798e-13 6.8047e-05 6.26406e-05 5.69312e-05 -4.15104e-06 -4.0198e-06 -3.78782e-05 8.04378e-06
internal_weight=926669 53279 53240 53190 873390 873356 229428 643928
internal_count=926669 53279 53240 53190 873390 873356 229428 643928
is_linear=0
shrinkage=0.0177717


Tree=128
num_leaves=13
num_cat=0
split_feature=63 29 30 35 72 1 65 5 65 66 71 8
split_gain=0.823925 39.7722 16.7952 9.54658 5.7642 3.02294 4.358 4.6261 1.92719 1.53691 3.79126 1.1763
threshold=1.0000000180025095e-35 1.3323209881782534 0.97712150216102611 0.36492000520229345 1.0702219009399416 1.5000000000000002 0.12073174864053728 1.8688347935676577 0.024731080979108814 -0.022426406852900978 4.1207323074340829 31.500000000000004
decision_type=2 2 2 2 2 2 2 2 2 2 2 2
left_child=1 2 4 -4 -1 6 8 -8 -2 10 -7 -11
right_child=5 -3 3 -5 -6 9 7 -9 -10 11 -12 -13
leaf_value=-0.00089556998008937937 0.00019184364292927728 -0.018233857759839212 0.0012034299739049205 -7.3763457066069893e-05 -0.0087295559589338559 5.2376409679283405e-05 -0.00034247891947269526 -0.0016431282803220446 0.0022806564198005834 -5.3863945059374686e-06 0.00066308581849210493 -0.0033607646296035694
leaf_weight=2651 1482 37 4300 3242 30 61285 3291 1171 154 845605 3388 33
leaf_count=2651 1482 37 4300 3242 30 61285 3291 1171 154 845605 3388 33
internal_value=1.66064e-14 0.000158374 0.00022494 0.000654416 -0.000983231 -1.77313e-06 -0.000396141 -0.000683819 0.000388468 8.68665e-07 8.43694e-05 -5.51733e-06
internal_weight=926669 10260 10223 7542 2681 916409 6098 4462 1636 910311 64673 845638
internal_count=926669 10260 10223 7542 2681 916409 6098 4462 1636 910311 64673 845638
is_linear=0
shrinkage=0.0177717


Tree=129
num_leaves=11
num_cat=0
split_feature=4 12 18 25 10 71 71 6 32 20
split_gain=0.823087 3.55103 1.47948 2.74296 0.855005 3.51393 1.96757 0.6976 0.401064 0.287352
threshold=82.333332061767592 50.350000381469734 0.81162449717521679 5.427147865295411 3.5127768516540532 3.1210035085678105 4.7292296886444101 2.3374580144882207 0.99579548835754406 12.142857074737551
decision_type=2 2 2 2 2 2 2 2 2 2
left_child=1 4 8 -4 6 -6 -1 -5 9 -2
right_child=2 -3 3 7 5 -7 -8 -9 -10 -11
leaf_value=2.9485791877729573e-08 -0.00012047085024316749 -0.0061144960160552861 0.0067444694748757476 0.0024619063181285763 -1.2338913054771448e-05 -0.00058534292693462051 0.00025190834450760096 -0.00082035890296835155 -0.0017699775200040596 0.0018120648791305418
leaf_weight=890550 101 30 34 39 21903 3997 9904 43 36 32
leaf_count=890550 101 30 34 39 21903 3997 9904 43 36 32
internal_value=-8.10274e-13 -2.93778e-07 0.000954913 0.00250044 -9.57691e-08 -0.000100767 2.79988e-06 0.000740718 -0.000105921 0.0003445
internal_weight=926669 926384 285 116 926354 25900 900454 82 169 133
internal_count=926669 926384 285 116 926354 25900 900454 82 169 133
is_linear=0
shrinkage=0.0177717


Tree=130
num_leaves=13
num_cat=0
split_feature=29 27 63 31 1 30 65 12 8 63 29 69
split_gain=0.805976 3.65575 6.70742 6.78499 3.49955 7.04533 3.38973 2.88572 1.27725 1.16252 39.1931 2.62046
threshold=0.53959050774574291 0.81142550706863414 1.0000000180025095e-35 2.5000000000000004 5.5000000000000009 0.87409400939941417 0.25457374751567846 24.828571319580082 26.500000000000004 1.0000000180025095e-35 1.3323209881782534 0.58333334326744091
decision_type=2 2 2 2 2 2 2 2 2 2 2 2
left_child=1 4 3 -3 5 -1 -4 -6 9 10 -2 -11
right_child=8 2 6 -5 7 -7 -8 -9 -10 11 -12 -13
leaf_value=-0.0012634001397567754 0.00046641787406413601 0.00029725024745230836 0.00011670057346467731 0.0023295620748479788 1.8684952843954687e-06 0.00012209504195762107 0.0046567479495108755 0.0031334366107952068 0.002675418100380115 -0.00048216248977383852 -0.017910410359834442 -7.8823794284902852e-06
leaf_weight=2074 3927 1250 45210 887 138278 2628 52 93 56 3698 37 728479
leaf_count=2074 3927 1250 45210 887 138278 2628 52 93 56 3698 37 728479
internal_value=-9.01581e-14 3.25844e-05 0.000167853 0.0011408 -1.2229e-05 -0.000489032 0.000121916 3.97324e-06 -8.43038e-06 -8.63455e-06 0.000294888 -1.02778e-05
internal_weight=926669 190472 47399 2137 143073 4702 45262 138371 736197 736141 3964 732177
internal_count=926669 190472 47399 2137 143073 4702 45262 138371 736197 736141 3964 732177
is_linear=0
shrinkage=0.0177717


Tree=131
num_leaves=9
num_cat=0
split_feature=29 65 5 69 8 0 73 60
split_gain=0.801503 6.45607 5.63032 4.93688 1.17974 1.08893 3.2001 1.5957
threshold=1.0000000180025095e-35 0.25457374751567846 4.0342013835906991 36.750000000000007 31.500000000000004 1.0000000180025095e-35 14.097233295440676 1.0000000180025095e-35
decision_type=2 2 2 2 2 2 2 2
left_child=1 2 3 -1 5 6 -2 -7
right_child=4 -3 -4 -5 -6 7 -8 -9
leaf_value=6.1376388523263912e-05 -3.6189766480769969e-05 0.0072950007457793778 0.0060224672432331438 -0.0054171943063461674 -0.0033144502491329617 8.5300783312289371e-06 -0.0044036000886487963 -0.0012183355514266841
leaf_weight=53138 229375 39 50 52 34 643593 53 335
leaf_count=53138 229375 39 50 52 34 643593 53 335
internal_value=-7.39559e-13 6.69185e-05 6.16237e-05 5.60204e-05 -4.0822e-06 -3.95333e-06 -3.71987e-05 7.89181e-06
internal_weight=926669 53279 53240 53190 873390 873356 229428 643928
internal_count=926669 53279 53240 53190 873390 873356 229428 643928
is_linear=0
shrinkage=0.0177717


Tree=132
num_leaves=12
num_cat=0
split_feature=23 69 63 29 30 1 65 72 35 71 34
split_gain=0.801316 5.93343 0.993409 17.8527 15.6813 2.82003 4.18318 1.57491 0.245544 0.655545 0.156434
threshold=6.1495356559753427 0.81666666269302379 1.0000000180025095e-35 1.3323209881782534 0.97712150216102611 1.5000000000000002 0.12073174864053728 7.9801542758941659 0.51805400848388683 5.3661370277404794 0.041216000914573676
decision_type=2 2 2 2 2 2 2 2 2 2 2
left_child=2 -2 3 4 -1 6 -4 -7 10 -10 -3
right_child=1 8 5 -5 -6 7 -8 -9 9 -11 -12
leaf_value=-0.00095003432976625715 -0.0082753688877160447 -0.0014272796347340919 0.0003859923911603484 -0.012681943207796632 0.00063248365204051976 -1.0989128995840251e-05 -0.00066482076279238351 4.6157095016313203e-05 0.00032696166988845007 -0.0029358047144697041 -0.00014446024564183468
leaf_weight=2681 30 31 1636 34 7538 715743 4454 193491 41 37 953
leaf_count=2681 30 31 1636 34 7538 715743 4454 193491 41 37 953
internal_value=-9.08705e-13 -0.000481133 5.67641e-07 0.000174528 0.000217303 -1.38097e-06 -0.000382533 1.17196e-06 -0.000260956 -0.00122076 -0.000184874
internal_weight=926669 1092 925577 10253 10219 915324 6090 909234 1062 78 984
internal_count=926669 1092 925577 10253 10219 915324 6090 909234 1062 78 984
is_linear=0
shrinkage=0.0177717


Tree=133
num_leaves=9
num_cat=0
split_feature=4 12 69 8 66 19 1 1
split_gain=0.789032 3.43679 1.44757 1.18552 0.836758 3.32893 1.13167 0.503992
threshold=82.333332061767592 50.350000381469734 0.99717912077903759 11.025000095367433 -0.021364993415772911 5.2135236263275155 3.5000000000000004 7.5000000000000009
decision_type=2 2 2 2 2 2 2 2
left_child=1 4 3 -2 5 -1 -6 -5
right_child=2 -3 -4 7 6 -7 -8 -9
leaf_value=4.8739718903720688e-05 0.0032132812301840707 -0.0060153336273286477 0.0034680837293795297 -0.0017164449440031195 0.00016653531629038425 0.0025237164612166899 -7.841295522572337e-06 0.00031077779807688359
leaf_weight=82418 37 30 57 54 11923 172 831841 137
leaf_count=82418 37 30 57 54 11923 172 831841 137
internal_value=-4.83553e-13 -2.87636e-07 0.00093495 0.000301666 -9.28383e-08 5.3894e-05 -5.37723e-06 -0.000262364
internal_weight=926669 926384 285 228 926354 82590 843764 191
internal_count=926669 926384 285 228 926354 82590 843764 191
is_linear=0
shrinkage=0.0177717


Tree=134
num_leaves=15
num_cat=0
split_feature=10 71 21 35 29 2 67 71 30 69 17 11 63 32
split_gain=0.784912 3.84113 18.2931 24.7721 5.33182 2.95496 3.08042 1.84031 4.25542 4.08611 1.57092 1.04498 8.90798 3.36913
threshold=3.5409667491912846 3.0131236314773564 8.5663428306579608 0.26131650805473333 1.0000000180025095e-35 2.5000000000000004 0.028851473703980449 4.7292296886444101 1.9216784834861758 36.750000000000007 1.0000000180025095e-35 3.3842465877532963 1.0000000180025095e-35 0.99873849749565136
decision_type=2 2 2 2 2 2 2 2 2 2 2 2 2 2
left_child=7 5 3 -3 -4 6 -2 11 -9 -10 -7 13 -13 -1
right_child=1 2 4 -5 -6 10 -8 8 9 -11 -12 12 -14 -15
leaf_value=3.8338629511020664e-06 -0.00087107650297349242 -0.021771082024955618 0.0039686243547116407 -0.0015617282871339051 -0.00053319470166740958 -8.6009071570751654e-06 -0.0064317538355526775 0.005954661673145378 0.00019065519193290487 0.0049623996008773203 0.00057812475647856063 -0.0032889091523101515 -6.7384843271060501e-05 0.0047123160797235874
leaf_weight=853046 676 30 85 53 3702 18230 33 41 10038 57 1565 273 38792 48
leaf_count=853046 676 30 85 53 3702 18230 33 41 10038 57 1565 273 38792 48
internal_value=-3.78802e-13 -9.95152e-05 -0.000613038 -0.00886631 -0.00043215 -2.59095e-06 -0.0011299 2.68824e-06 0.000240805 0.000217598 3.77858e-05 -1.70512e-08 -8.9898e-05 4.09879e-06
internal_weight=926669 24374 3870 83 3787 20504 709 902295 10136 10095 19795 892159 39065 853094
internal_count=926669 24374 3870 83 3787 20504 709 902295 10136 10095 19795 892159 39065 853094
is_linear=0
shrinkage=0.0177717


Tree=135
num_leaves=9
num_cat=0
split_feature=29 65 5 69 8 12 69 9
split_gain=0.77957 6.22846 5.41248 4.77171 1.15015 1.06386 5.5976 2.05308
threshold=1.0000000180025095e-35 0.25457374751567846 4.0342013835906991 36.750000000000007 31.500000000000004 24.828571319580082 1.2898038625717165 6.107393980026246
decision_type=2 2 2 2 2 2 2 2
left_child=1 2 3 -1 5 7 -7 -2
right_child=4 -3 -4 -5 -6 6 -8 -9
leaf_value=6.0567723599082147e-05 -3.4849228498606508e-06 0.0071655179981694513 0.0059051863293993496 -0.005325575230829817 -0.003272609315101282 0.00030386364939853367 0.0080493821894794555 -0.00058663426124365816
leaf_weight=53138 869751 39 50 52 34 1664 30 1911
leaf_count=53138 869751 39 50 52 34 1664 30 1911
internal_value=1.03354e-12 6.59966e-05 6.0796e-05 5.53021e-05 -4.02596e-06 -3.89871e-06 0.000441033 -4.7634e-06
internal_weight=926669 53279 53240 53190 873390 873356 1694 871662
internal_count=926669 53279 53240 53190 873390 873356 1694 871662
is_linear=0
shrinkage=0.0177717


Tree=136
num_leaves=14
num_cat=0
split_feature=15 9 65 41 28 5 35 22 21 24 69 19 5
split_gain=0.779875 3.19778 7.08765 2.40879 8.36005 3.49777 2.28195 1.86478 1.73102 1.71252 3.60971 1.47663 0.758973
threshold=4.5911979675292978 5.6190409660339364 0.030568544752895836 1.0000000180025095e-35 12.424160003662111 4.7492611408233651 0.39399750530719763 9.555368900299074 9.7516632080078143 9.2437348365783709 16.545454978942875 4.0676238536834726 2.1383330821990971
decision_type=2 2 2 2 2 2 2 2 2 2 2 2 2
left_child=1 9 12 5 7 8 -7 -5 -2 11 -11 -1 -3
right_child=3 2 -4 4 -6 6 -8 -9 -10 10 -12 -13 -14
leaf_value=-1.444484096913556e-07 0.00033508666907311908 -0.0024177846282065845 -0.01029988015039099 0.00024642130678343273 -0.0097634325848726562 0.0002378430101905762 0.0013416980092602225 -0.0010344804545751711 8.0811727882750153e-06 -0.00014326757141129803 -0.0043698206122568485 0.00052154762392149425 0.00035648675474230347
leaf_weight=859201 6054 51 30 674 31 1246 1126 768 32884 22743 64 1717 80
leaf_count=859201 6054 51 30 674 31 1246 1126 768 32884 22743 64 1717 80
internal_value=6.1235e-13 -3.58689e-06 -0.00250798 7.41042e-05 -0.000632084 9.92849e-05 0.000761848 -0.000435779 5.89233e-05 -3.13063e-06 -0.000155128 8.96005e-07 -0.000723573
internal_weight=926669 883886 161 42783 1473 41310 2372 1442 38938 883725 22807 860918 131
internal_count=926669 883886 161 42783 1473 41310 2372 1442 38938 883725 22807 860918 131
is_linear=0
shrinkage=0.0177717


Tree=137
num_leaves=15
num_cat=0
split_feature=36 72 30 35 4 27 32 68 2 32 29 65 23 12
split_gain=0.775689 1.51576 5.58689 2.7551 2.65897 4.75065 3.09671 1.47546 1.87123 5.89869 1.54492 1.32586 2.62525 0.879202
threshold=1.0000000180025095e-35 29.047111511230472 2.4321665763854985 0.21970649808645251 29.022727966308597 0.9466020166873933 0.99873849749565136 -0.038667576387524598 308.50000000000006 0.99703049659729015 1.2172845005989077 0.03951575234532357 4.424828529357911 24.828571319580082
decision_type=2 2 2 2 2 2 2 2 2 2 2 2 2 2
left_child=1 4 -3 -4 6 -6 -1 8 10 -10 -2 13 -13 -9
right_child=7 2 3 -5 5 -7 -8 11 9 -11 -12 12 -14 -15
leaf_value=-6.8709184986110476e-06 0.00040566135004708532 0.0059608812773422988 -0.0023427695400220663 0.00041023812996408767 -5.5165423396500048e-05 -0.0015932420776474914 0.0047079606293992764 2.0762064386088734e-05 -3.958061719809434e-05 -0.0076933483715330301 -0.00016424531694462558 -0.00024062872616178912 -0.0025571180202598335 0.00062580378412986745
leaf_weight=771408 9871 56 120 2655 1999 929 44 129766 5161 32 1772 1925 168 763
leaf_count=771408 9871 56 120 2655 1999 929 44 129766 5161 32 1772 1925 168 763
internal_value=4.54734e-13 -7.1302e-06 0.000403341 0.000291189 -8.63081e-06 -0.000543169 -6.60201e-06 3.70784e-05 0.000193798 -8.67442e-05 0.000318925 1.71834e-05 -0.000426568 2.42988e-05
internal_weight=926669 777211 2831 2775 774380 2928 771452 149458 16836 5193 11643 132622 2093 130529
internal_count=926669 777211 2831 2775 774380 2928 771452 149458 16836 5193 11643 132622 2093 130529
is_linear=0
shrinkage=0.0177717


Tree=138
num_leaves=12
num_cat=0
split_feature=23 69 63 29 30 1 65 72 35 71 34
split_gain=0.772683 5.70606 0.967056 17.1922 15.2167 2.72943 4.02882 1.51156 0.237448 0.630578 0.151806
threshold=6.1495356559753427 0.81666666269302379 1.0000000180025095e-35 1.3323209881782534 0.87409400939941417 1.5000000000000002 0.12073174864053728 7.9801542758941659 0.51805400848388683 5.3661370277404794 0.041216000914573676
decision_type=2 2 2 2 2 2 2 2 2 2 2
left_child=2 -2 3 4 -1 6 -4 -7 10 -10 -3
right_child=1 8 5 -5 -6 7 -8 -9 9 -11 -12
leaf_value=-0.0011568898561496483 -0.0081158956047449188 -0.001405614979335699 0.00037786748764624228 -0.012444208509754235 0.00055718802051059368 -1.0767565791829848e-05 -0.00065337535020033085 4.5217428927760637e-05 0.00031757188764054776 -0.0028824578971765238 -0.00014191302450734786
leaf_weight=2045 30 31 1636 34 8174 715743 4454 193491 41 37 953
leaf_count=2045 30 31 1636 34 8174 715743 4454 193491 41 37 953
internal_value=6.39876e-13 -0.000472458 5.57409e-07 0.000172195 0.000214171 -1.36519e-06 -0.000376345 1.14641e-06 -0.000256542 -0.00120039 -0.000181725
internal_weight=926669 1092 925577 10253 10219 915324 6090 909234 1062 78 984
internal_count=926669 1092 925577 10253 10219 915324 6090 909234 1062 78 984
is_linear=0
shrinkage=0.0177717


Tree=139
num_leaves=13
num_cat=0
split_feature=29 27 63 31 1 30 65 12 8 12 61 19
split_gain=0.772208 3.45886 6.20818 6.53433 3.25192 6.35971 3.20372 2.76195 1.25648 1.17546 8.6831 2.04108
threshold=0.53959050774574291 0.81142550706863414 1.0000000180025095e-35 2.5000000000000004 5.5000000000000009 0.92866650223732006 0.25457374751567846 24.828571319580082 26.500000000000004 11.79655170440674 1.0000000180025095e-35 4.2340295314788827
decision_type=2 2 2 2 2 2 2 2 2 2 2 2
left_child=1 4 3 -3 5 -1 -4 -6 9 11 -11 -2
right_child=8 2 6 -5 7 -7 -8 -9 -10 10 -12 -13
leaf_value=-0.0011152531224632122 -7.9718516467470975e-06 0.00027168680029041785 0.00011420533191675776 0.0022661042188478198 1.8639813250800389e-06 0.00019207789876925254 0.0045279323585930998 0.0030655365997856012 0.0026536792668189163 -0.002360274476244316 -8.1348986775915083e-05 0.00030080665070962673
leaf_weight=2386 712707 1250 45210 887 138278 2316 52 93 56 546 16062 6826
leaf_count=2386 712707 1250 45210 887 138278 2316 52 93 56 546 16062 6826
internal_value=-7.19245e-14 3.18946e-05 0.00016347 0.00109951 -1.16954e-05 -0.000471319 0.000119276 3.92309e-06 -8.25189e-06 -8.45439e-06 -0.00015627 -5.04256e-06
internal_weight=926669 190472 47399 2137 143073 4702 45262 138371 736197 736141 16608 719533
internal_count=926669 190472 47399 2137 143073 4702 45262 138371 736197 736141 16608 719533
is_linear=0
shrinkage=0.0177717


Tree=140
num_leaves=13
num_cat=0
split_feature=10 2 29 71 66 1 23 15 4 69 12 18
split_gain=0.778083 3.26868 3.03862 13.4927 4.47268 2.71324 2.20785 1.76235 4.10231 3.07054 2.3902 1.28502
threshold=3.5127768516540532 2.5000000000000004 1.0000000180025095e-35 4.4028501510620126 -0.13119563832879064 47.500000000000007 0.89587974548339855 4.8244450092315683 3.6568629741668706 36.750000000000007 50.350000381469734 0.92866650223732006
decision_type=2 2 2 2 2 2 2 2 2 2 2 2
left_child=7 5 3 -3 -4 6 -2 10 -9 -10 11 -1
right_child=1 2 4 -5 -6 -7 -8 8 9 -11 -12 -13
leaf_value=1.910865007155946e-06 -0.0023589942436828232 0.00037894756667192214 -0.0019154580578813647 0.0098529225171505377 -4.7677913045500416e-05 -0.0061341309619431222 -0.00048299219600381931 0.0053678313975424911 0.00015045639433515284 0.0039342919597644393 -0.0047126669245305961 -0.00018736414534987756
leaf_weight=871702 241 546 412 52 23588 31 1114 48 17355 68 34 11478
leaf_count=871702 241 546 412 52 23588 31 1114 48 17355 68 34 11478
internal_value=2.95411e-14 -9.5877e-05 -4.85624e-05 0.00120277 -7.97415e-05 -0.000935591 -0.000816658 2.76597e-06 0.000179518 0.000165224 -7.30391e-07 -5.48994e-07
internal_weight=926669 25984 24598 598 24000 1386 1355 900685 17471 17423 883214 883180
internal_count=926669 25984 24598 598 24000 1386 1355 900685 17471 17423 883214 883180
is_linear=0
shrinkage=0.0177717


Tree=141
num_leaves=15
num_cat=0
split_feature=66 19 34 9 24 32 5 2 1 10 30 15 22 19
split_gain=0.763945 3.51105 7.07565 4.34345 15.4521 3.55962 2.97605 1.2743 4.73404 18.471 2.44435 1.15388 1.90664 1.85607
threshold=-0.021364993415772911 5.2135236263275155 0.12182600423693658 6.107393980026246 8.5371432304382342 0.99845400452613842 2.5249279737472539 3.5000000000000004 312.50000000000006 2.75153660774231 0.92866650223732006 5.9853553771972665 9.4300146102905291 4.7433989048004159
decision_type=2 2 2 2 2 2 2 2 2 2 2 2 2 2
left_child=1 3 -3 5 -5 -1 -4 8 10 -10 -2 13 -13 -9
right_child=7 2 6 4 -6 -7 -8 11 9 -11 -12 12 -14 -15
leaf_value=4.989481788762331e-05 -0.0033371836754777506 0.0099296526792128775 0.0032754627634360516 -0.013829006258489851 -0.00059236716703409478 0.0044925739221373419 -0.0015129358643354955 -8.344081636185652e-06 0.00052624927499764782 -0.013005031053916725 0.00022900105451635115 0.0015340972374153342 -0.00085050759250438455 0.00051706454053329154
leaf_weight=82143 61 33 83 32 215 57 81 828078 132 42 12502 119 962 2129
leaf_count=82143 61 33 83 32 215 57 81 828078 132 42 12502 119 962 2129
internal_value=-4.7351e-13 5.15669e-05 0.00242129 4.59046e-05 -0.00230724 5.29755e-05 0.000910461 -5.04925e-06 0.000171363 -0.00273992 0.000211685 -7.75225e-06 -0.000588003 -6.99671e-06
internal_weight=926669 82644 197 82447 247 82200 164 844025 12737 174 12563 831288 1081 830207
internal_count=926669 82644 197 82447 247 82200 164 844025 12737 174 12563 831288 1081 830207
is_linear=0
shrinkage=0.0177717


Tree=142
num_leaves=11
num_cat=0
split_feature=4 12 18 21 10 71 71 32 1 20
split_gain=0.757748 3.2549 1.40523 2.65506 0.808629 3.27896 1.80382 0.376206 0.35791 0.291352
threshold=82.333332061767592 50.350000381469734 0.81162449717521679 11.042111396789553 3.5127768516540532 3.1210035085678105 4.7292296886444101 0.99579548835754406 20.500000000000004 12.142857074737551
decision_type=2 2 2 2 2 2 2 2 2 2
left_child=1 4 7 -4 6 -6 -1 9 -5 -2
right_child=2 -3 3 8 5 -7 -8 -9 -10 -11
leaf_value=7.110992479854875e-08 -0.00014960232075172575 -0.0058539944214603141 0.0060589194229836085 -0.00091360059544476758 -1.2574813387306741e-05 -0.00056608957781734181 0.00024124124919462956 -0.0017293082322254085 0.0015525308890535073 0.0017963363018418711
leaf_weight=890550 101 30 41 34 21903 3997 9904 36 41 32
leaf_count=890550 101 30 41 34 21903 3997 9904 36 41 32
internal_value=-9.32153e-13 -2.81876e-07 0.000916228 0.00242247 -9.23037e-08 -9.79956e-05 2.72372e-06 -0.000117646 0.000434551 0.000318593
internal_weight=926669 926384 285 116 926354 25900 900454 169 75 133
internal_count=926669 926384 285 116 926354 25900 900454 169 75 133
is_linear=0
shrinkage=0.0177717


Tree=143
num_leaves=9
num_cat=0
split_feature=29 65 5 69 8 0 5 60
split_gain=0.756472 5.97428 5.18671 4.56458 1.13389 1.02061 3.1672 1.53569
threshold=1.0000000180025095e-35 0.25457374751567846 4.0342013835906991 36.750000000000007 31.500000000000004 1.0000000180025095e-35 3.65057384967804 1.0000000180025095e-35
decision_type=2 2 2 2 2 2 2 2
left_child=1 2 3 -1 5 6 -2 -7
right_child=4 -3 -4 -5 -6 7 -8 -9
leaf_value=5.9690127688224482e-05 -3.5089889637138516e-05 0.007018159321436083 0.0057811205733814888 -0.0052082545153180476 -0.0032493685369333132 8.2541251437389106e-06 -0.0046988120482322013 -0.0011953191485094003
leaf_weight=53138 229382 39 50 52 34 643593 46 335
leaf_count=53138 229382 39 50 52 34 643593 46 335
internal_value=1.41601e-12 6.50115e-05 5.99181e-05 5.454e-05 -3.96587e-06 -3.83952e-06 -3.6025e-05 7.62797e-06
internal_weight=926669 53279 53240 53190 873390 873356 229428 643928
internal_count=926669 53279 53240 53190 873390 873356 229428 643928
is_linear=0
shrinkage=0.0177717


Tree=144
num_leaves=12
num_cat=0
split_feature=23 69 63 29 30 1 65 72 35 71 34
split_gain=0.743073 5.49441 0.927625 16.5763 14.3388 2.6351 3.85244 1.43443 0.228072 0.609388 0.146918
threshold=6.1495356559753427 0.81666666269302379 1.0000000180025095e-35 1.3323209881782534 0.97712150216102611 1.5000000000000002 0.12073174864053728 7.9801542758941659 0.51805400848388683 5.3661370277404794 0.041216000914573676
decision_type=2 2 2 2 2 2 2 2 2 2 2
left_child=2 -2 3 4 -1 6 -4 -7 10 -10 -3
right_child=1 8 5 -5 -6 7 -8 -9 9 -11 -12
leaf_value=-0.00090638364091536025 -0.0079636570014262366 -0.0013821445012603584 0.00036773900863980904 -0.012219687243643588 0.00060687654140144875 -1.0474608985871332e-05 -0.00064067749429935793 4.4063420032992066e-05 0.00031576962557691815 -0.0028300332227763196 -0.00013895231065940022
leaf_weight=2681 30 31 1636 34 7538 715743 4454 193491 41 37 953
leaf_count=2681 30 31 1636 34 7538 715743 4454 193491 41 37 953
internal_value=-3.77668e-13 -0.000463317 5.46623e-07 0.000168648 0.000209866 -1.33637e-06 -0.000369779 1.13144e-06 -0.000251443 -0.00117647 -0.000178118
internal_weight=926669 1092 925577 10253 10219 915324 6090 909234 1062 78 984
internal_count=926669 1092 925577 10253 10219 915324 6090 909234 1062 78 984
is_linear=0
shrinkage=0.0177717


Tree=145
num_leaves=13
num_cat=0
split_feature=29 27 63 31 1 30 65 12 8 12 61 19
split_gain=0.743955 3.28757 5.86062 6.29592 3.0683 5.9923 3.05378 2.66452 1.24599 1.15945 8.33085 1.94375
threshold=0.53959050774574291 0.81142550706863414 1.0000000180025095e-35 2.5000000000000004 5.5000000000000009 0.87409400939941417 0.25457374751567846 24.828571319580082 26.500000000000004 11.79655170440674 1.0000000180025095e-35 4.1590447425842294
decision_type=2 2 2 2 2 2 2 2 2 2 2 2
left_child=1 4 3 -3 5 -1 -4 -6 9 11 -11 -2
right_child=8 2 6 -5 7 -7 -8 -9 -10 10 -12 -13
leaf_value=-0.001171807561334877 -8.0200562830161313e-06 0.00025646196177748262 0.00011169204999685147 0.0022141578404224938 1.9574133965521011e-06 0.00010595856591058942 0.0044208971327790048 0.0030111099326025552 0.0026427009123106485 -0.0023139428703711222 -8.1720780013330832e-05 0.00026965827263736146
leaf_weight=2074 711481 1250 45210 887 138278 2628 52 93 56 546 16062 8052
leaf_count=2074 711481 1250 45210 887 138278 2628 52 93 56 546 16062 8052
internal_value=4.02081e-13 3.13057e-05 0.000159582 0.00106904 -1.11913e-05 -0.00045765 0.000116643 3.97988e-06 -8.09953e-06 -8.30118e-06 -0.000155107 -4.91267e-06
internal_weight=926669 190472 47399 2137 143073 4702 45262 138371 736197 736141 16608 719533
internal_count=926669 190472 47399 2137 143073 4702 45262 138371 736197 736141 16608 719533
is_linear=0
shrinkage=0.0177717


Tree=146
num_leaves=15
num_cat=0
split_feature=10 2 71 21 67 13 71 30 69 17 17 11 63 32
split_gain=0.744363 3.59871 2.94683 20.3255 2.77254 10.5271 1.69557 4.08213 3.90049 1.49149 1.24265 1.03453 8.58304 3.14424
threshold=3.5409667491912846 2.5000000000000004 3.0131236314773564 8.5663428306579608 -0.031837221235036843 2.0549914836883549 4.7292296886444101 1.9216784834861758 36.750000000000007 1.0000000180025095e-35 1.0000000180025095e-35 3.3842465877532963 1.0000000180025095e-35 0.99873849749565136
decision_type=2 2 2 2 2 2 2 2 2 2 2 2 2 2
left_child=6 4 9 -4 10 -6 11 -8 -9 -3 -2 13 -13 -1
right_child=1 2 3 -5 5 -7 7 8 -10 -11 -12 12 -14 -15
leaf_value=3.8604374700896424e-06 -0.00043968308794326309 -8.9010547988770161e-06 -0.010302392439805375 -0.00033864894705711707 -0.012690886643377149 -0.00051773916334998547 0.0058274853094973291 0.00018212589135217506 0.004844231223599252 0.00056279893395034435 -0.0018199212106010658 -0.0032295315448505417 -6.7310674740158201e-05 0.004552482582086648
leaf_weight=853046 938 18230 66 3192 30 89 41 10038 57 1565 264 273 38792 48
leaf_count=853046 938 18230 66 3192 30 89 41 10038 57 1565 264 273 38792 48
internal_value=1.42046e-12 -9.69106e-05 -4.5218e-05 -0.000540493 -0.000999006 -0.0035866 2.61788e-06 0.000231179 0.00020845 3.62978e-05 -0.00074283 2.11533e-08 -8.94094e-05 4.11637e-06
internal_weight=926669 24374 23053 3258 1321 119 902295 10136 10095 19795 1202 892159 39065 853094
internal_count=926669 24374 23053 3258 1321 119 902295 10136 10095 19795 1202 892159 39065 853094
is_linear=0
shrinkage=0.0177717


Tree=147
num_leaves=15
num_cat=0
split_feature=66 19 34 9 24 23 5 2 1 10 30 15 19 19
split_gain=0.750841 3.41104 6.81267 4.16088 14.9068 3.46613 2.88018 1.21082 4.56583 17.8199 2.34104 1.11343 1.88564 1.76691
threshold=-0.021364993415772911 5.2135236263275155 0.12182600423693658 6.107393980026246 8.5371432304382342 6.2643461227417001 2.5249279737472539 3.5000000000000004 312.50000000000006 2.75153660774231 0.92866650223732006 5.9853553771972665 5.2135236263275155 4.7433989048004159
decision_type=2 2 2 2 2 2 2 2 2 2 2 2 2 2
left_child=1 3 -3 5 -5 -1 -4 8 10 -10 -2 13 -13 -9
right_child=7 2 6 4 -6 -7 -8 11 9 -11 -12 12 -14 -15
leaf_value=5.5632948538739624e-05 -0.0032665059117429583 0.0097543627582507685 0.0032309622190711952 -0.013574252468599713 -0.00057327317775763555 -0.0041479564328737685 -0.0014796810654632711 -8.2130042743491622e-06 0.00051594750038119308 -0.012774695063939436 0.00022350161872113295 1.1726589384904447e-05 -0.0015124213955626626 0.00050442072399993227
leaf_weight=82138 61 33 83 32 215 62 81 828078 132 42 12502 663 418 2129
leaf_count=82138 61 33 83 32 215 62 81 828078 132 42 12502 663 418 2129
internal_value=9.95446e-14 5.11227e-05 0.00238685 4.55417e-05 -0.00225761 5.24624e-05 0.000904364 -5.00576e-06 0.000166957 -0.00269214 0.000206556 -7.64057e-06 -0.000577629 -6.8984e-06
internal_weight=926669 82644 197 82447 247 82200 164 844025 12737 174 12563 831288 1081 830207
internal_count=926669 82644 197 82447 247 82200 164 844025 12737 174 12563 831288 1081 830207
is_linear=0
shrinkage=0.0177717


Tree=148
num_leaves=9
num_cat=0
split_feature=4 12 69 8 5 67 10 1
split_gain=0.744166 3.1384 1.35698 1.15522 0.802122 2.28238 0.833947 0.453479
threshold=82.333332061767592 50.350000381469734 0.99717912077903759 11.025000095367433 5.8721139430999765 -0.067103773355483995 3.5127768516540532 7.5000000000000009
decision_type=2 2 2 2 2 2 2 2
left_child=1 4 3 -2 6 -6 -1 -5
right_child=2 -3 -4 7 5 -7 -8 -9
leaf_value=2.1977969145584001e-06 0.0031689988121276079 -0.0057482823546061781 0.0033605636328218873 -0.0016412325675565038 -8.5672602901575861e-05 0.0016540109626969905 -0.00010031297353716975 0.00028171973335717115
leaf_weight=899489 37 30 57 54 728 354 25783 137
leaf_count=899489 37 30 57 54 728 354 25783 137
internal_value=6.85634e-13 -2.79337e-07 0.000907979 0.000294833 -9.31879e-08 0.000483503 -6.58698e-07 -0.000261942
internal_weight=926669 926384 285 228 926354 1082 925272 191
internal_count=926669 926384 285 228 926354 1082 925272 191
is_linear=0
shrinkage=0.0177717


Tree=149
num_leaves=8
num_cat=0
split_feature=8 12 69 48 4 8 72
split_gain=0.744523 0.913048 6.29799 4.69971 1.48605 3.28547 1.80961
threshold=31.500000000000004 24.828571319580082 1.6820991039276125 1.0000000180025095e-35 41.021738052368171 3.2247475385665898 30.102498054504398
decision_type=2 2 2 2 2 2 2
left_child=1 4 3 -3 6 -6 -1
right_child=-2 2 -4 -5 5 -7 -8
leaf_value=-1.3837889016227829e-06 -0.0025556987671697022 0.00013355848645818446 0.0084771600054937956 0.0068066010675959087 -0.0051911774790567092 -0.00038236545170620008 0.00035862830381692983
leaf_weight=918560 36 1701 30 34 46 1831 4431
leaf_count=918560 36 1701 30 34 46 1831 4431
internal_value=6.91658e-13 9.92904e-08 0.000403922 0.000264327 -6.71357e-07 -0.000500216 3.4452e-07
internal_weight=926669 926633 1765 1735 924868 1877 922991
internal_count=926669 926633 1765 1735 924868 1877 922991
is_linear=0
shrinkage=0.0177717


Tree=150
num_leaves=9
num_cat=0
split_feature=29 65 5 27 8 12 69 9
split_gain=0.737623 5.7295 4.99698 4.4305 1.09305 0.978733 5.11166 1.92112
threshold=1.0000000180025095e-35 0.25457374751567846 4.0342013835906991 0.73965448141098034 31.500000000000004 24.828571319580082 1.2898038625717165 6.107393980026246
decision_type=2 2 2 2 2 2 2 2
left_child=1 2 3 -1 5 7 -7 -2
right_child=4 -3 -4 -5 -6 6 -8 -9
leaf_value=-3.4722668429336862e-05 -3.3847638382545708e-06 0.0068734127749514248 0.0056747932854615893 0.00035068143219912619 -0.0031903328422048902 0.00029188753983172501 0.0076935711861023147 -0.00056748147956902663
leaf_weight=40955 869751 39 50 12235 34 1664 30 1911
leaf_count=40955 869751 39 50 12235 34 1664 30 1911
internal_value=1.12728e-12 6.41965e-05 5.92085e-05 5.39297e-05 -3.91615e-06 -3.7921e-06 0.000422968 -4.62147e-06
internal_weight=926669 53279 53240 53190 873390 873356 1694 871662
internal_count=926669 53279 53240 53190 873390 873356 1694 871662
is_linear=0
shrinkage=0.0177717


Tree=151
num_leaves=14
num_cat=0
split_feature=17 70 34 32 8 25 27 8 67 34 17 12 32
split_gain=0.724258 2.02341 3.49707 2.51456 1.78097 1.48345 0.852165 3.37747 3.96906 3.6149 1.77172 6.2043 1.47702
threshold=1.2428609728813174 0.16527522355318072 0.12182600423693658 0.99794700741767894 16.071428298950199 4.4005842208862314 0.98492148518562328 1.6733334660530093 -0.10920448228716849 0.41106401383876806 1.0602869987487795 3.1026314496994023 0.81739100813865673
decision_type=2 2 2 2 2 2 2 2 2 2 2 2 2
left_child=6 4 -3 -4 5 -2 10 8 -8 -9 12 -12 -1
right_child=1 2 3 -5 -6 -7 7 9 -10 -11 11 -13 -14
leaf_value=-3.2480860812295791e-06 0.002729182620823019 -0.0053640086838170828 7.3727924646536943e-05 -0.0043860715996917789 0.0040565509127765739 0.00046862172381942954 -0.00014491117182236003 -0.00022313957905185889 -0.001116058780217103 0.00022533181634422144 -0.0061946462078074594 -0.00037000616349803416 8.4278800138342934e-05
leaf_weight=827513 98 40 1529 41 49 1423 3924 11292 2010 11415 60 1546 65729
leaf_count=827513 98 40 1529 41 49 1423 3924 11292 2010 11415 60 1546 65729
internal_value=8.46661e-13 0.000267742 -0.000174944 -4.27382e-05 0.000721707 0.000614273 -9.2196e-07 -9.63458e-05 -0.000473864 2.31077e-06 2.13223e-06 -0.000587614 3.19256e-06
internal_weight=926669 3180 1610 1570 1570 1521 923489 28641 5934 22707 894848 1606 893242
internal_count=926669 3180 1610 1570 1570 1521 923489 28641 5934 22707 894848 1606 893242
is_linear=0
shrinkage=0.0177717


Tree=152
num_leaves=13
num_cat=0
split_feature=16 32 32 71 69 13 12 8 29 1 5 60
split_gain=0.724572 4.18356 3.31269 7.75364 2.34219 18.24 19.3568 4.11056 2.11555 5.60887 1.96862 1.2161
threshold=1.2172845005989077 0.99845400452613842 0.97681450843811046 3.3190220594406132 36.750000000000007 2.370141983032227 3.2440475225448613 6.254629611968995 1.0206965208053591 1.0000000180025095e-35 6.0088102817535409 1.0000000180025095e-35
decision_type=2 2 2 2 2 2 2 2 2 2 2 2
left_child=1 2 11 -4 8 6 -6 -7 10 -10 -2 -1
right_child=4 -3 3 -5 5 7 -8 -9 9 -11 -12 -13
leaf_value=-6.4662921010378508e-06 7.024988040056278e-05 0.0066258879290119173 -0.00021872321769143201 -0.0024257157711951331 -0.020408100134730628 -0.00031062623778691688 -0.0014201223504811942 0.0065070646162569785 -0.0016172927060193933 -1.6698051207955507e-05 0.002528027327329486 0.0013795480868374059
leaf_weight=631163 148960 30 8344 535 30 405 39 30 695 136135 103 200
leaf_count=631163 148960 30 8344 535 30 405 39 30 695 136135 103 200
internal_value=-6.78083e-13 -1.05102e-05 -1.08212e-05 -0.000351705 2.34967e-05 -0.00118694 -0.00967576 0.000159559 2.56306e-05 -2.48279e-05 7.19482e-05 -6.02724e-06
internal_weight=926669 640272 640242 8879 286397 504 69 435 285893 136830 149063 631363
internal_count=926669 640272 640242 8879 286397 504 69 435 285893 136830 149063 631363
is_linear=0
shrinkage=0.0177717


Tree=153
num_leaves=15
num_cat=0
split_feature=68 19 34 9 70 32 5 2 1 28 69 15 68 19
split_gain=0.729794 3.85427 10.749 4.10618 16.3094 3.72406 3.40753 1.15791 4.8586 17.8071 4.6039 1.33541 2.15665 1.49372
threshold=-0.038667576387524598 5.2135236263275155 0.12182600423693658 6.107393980026246 0.14871031790971759 0.99873849749565136 2.5249279737472539 3.5000000000000004 156.50000000000003 11.596195220947267 5.7087054252624521 5.9853553771972665 -0.026442329399287697 4.7433989048004159
decision_type=2 2 2 2 2 2 2 2 2 2 2 2 2 2
left_child=1 3 -3 5 -5 -1 -4 8 10 -10 -2 13 -13 -9
right_child=7 2 6 4 -6 -7 -8 11 9 -11 -12 12 -14 -15
leaf_value=4.8546236525536203e-05 0.0001607717059470308 0.011601100985876059 0.003256337522387155 -0.00051392495449005841 -0.01429838755050024 0.0062093710563812269 -0.001679183189630459 -7.9304936303929823e-06 -0.00012190146379389262 -0.011301353935437844 0.0022198573968846011 0.0025606353759545504 -0.0008273348493827076 0.00046563415845059762
leaf_weight=83007 12052 34 85 216 31 31 92 827250 270 54 353 63 1022 2109
leaf_count=83007 12052 34 85 216 31 31 92 827250 270 54 353 63 1022 2109
internal_value=6.19149e-13 5.0118e-05 0.00244901 4.40405e-05 -0.00224396 5.08462e-05 0.000690982 -4.96298e-06 0.000163253 -0.00198514 0.000219366 -7.54138e-06 -0.000630614 -6.72625e-06
internal_weight=926669 83496 211 83285 247 83038 177 843173 12729 324 12405 830444 1085 829359
internal_count=926669 83496 211 83285 247 83038 177 843173 12729 324 12405 830444 1085 829359
is_linear=0
shrinkage=0.0177717


Tree=154
num_leaves=9
num_cat=0
split_feature=29 65 5 69 8 0 73 60
split_gain=0.708193 5.52754 4.82063 4.34004 1.06744 0.966619 3.08625 1.50436
threshold=1.0000000180025095e-35 0.25457374751567846 4.0342013835906991 36.750000000000007 31.500000000000004 1.0000000180025095e-35 14.097233295440676 1.0000000180025095e-35
decision_type=2 2 2 2 2 2 2 2
left_child=1 2 3 -1 5 6 -2 -7
right_child=4 -3 -4 -5 -6 7 -8 -9
leaf_value=5.7840517296640191e-05 -3.4046429313948892e-05 0.0067510353038461885 0.0055736065596603242 -0.0050789006359978021 -0.0031527066077751721 8.065156076572866e-06 -0.0043230635810262534 -0.001183167489712818
leaf_weight=53138 229375 39 50 52 34 643593 53 335
leaf_count=53138 229375 39 50 52 34 643593 53 335
internal_value=5.10001e-14 6.29028e-05 5.80035e-05 5.28187e-05 -3.83723e-06 -3.71464e-06 -3.50372e-05 7.44542e-06
internal_weight=926669 53279 53240 53190 873390 873356 229428 643928
internal_count=926669 53279 53240 53190 873390 873356 229428 643928
is_linear=0
shrinkage=0.0177717


Tree=155
num_leaves=11
num_cat=0
split_feature=4 12 18 25 5 67 10 6 20 1
split_gain=0.71178 3.03897 1.31552 2.52178 0.759751 2.18082 0.806661 0.624155 0.369048 0.235554
threshold=82.333332061767592 50.350000381469734 0.81162449717521679 5.427147865295411 5.8721139430999765 -0.067103773355483995 3.5127768516540532 2.3374580144882207 13.607692718505861 15.500000000000002
decision_type=2 2 2 2 2 2 2 2 2 2
left_child=1 4 8 -4 6 -6 -1 -5 9 -2
right_child=2 -3 3 7 5 -7 -8 -9 -10 -11
leaf_value=2.1689883182586115e-06 -0.001840307540411491 -0.0056564866615992455 0.0064146975227466216 0.0022861585401524713 -8.5808643222801508e-05 0.0016147314002698087 -9.8650778806027521e-05 -0.0008185211095042221 0.0015126489421103766 -0.00011084739034207479
leaf_weight=899489 33 30 34 39 728 354 25783 43 35 101
leaf_count=899489 33 30 34 39 728 354 25783 43 35 101
internal_value=2.11374e-13 -2.73192e-07 0.000888002 0.00234537 -9.00149e-08 0.00047056 -6.40387e-07 0.000658095 -0.000112326 -0.000536759
internal_weight=926669 926384 285 116 926354 1082 925272 82 169 134
internal_count=926669 926384 285 116 926354 1082 925272 82 169 134
is_linear=0
shrinkage=0.0177717


Tree=156
num_leaves=15
num_cat=0
split_feature=68 19 34 5 32 29 1 2 1 28 69 15 22 19
split_gain=0.702534 3.92596 11.3697 3.40205 2.96124 6.40546 3.6845 1.13807 4.33376 15.9632 4.41969 1.28444 1.88332 1.4034
threshold=-0.041332654654979699 5.2135236263275155 0.13266450166702273 2.5249279737472539 0.77267900109291088 1.0000000180025095e-35 5.5000000000000009 3.5000000000000004 156.50000000000003 11.596195220947267 7.4664251804351816 5.9853553771972665 9.4300146102905291 4.7433989048004159
decision_type=2 2 2 2 2 2 2 2 2 2 2 2 2 2
left_child=1 4 -3 -4 6 -6 -1 8 10 -10 -2 13 -13 -9
right_child=7 2 3 -5 5 -7 -8 11 9 -11 -12 12 -14 -15
leaf_value=-0.00034583277164698846 0.00015931605762413244 0.012620552032151408 0.0034132887649809592 -0.0015939854172209666 0.0010926740002844186 0.0001059693350621524 4.5188887219966706e-05 -7.6541581512470963e-06 -4.6608210222479546e-05 -0.010312786155985684 0.0022315905962997503 0.0014856947570417586 -0.00087359650711467179 0.00045082565632412186
leaf_weight=8827 12138 30 81 91 2484 12712 55244 831187 273 58 334 120 976 2114
leaf_count=8827 12138 30 81 91 2484 12712 55244 831187 273 58 334 120 976 2114
internal_value=-5.54128e-13 5.05238e-05 0.00252495 0.000764091 4.42181e-05 0.00026726 -8.68179e-06 -4.73923e-06 0.000161545 -0.00184552 0.000214812 -7.2907e-06 -0.00061528 -6.49104e-06
internal_weight=926669 79469 202 172 79267 15196 64071 847200 12803 331 12472 834397 1096 833301
internal_count=926669 79469 202 172 79267 15196 64071 847200 12803 331 12472 834397 1096 833301
is_linear=0
shrinkage=0.0177717


Tree=157
num_leaves=14
num_cat=0
split_feature=36 72 30 35 4 27 32 2 66 70 60 2 28
split_gain=0.696204 1.45101 5.37343 2.65789 2.57822 4.61032 2.80009 1.3988 2.02305 2.80487 1.99242 1.60557 1.12115
threshold=1.0000000180025095e-35 29.047111511230472 2.4321665763854985 0.21970649808645251 29.022727966308597 0.9466020166873933 0.99873849749565136 73.500000000000014 -0.021364993415772911 0.17166844010353091 1.0000000180025095e-35 81.500000000000014 9.8624515533447283
decision_type=2 2 2 2 2 2 2 2 2 2 2 2 2
left_child=1 4 -3 -4 6 -6 -1 8 9 -2 11 -9 -10
right_child=7 2 3 -5 5 -7 -8 10 12 -11 -12 -13 -14
leaf_value=-6.4811696160642811e-06 0.00078534451151067843 0.0058451899288556024 -0.002302210138866462 0.00040179414080391049 -5.3840247413943722e-05 -0.0015690299881397547 0.0044768634060787993 -0.00039608025475019391 -8.3992194881964951e-06 -2.0404231909850657e-05 -0.0033550805723319963 1.108498480002499e-05 0.00016947562634032261
leaf_weight=771408 3107 56 120 2655 1999 929 44 3160 24862 2433 56 95486 20354
leaf_count=771408 3107 56 120 2655 1999 929 44 3160 24862 2433 56 95486 20354
internal_value=-6.53417e-13 -6.75501e-06 0.000394853 0.000284864 -8.22322e-06 -0.000534582 -6.22546e-06 3.51274e-05 0.000110945 0.000431484 -3.86048e-06 -1.95804e-06 7.16712e-05
internal_weight=926669 777211 2831 2775 774380 2928 771452 149458 50756 5540 98702 98646 45216
internal_count=926669 777211 2831 2775 774380 2928 771452 149458 50756 5540 98702 98646 45216
is_linear=0
shrinkage=0.0177717


Tree=158
num_leaves=12
num_cat=0
split_feature=23 69 63 29 30 1 65 72 35 71 34
split_gain=0.69823 5.23922 0.904992 15.884 13.4053 2.5556 3.63974 1.32983 0.219542 0.584258 0.142022
threshold=6.1495356559753427 0.81666666269302379 1.0000000180025095e-35 1.3323209881782534 1.0602869987487795 1.5000000000000002 0.12073174864053728 7.9801542758941659 0.51805400848388683 5.3661370277404794 0.041216000914573676
decision_type=2 2 2 2 2 2 2 2 2 2 2
left_child=2 -2 3 4 -1 6 -4 -7 10 -10 -3
right_child=1 8 5 -5 -6 7 -8 -9 9 -11 -12
leaf_value=-0.00072951027586290506 -0.0077732093245222681 -0.0013540763585182683 0.00035269741680909046 -0.01196032290418416 0.00064935705731504825 -1.0074572609960951e-05 -0.00062748606946290073 4.2437272193104828e-05 0.00031135990549098778 -0.0027688987488648361 -0.00013177593901208469
leaf_weight=3279 30 31 1636 34 6940 715743 4454 193491 41 37 953
leaf_count=3279 30 31 1636 34 6940 715743 4454 193491 41 37 953
internal_value=-4.08975e-13 -0.00044912 5.29873e-07 0.000166568 0.000206916 -1.33e-06 -0.000364172 1.10029e-06 -0.000242224 -0.00114979 -0.000170283
internal_weight=926669 1092 925577 10253 10219 915324 6090 909234 1062 78 984
internal_count=926669 1092 925577 10253 10219 915324 6090 909234 1062 78 984
is_linear=0
shrinkage=0.0177717


Tree=159
num_leaves=9
num_cat=0
split_feature=4 12 69 8 10 71 71 1
split_gain=0.690371 2.92994 1.28432 1.1111 0.738563 3.06606 1.62197 0.43627
threshold=82.333332061767592 50.350000381469734 0.99717912077903759 11.025000095367433 3.5127768516540532 3.1210035085678105 4.7292296886444101 7.5000000000000009
decision_type=2 2 2 2 2 2 2 2
left_child=1 4 3 -2 6 -6 -1 -5
right_child=2 -3 -4 7 5 -7 -8 -9
leaf_value=8.6722394986674085e-08 0.0030967762625635719 -0.0055540867414560898 0.0032605643954495204 -0.0016208628660142224 -1.1053779477625823e-05 -0.000546297112923524 0.00022877696614535641 0.00026524811220048278
leaf_weight=890550 37 30 57 54 21903 3997 9904 137
leaf_count=890550 37 30 57 54 21903 3997 9904 137
internal_value=-1.12312e-13 -2.69052e-07 0.000874545 0.00027804 -8.91914e-08 -9.36548e-05 2.60206e-06 -0.000267998
internal_weight=926669 926384 285 228 926354 25900 900454 191
internal_count=926669 926384 285 228 926354 25900 900454 191
is_linear=0
shrinkage=0.0177717


Tree=160
num_leaves=8
num_cat=0
split_feature=8 12 69 48 4 8 72
split_gain=0.687767 0.835145 5.7955 4.53316 1.42441 3.20633 1.68859
threshold=31.500000000000004 24.828571319580082 1.6820991039276125 1.0000000180025095e-35 41.021738052368171 3.2247475385665898 30.102498054504398
decision_type=2 2 2 2 2 2 2
left_child=1 4 3 -3 6 -6 -1
right_child=-2 2 -4 -5 5 -7 -8
leaf_value=-1.3165397976046312e-06 -0.0024563557499554228 0.00012396583776363003 0.0081307863483589034 0.0066776969090504186 -0.0051238398637743201 -0.00037329325118580996 0.00034644910922191101
leaf_weight=918560 36 1701 30 34 46 1831 4431
leaf_count=918560 36 1701 30 34 46 1831 4431
internal_value=1.07721e-12 9.54313e-08 0.000386307 0.000252396 -6.41607e-07 -0.000489716 3.52978e-07
internal_weight=926669 926633 1765 1735 924868 1877 922991
internal_count=926669 926633 1765 1735 924868 1877 922991
is_linear=0
shrinkage=0.0177717


Tree=161
num_leaves=13
num_cat=0
split_feature=29 27 63 31 65 1 30 12 8 12 61 19
split_gain=0.68774 2.9744 5.4306 6.00223 2.88327 2.88236 5.59695 2.51754 1.23464 1.17765 7.93149 1.79066
threshold=0.53959050774574291 0.81142550706863414 1.0000000180025095e-35 2.5000000000000004 0.25457374751567846 5.5000000000000009 0.87409400939941417 24.828571319580082 26.500000000000004 11.79655170440674 1.0000000180025095e-35 4.2340295314788827
decision_type=2 2 2 2 2 2 2 2 2 2 2 2
left_child=1 5 3 -3 -4 6 -1 -7 9 11 -11 -2
right_child=8 2 4 -5 -6 7 -8 -9 -10 10 -12 -13
leaf_value=-0.0011332391345644981 -7.3169494947608452e-06 0.00023417091693151706 0.00010596915675016699 0.0021456609268532272 0.0042931381348400664 2.4157985384460787e-06 0.00010165652795835006 0.0029273986364413808 0.0026309120785227855 -0.0022623976554371809 -8.43360160181845e-05 0.00028189949098940105
leaf_weight=2074 712707 1250 45210 887 52 138278 2628 93 56 546 16062 6826
leaf_count=2074 712707 1250 45210 887 52 138278 2628 93 56 546 16062 6826
internal_value=6.16209e-13 3.00996e-05 0.000152113 0.00102757 0.00011078 -1.03226e-05 -0.000443042 4.3817e-06 -7.78751e-06 -7.98824e-06 -0.000155941 -4.57324e-06
internal_weight=926669 190472 47399 2137 45262 143073 4702 138371 736197 736141 16608 719533
internal_count=926669 190472 47399 2137 45262 143073 4702 138371 736197 736141 16608 719533
is_linear=0
shrinkage=0.0177717


Tree=162
num_leaves=8
num_cat=0
split_feature=8 12 69 48 4 8 72
split_gain=0.685401 0.798891 5.58428 4.35801 1.36565 3.09337 1.62596
threshold=31.500000000000004 24.828571319580082 1.6820991039276125 1.0000000180025095e-35 41.021738052368171 3.2247475385665898 30.102498054504398
decision_type=2 2 2 2 2 2 2
left_child=1 4 3 -3 6 -6 -1
right_child=-2 2 -4 -5 5 -7 -8
leaf_value=-1.2900034389670756e-06 -0.002452125804438255 0.00012045827368951021 0.0079798741274240501 0.0065463358435943805 -0.005031267352139576 -0.00036515248284612798 0.00033996484279741806
leaf_weight=918560 36 1701 30 34 46 1831 4431
leaf_count=918560 36 1701 30 34 46 1831 4431
internal_value=8.65831e-13 9.52668e-08 0.000377831 0.000246383 -6.25596e-07 -0.000479506 3.48258e-07
internal_weight=926669 926633 1765 1735 924868 1877 922991
internal_count=926669 926633 1765 1735 924868 1877 922991
is_linear=0
shrinkage=0.0177717


Tree=163
num_leaves=9
num_cat=0
split_feature=29 65 5 69 8 10 71 71
split_gain=0.681594 5.3017 4.63517 4.17496 1.01809 0.925053 4.64739 1.89847
threshold=1.0000000180025095e-35 0.25457374751567846 4.0342013835906991 36.750000000000007 31.500000000000004 3.5409667491912846 3.1210035085678105 4.7292296886444101
decision_type=2 2 2 2 2 2 2 2
left_child=1 2 3 -1 5 7 -7 -2
right_child=4 -3 -4 -5 -6 6 -8 -9
leaf_value=5.6753322663069322e-05 -3.4874483519232922e-06 0.00661178802218651 0.0054653751850145928 -0.0049813487872178352 -0.0030789758167799179 -5.9659523034610921e-06 -0.00069091999965214667 0.00024296864342536297
leaf_weight=53138 839666 39 50 52 34 19992 3709 9989
leaf_count=53138 839666 39 50 52 34 19992 3709 9989
internal_value=-4.19535e-13 6.17102e-05 5.6912e-05 5.18279e-05 -3.76448e-06 -3.64476e-06 -0.000113155 -5.89978e-07
internal_weight=926669 53279 53240 53190 873390 873356 23701 849655
internal_count=926669 53279 53240 53190 873390 873356 23701 849655
is_linear=0
shrinkage=0.0177717


Tree=164
num_leaves=12
num_cat=0
split_feature=66 19 34 9 24 23 5 8 2 1 15
split_gain=0.67803 3.07402 6.10273 3.87944 14.2748 3.29706 2.61057 1.10097 0.979383 5.52156 1.00147
threshold=-0.021364993415772911 5.2135236263275155 0.12182600423693658 6.107393980026246 8.5371432304382342 6.2643461227417001 2.5249279737472539 26.500000000000004 3.5000000000000004 312.50000000000006 5.9853553771972665
decision_type=2 2 2 2 2 2 2 2 2 2 2
left_child=1 3 -3 5 -5 -1 -4 8 9 -2 -10
right_child=7 2 6 4 -6 -7 -8 -9 10 -11 -12
leaf_value=5.3057429270058665e-05 0.00019312047479916596 0.0092389917983434263 0.0030778289938024131 -0.013254792268717158 -0.00053236586117728316 -0.0040467295073957407 -0.0014069177003010961 0.0024436821359587017 -6.5923801187533154e-06 -0.0030127909648314209 -0.00054962658262862395
leaf_weight=82138 12555 33 83 32 215 62 81 58 830166 172 1074
leaf_count=82138 12555 33 83 32 215 62 81 58 830166 172 1074
internal_value=4.11053e-13 4.85808e-05 0.00226592 4.32826e-05 -0.00218062 4.99651e-05 0.000862802 -4.75686e-06 -4.92512e-06 0.000149794 -7.29401e-06
internal_weight=926669 82644 197 82447 247 82200 164 844025 843967 12727 831240
internal_count=926669 82644 197 82447 247 82200 164 844025 843967 12727 831240
is_linear=0
shrinkage=0.0177717


Tree=165
num_leaves=11
num_cat=0
split_feature=4 12 18 21 5 67 10 20 1 2
split_gain=0.661069 2.83362 1.25351 2.43084 0.718051 2.09767 0.752144 0.362866 0.306537 0.2199
threshold=82.333332061767592 50.350000381469734 0.81162449717521679 11.042111396789553 5.8721139430999765 -0.067103773355483995 3.5127768516540532 13.607692718505861 34.500000000000007 15.500000000000002
decision_type=2 2 2 2 2 2 2 2 2 2
left_child=1 4 7 -4 6 -6 -1 9 -5 -2
right_child=2 -3 3 8 5 -7 -8 -9 -10 -11
leaf_value=2.0913247826834481e-06 -0.0017762165620006385 -0.0054620312486713101 0.0057579050802124632 -0.00055140681413740143 -8.8193640275730629e-05 0.0015796123491266638 -9.5261955118763656e-05 0.0014906238906666964 0.0017677766648315572 -0.0001217601811764344
leaf_weight=899489 34 30 41 45 728 354 25783 35 30 100
leaf_count=899489 34 30 41 45 728 354 25783 35 30 100
internal_value=7.46536e-14 -2.6328e-07 0.000855784 0.0022784 -8.64006e-08 0.000457466 -6.21455e-07 -0.000120684 0.000376267 -0.000541548
internal_weight=926669 926384 285 116 926354 1082 925272 169 75 134
internal_count=926669 926384 285 116 926354 1082 925272 169 75 134
is_linear=0
shrinkage=0.0177717


Tree=166
num_leaves=12
num_cat=0
split_feature=23 69 63 29 30 1 65 65 35 71 34
split_gain=0.661033 5.01683 0.864068 15.3176 12.6387 2.47051 3.47927 1.26967 0.211701 0.559181 0.136625
threshold=6.1495356559753427 0.81666666269302379 1.0000000180025095e-35 1.3323209881782534 0.97712150216102611 1.5000000000000002 0.12073174864053728 0.076217234134674086 0.51805400848388683 5.3661370277404794 0.041216000914573676
decision_type=2 2 2 2 2 2 2 2 2 2 2
left_child=2 -2 3 4 -1 6 -4 -7 10 -10 -3
right_child=1 8 5 -5 -6 7 -8 -9 9 -11 -12
leaf_value=-0.000845612818835517 -0.0076039525920675328 -0.001324973121338954 0.00034283595820253706 -0.011745938690737336 0.00057511146358978343 -2.7944477869683994e-06 -0.00061549691025906299 0.00011469346127879098 0.00030370061496787085 -0.0027097285860174505 -0.00012612308778199566
leaf_weight=2681 30 31 1636 34 7538 879190 4454 30044 41 37 953
leaf_count=2681 30 31 1636 34 7538 879190 4454 30044 41 37 953
internal_value=2.59282e-13 -0.000436993 5.15567e-07 0.000162756 0.000202378 -1.30177e-06 -0.000358053 1.08773e-06 -0.000234536 -0.00112575 -0.000163892
internal_weight=926669 1092 925577 10253 10219 915324 6090 909234 1062 78 984
internal_count=926669 1092 925577 10253 10219 915324 6090 909234 1062 78 984
is_linear=0
shrinkage=0.0177717


Tree=167
num_leaves=10
num_cat=0
split_feature=29 65 27 63 1 8 0 5 60
split_gain=0.660109 5.11164 4.56107 9.43775 9.16379 1.00326 0.909994 3.05213 1.42896
threshold=1.0000000180025095e-35 0.25457374751567846 0.73965448141098034 1.0000000180025095e-35 8.5000000000000018 31.500000000000004 1.0000000180025095e-35 3.65057384967804 1.0000000180025095e-35
decision_type=2 2 2 2 2 2 2 2 2
left_child=1 2 4 -4 -1 6 7 -2 -8
right_child=5 -3 3 -5 -6 -7 8 -9 -10
leaf_value=-0.0012635642291730839 -3.3059202799520249e-05 0.0064923264859666945 0.0016307408870383957 0.00016594253085205196 2.343754734717671e-05 -0.0030564446130113645 7.8464306633487691e-06 -0.0046112724237225133 -0.0011531516444421507
leaf_weight=1829 229382 39 1597 10678 39136 34 643593 46 335
leaf_count=1829 229382 39 1597 10678 39136 34 643593 46 335
internal_value=-5.4394e-13 6.07298e-05 5.60184e-05 0.000356515 -3.40243e-05 -3.70467e-06 -3.58583e-06 -3.39771e-05 7.24243e-06
internal_weight=926669 53279 53240 12275 40965 873390 873356 229428 643928
internal_count=926669 53279 53240 12275 40965 873390 873356 229428 643928
is_linear=0
shrinkage=0.0177717


Tree=168
num_leaves=11
num_cat=0
split_feature=4 12 37 71 5 67 10 28 18 1
split_gain=0.649041 2.73293 1.21822 2.83729 0.693593 2.02406 0.728225 0.623318 0.652229 0.452425
threshold=82.333332061767592 50.350000381469734 1.0000000180025095e-35 2.9080713987350468 5.8721139430999765 -0.067103773355483995 3.5127768516540532 10.577888488769533 1.0965619683265688 7.5000000000000009
decision_type=2 2 2 2 2 2 2 2 2 2
left_child=1 4 7 -4 6 -6 -1 8 -2 -9
right_child=2 -3 3 -5 5 -7 -8 9 -10 -11
leaf_value=2.0562696988465219e-06 -2.5418708406804073e-05 -0.005364110350133287 -0.00035745237771461817 0.0064050903492267877 -8.6394017176554639e-05 0.0015518844352698249 -9.3736557231038572e-05 -0.0019737032952589634 0.0034799396373517886 0.00017350065120010427
leaf_weight=899489 38 30 43 36 728 354 25783 47 30 91
leaf_count=899489 38 30 43 36 728 354 25783 47 30 91
internal_value=9.04367e-13 -2.60873e-07 0.000847963 0.00272421 -8.71648e-08 0.000449605 -6.13028e-07 0.000128431 0.00152106 -0.000557793
internal_weight=926669 926384 285 79 926354 1082 925272 206 68 138
internal_count=926669 926384 285 79 926354 1082 925272 206 68 138
is_linear=0
shrinkage=0.0177717


Tree=169
num_leaves=14
num_cat=0
split_feature=36 72 30 35 4 27 32 2 66 70 60 2 28
split_gain=0.649309 1.3761 5.19797 2.56463 2.48008 4.45063 2.70079 1.33085 1.93078 2.70122 1.90437 1.55042 1.06333
threshold=1.0000000180025095e-35 29.047111511230472 2.4321665763854985 0.21970649808645251 29.022727966308597 0.9466020166873933 0.99873849749565136 73.500000000000014 -0.021364993415772911 0.17166844010353091 1.0000000180025095e-35 81.500000000000014 9.8624515533447283
decision_type=2 2 2 2 2 2 2 2 2 2 2 2 2
left_child=1 4 -3 -4 6 -6 -1 8 9 -2 11 -9 -10
right_child=7 2 3 -5 5 -7 -8 10 12 -11 -12 -13 -14
leaf_value=-6.2451159862228492e-06 0.0007682813509836343 0.0057451947402889251 -0.0022648789118199196 0.00039126267703071266 -5.1854979333673566e-05 -0.001540571360215349 0.0043968881926892845 -0.00038954020275121281 -8.4693000862791508e-06 -2.2439147734392058e-05 -0.0032804429965926181 1.0571599769513974e-05 0.0001647582804230381
leaf_weight=771408 3107 56 120 2655 1999 929 44 3160 24862 2433 56 95486 20354
leaf_count=771408 3107 56 120 2655 1999 929 44 3160 24862 2433 56 95486 20354
internal_value=-5.03797e-13 -6.52354e-06 0.000384581 0.000276403 -7.95335e-06 -0.000524197 -5.99398e-06 3.39237e-05 0.000107877 0.000421021 -4.10541e-06 -2.24548e-06 6.95092e-05
internal_weight=926669 777211 2831 2775 774380 2928 771452 149458 50756 5540 98702 98646 45216
internal_count=926669 777211 2831 2775 774380 2928 771452 149458 50756 5540 98702 98646 45216
is_linear=0
shrinkage=0.0177717


Tree=170
num_leaves=13
num_cat=0
split_feature=29 27 68 69 8 1 30 12 8 12 61 19
split_gain=0.64994 2.81466 5.16035 6.92512 2.84701 2.69217 5.02431 2.41152 1.19885 1.15477 7.58951 1.71715
threshold=0.53959050774574291 0.81142550706863414 -0.041332654654979699 2.7801098823547368 18.527777671813968 5.5000000000000009 0.92866650223732006 24.828571319580082 26.500000000000004 11.79655170440674 1.0000000180025095e-35 4.2340295314788827
decision_type=2 2 2 2 2 2 2 2 2 2 2 2
left_child=1 5 3 -3 -4 6 -1 -7 9 11 -11 -2
right_child=8 2 4 -5 -6 7 -8 -9 -10 10 -12 -13
leaf_value=-0.001000610413559816 -7.0734214508012843e-06 0.00063041643222623654 7.0031406422627683e-05 -0.0037821380887404273 -0.0051521121575073322 2.2258273440873736e-06 0.00016138730232799058 0.0028649552235896947 0.0025925990099338924 -0.0022148204306407957 -8.4232373374553473e-05 0.00027614481547609624
leaf_weight=2386 712707 7682 39570 114 33 138278 2316 93 56 546 16062 6826
leaf_count=2386 712707 7682 39570 114 33 138278 2316 93 56 546 16062 6826
internal_value=-6.33779e-13 2.92608e-05 0.000147953 0.000565892 6.56799e-05 -1.0061e-05 -0.000428261 4.14989e-06 -7.57047e-06 -7.76827e-06 -0.000154277 -4.38661e-06
internal_weight=926669 190472 47399 7796 39603 143073 4702 138371 736197 736141 16608 719533
internal_count=926669 190472 47399 7796 39603 143073 4702 138371 736197 736141 16608 719533
is_linear=0
shrinkage=0.0177717


Tree=171
num_leaves=8
num_cat=0
split_feature=8 12 69 48 4 8 72
split_gain=0.657932 0.77694 5.34557 4.20767 1.29182 3.00012 1.52817
threshold=31.500000000000004 24.828571319580082 1.6820991039276125 1.0000000180025095e-35 41.021738052368171 3.2247475385665898 30.102498054504398
decision_type=2 2 2 2 2 2 2
left_child=1 4 3 -3 6 -6 -1
right_child=-2 2 -4 -5 5 -7 -8
leaf_value=-1.2586244608232666e-06 -0.0024024867468489595 0.00012026171893250289 0.0078103953814106482 0.0064343304852265528 -0.0049489967503591826 -0.00035375635844167829 0.00032957551574027793
leaf_weight=918560 36 1701 30 34 46 1831 4431
leaf_count=918560 36 1701 30 34 46 1831 4431
internal_value=4.49414e-14 9.33375e-08 0.000372603 0.000243996 -6.17553e-07 -0.000466373 3.2961e-07
internal_weight=926669 926633 1765 1735 924868 1877 922991
internal_count=926669 926633 1765 1735 924868 1877 922991
is_linear=0
shrinkage=0.0177717


Tree=172
num_leaves=12
num_cat=0
split_feature=63 29 30 72 0 1 29 65 65 19 60
split_gain=0.646283 32.4064 11.8316 10.651 9.28765 2.42526 3.4049 3.5777 1.20894 9.03854 2.69905
threshold=1.0000000180025095e-35 1.3323209881782534 1.0602869987487795 3.443516850471497 2.5000000000000004 1.5000000000000002 1.3323209881782534 0.12073174864053728 0.076217234134674086 5.2135236263275155 1.0000000180025095e-35
decision_type=2 2 2 2 2 2 2 2 2 2 2
left_child=1 2 4 -4 -1 6 7 -2 10 -10 -7
right_child=5 -3 3 -5 -6 8 -8 -9 9 -11 -12
leaf_value=-0.00056665295376270191 0.00032173260118869488 -0.016461732128667059 0.0011760270116602703 -0.00024892964933731921 -0.0086087995903100754 -2.3857956065393182e-06 0.0043110621450719155 -0.00065410680633802305 9.5954917454238011e-05 0.0061925905046600564 -0.0016026656621663333
leaf_weight=3233 1621 37 4214 2730 46 879881 49 4428 30020 77 333
leaf_count=3233 1621 37 4214 2730 46 879881 49 4428 30020 77 333
internal_value=-1.40889e-13 0.000140265 0.000200353 0.000615812 -0.000679474 -1.57039e-06 -0.000354807 -0.000392603 7.95873e-07 0.000111553 -2.99121e-06
internal_weight=926669 10260 10223 6944 3279 916409 6098 6049 910311 30097 880214
internal_count=926669 10260 10223 6944 3279 916409 6098 6049 910311 30097 880214
is_linear=0
shrinkage=0.0177717


Tree=173
num_leaves=9
num_cat=0
split_feature=29 65 11 25 8 0 73 60
split_gain=0.643586 4.928 4.54453 5.54705 0.982163 0.875138 2.97603 1.29612
threshold=1.0000000180025095e-35 0.25457374751567846 4.0517470836639413 4.6774799823760995 31.500000000000004 1.0000000180025095e-35 14.097233295440676 1.0000000180025095e-35
decision_type=2 2 2 2 2 2 2 2
left_child=1 2 3 -1 5 6 -2 -7
right_child=4 -3 -4 -5 -6 7 -8 -9
leaf_value=5.6479064581851252e-05 -3.2371036483216031e-05 0.0063749752495339002 0.0069703314953335673 -0.0064829001972718635 -0.0030241251554428876 7.6536652797849946e-06 -0.0042441029553068419 -0.0010980616457096949
leaf_weight=53169 229375 39 30 41 34 643593 53 335
leaf_count=53169 229375 39 30 41 34 643593 53 335
internal_value=1.07709e-12 5.99649e-05 5.5339e-05 5.14403e-05 -3.65801e-06 -3.54042e-06 -3.3344e-05 7.07842e-06
internal_weight=926669 53279 53240 53210 873390 873356 229428 643928
internal_count=926669 53279 53240 53210 873390 873356 229428 643928
is_linear=0
shrinkage=0.0177717


Tree=174
num_leaves=12
num_cat=0
split_feature=23 10 63 29 30 1 30 72 35 71 34
split_gain=0.638215 4.88693 0.816836 14.0364 11.4175 2.32702 3.28712 1.21988 0.206493 0.644641 0.148529
threshold=6.1495356559753427 1.7047813534736636 1.0000000180025095e-35 1.3323209881782534 1.0602869987487795 1.5000000000000002 3.2772655487060551 7.9801542758941659 0.51805400848388683 5.3661370277404794 0.041216000914573676
decision_type=2 2 2 2 2 2 2 2 2 2 2
left_child=2 -2 3 4 -1 6 -4 -7 10 -10 -3
right_child=1 8 5 -5 -6 7 -8 -9 9 -11 -12
leaf_value=-0.00066803387702284568 -0.0075029525074993561 -0.0013231854547388774 -0.00038148819734568399 -0.011241550518815818 0.00060450148257157235 -9.644265826192072e-06 0.0046676027069949676 4.0650002914458163e-05 0.0002417135024334874 -0.0027023786414638821 -0.00011000110433320472
leaf_weight=3279 30 33 6049 34 6940 715743 41 193491 55 41 933
leaf_count=3279 30 33 6049 34 6940 715743 41 193491 55 41 933
internal_value=4.89243e-14 -0.000429385 5.0659e-07 0.000158251 0.000196179 -1.26038e-06 -0.000347496 1.05869e-06 -0.000229566 -0.00101566 -0.000151445
internal_weight=926669 1092 925577 10253 10219 915324 6090 909234 1062 96 966
internal_count=926669 1092 925577 10253 10219 915324 6090 909234 1062 96 966
is_linear=0
shrinkage=0.0177717


Tree=175
num_leaves=9
num_cat=0
split_feature=29 65 5 69 8 10 71 71
split_gain=0.632434 4.75368 4.47443 3.98329 0.950963 0.870562 4.51611 1.81491
threshold=1.0000000180025095e-35 0.25457374751567846 4.0342013835906991 36.750000000000007 31.500000000000004 3.5409667491912846 2.9080713987350468 4.7292296886444101
decision_type=2 2 2 2 2 2 2 2
left_child=1 2 3 -1 5 7 -7 -2
right_child=4 -3 -4 -5 -6 6 -8 -9
leaf_value=5.4715561492336107e-05 -3.3800208244619946e-06 0.0062617606266359635 0.0053687614081169323 -0.0048663818382521859 -0.0029757302066492071 -1.5600086769301951e-06 -0.00066601499757386242 0.00023759124263563987
leaf_weight=53138 839666 39 50 52 34 19842 3859 9989
leaf_count=53138 839666 39 50 52 34 19842 3859 9989
internal_value=3.75645e-13 5.94431e-05 5.48997e-05 4.99046e-05 -3.62618e-06 -3.51048e-06 -0.000109747 -5.47033e-07
internal_weight=926669 53279 53240 53190 873390 873356 23701 849655
internal_count=926669 53279 53240 53190 873390 873356 23701 849655
is_linear=0
shrinkage=0.0177717


Tree=176
num_leaves=11
num_cat=0
split_feature=4 12 37 71 15 21 19 28 18 1
split_gain=0.62958 2.63027 1.20081 2.74613 0.66967 2.62676 2.54958 0.594595 0.631113 0.440876
threshold=82.333332061767592 50.350000381469734 1.0000000180025095e-35 2.9080713987350468 5.9853553771972665 9.8056259155273455 5.2135236263275155 10.577888488769533 1.0965619683265688 7.5000000000000009
decision_type=2 2 2 2 2 2 2 2 2 2
left_child=1 4 7 -4 6 -6 -1 8 -2 -9
right_child=2 -3 3 -5 5 -7 -8 9 -10 -11
leaf_value=-1.356762254249762e-07 -4.0291637168549203e-05 -0.0052623972629777605 -0.00033380769964199818 0.0063192066968827017 0.0012921312872256224 -0.00075138095353193576 0.0013799118564674724 -0.0019471665083484978 0.0034078549053653201 0.00017245532218516636
leaf_weight=924559 38 30 43 36 241 1131 423 47 30 91
leaf_count=924559 38 30 43 36 241 1131 423 47 30 91
internal_value=8.49547e-13 -2.56932e-07 0.000835154 0.00269795 -8.65179e-08 -0.000392426 4.95428e-07 0.000120782 0.00148095 -0.000549445
internal_weight=926669 926384 285 79 926354 1372 924982 206 68 138
internal_count=926669 926384 285 79 926354 1372 924982 206 68 138
is_linear=0
shrinkage=0.0177717


Tree=177
num_leaves=13
num_cat=0
split_feature=17 22 29 8 54 27 8 67 34 17 4 60
split_gain=0.623406 2.00409 1.71515 2.73147 1.69693 0.897626 3.2305 3.84765 3.46614 1.75818 6.02206 1.32691
threshold=1.2428609728813174 2.3180040121078496 0.65051501989364635 5.6132481098175058 1.0000000180025095e-35 0.98492148518562328 1.6733334660530093 -0.10920448228716849 0.41106401383876806 1.0602869987487795 3.6733335256576543 1.0000000180025095e-35
decision_type=2 2 2 2 2 2 2 2 2 2 2 2
left_child=5 -2 3 -3 -4 9 7 -7 -8 11 -11 -1
right_child=1 2 4 -5 -6 6 8 -9 -10 10 -12 -13
leaf_value=2.9029948503888459e-06 -0.0043232113720744593 1.9962802980676447e-05 0.0001480463453564404 0.0023158040003363224 -0.0030370316377260776 -0.00014412230291945867 -0.00022306816247872626 -0.0011003007445914391 0.00021607890236461847 -0.0078761546885004821 -0.0004227746993599062 0.0010881109124443972
leaf_weight=892886 30 348 2439 309 54 3924 11292 2010 11415 35 1571 356
leaf_count=892886 30 348 2439 309 54 3924 11292 2010 11415 35 1571 356
internal_value=5.64156e-13 0.000248402 0.000291942 0.00109974 7.90555e-05 -8.55364e-07 -9.87914e-05 -0.000468005 -2.30524e-06 2.27923e-06 -0.000585208 3.3355e-06
internal_weight=926669 3180 3150 657 2493 923489 28641 5934 22707 894848 1606 893242
internal_count=926669 3180 3150 657 2493 923489 28641 5934 22707 894848 1606 893242
is_linear=0
shrinkage=0.0177717


Tree=178
num_leaves=12
num_cat=0
split_feature=16 32 72 2 17 69 12 15 29 1 5
split_gain=0.619443 3.93524 3.3124 6.66416 2.39616 2.15267 17.5041 4.64989 2.03077 5.14559 1.86146
threshold=1.2172845005989077 0.99845400452613842 17.361248016357425 7.5000000000000009 0.38907550275325781 36.750000000000007 1.7207794785499575 5.2577958106994638 1.0206965208053591 1.0000000180025095e-35 4.8081026077270517
decision_type=2 2 2 2 2 2 2 2 2 2 2
left_child=1 2 4 -4 -1 8 -7 -8 10 -10 -2
right_child=5 -3 3 -5 -6 6 7 -9 9 -11 -12
leaf_value=-3.5651923031345189e-06 6.2333815834391676e-05 0.0064267134770772064 -0.0017042208441187692 -0.00016141729899663208 -0.00052441953589048903 -0.012736800666719943 -0.00070660431265321484 0.0059424381591490555 -0.001550945438139702 -1.7879085036284718e-05 0.00064769764198086878
leaf_weight=630760 147327 30 1049 5631 2802 38 430 36 695 136135 1736
leaf_count=630760 147327 30 1049 5631 2802 38 430 36 695 136135 1736
internal_value=-1.01823e-12 -9.71786e-06 -1.00195e-05 -0.000403693 -5.86873e-06 2.17253e-05 -0.00113871 -0.000192944 2.37711e-05 -2.5666e-05 6.9151e-05
internal_weight=926669 640272 640242 6680 633562 286397 504 466 285893 136830 149063
internal_count=926669 640272 640242 6680 633562 286397 504 466 285893 136830 149063
is_linear=0
shrinkage=0.0177717


Tree=179
num_leaves=12
num_cat=0
split_feature=66 19 34 9 24 32 5 8 2 1 71
split_gain=0.622822 2.85619 5.8855 3.73529 13.7186 3.20996 2.51977 1.04949 0.924547 5.24578 1.03276
threshold=-0.021364993415772911 5.2135236263275155 0.12182600423693658 6.107393980026246 8.5371432304382342 0.99845400452613842 2.5249279737472539 26.500000000000004 3.5000000000000004 312.50000000000006 2.7073619365692143
decision_type=2 2 2 2 2 2 2 2 2 2 2
left_child=1 3 -3 5 -5 -1 -4 8 9 -2 -10
right_child=7 2 6 4 -6 -7 -8 -9 10 -11 -12
leaf_value=4.5085685124574328e-05 0.00018783263125153062 0.0090317349505487903 0.0029821422825246718 -0.012997029756667588 -0.00052491480099724512 0.0042639246811485175 -0.0014239197820109866 0.0023859546194692333 -2.348841696806006e-06 -0.0029369907890053879 -9.0941307061497603e-05
leaf_weight=82143 12555 33 83 32 215 57 81 58 787365 172 43875
leaf_count=82143 12555 33 83 32 215 57 81 58 787365 172 43875
internal_value=-9.56421e-13 4.65609e-05 0.0021839 4.1454e-05 -0.00214074 4.80112e-05 0.000805977 -4.55909e-06 -4.72337e-06 0.000145602 -7.02498e-06
internal_weight=926669 82644 197 82447 247 82200 164 844025 843967 12727 831240
internal_count=926669 82644 197 82447 247 82200 164 844025 843967 12727 831240
is_linear=0
shrinkage=0.0177717


Tree=180
num_leaves=8
num_cat=0
split_feature=8 12 69 48 4 75 72
split_gain=0.623085 0.73231 5.11636 4.0599 1.25156 2.97745 1.461
threshold=31.500000000000004 24.828571319580082 1.6820991039276125 1.0000000180025095e-35 41.021738052368171 1.5000000000000002 30.102498054504398
decision_type=2 2 2 2 2 2 2
left_child=1 4 3 -3 6 -6 -1
right_child=-2 2 -4 -5 5 -7 -8
leaf_value=-1.2199884567135264e-06 -0.002337997910489999 0.00011438155213248307 0.0076383258987817795 0.0063165865903240396 0.0048320340251237987 -0.00055372711348786088 0.00032226137570351497
leaf_weight=918560 36 1701 30 34 33 1844 4431
leaf_count=918560 36 1701 30 34 33 1844 4431
internal_value=7.56403e-13 9.08328e-08 0.000361743 0.000235923 -5.99338e-07 -0.000459039 3.32948e-07
internal_weight=926669 926633 1765 1735 924868 1877 922991
internal_count=926669 926633 1765 1735 924868 1877 922991
is_linear=0
shrinkage=0.0177717


Tree=181
num_leaves=15
num_cat=0
split_feature=28 60 5 19 71 2 30 21 11 1 69 28 25 67
split_gain=0.615809 5.71998 68.904 12.2674 4.02338 23.1545 43.3143 6.34805 2.85498 23.1505 3.58826 2.22698 3.12816 2.32329
threshold=9.5597567558288592 1.0000000180025095e-35 2.9174053668975835 2.6163792610168461 2.5984133481979375 1.0000000180025095e-35 2.3128105401992802 7.5761907100677499 3.3842465877532963 1.0000000180025095e-35 0.81666666269302379 10.384477615356447 2.4414010047912602 0.15964826941490176
decision_type=2 2 2 2 2 2 2 2 2 2 2 2 2 2
left_child=4 11 3 -3 8 6 -6 -7 10 -10 -1 12 -2 -13
right_child=1 2 -4 -5 5 7 -8 -9 9 -11 -12 13 -14 -15
leaf_value=0.00028138941248693935 -1.2836246553380712e-05 -0.001395798522560868 -0.027498895794386698 0.010837885411069682 0.00014221288495240415 0.0069028823558686236 -0.024757738270234118 -0.000546066764330166 -0.010789997698948893 -0.0002311897906653558 -7.6981156447621226e-06 3.1578263573361949e-06 0.00029953674499467873 -0.0032351064593666048
leaf_weight=13842 19796 77 30 39 57 37 36 1543 66 10376 667579 192395 20726 70
leaf_count=13842 19796 77 30 39 57 37 36 1543 66 10376 667579 192395 20726 70
internal_value=-1.1494e-12 2.49875e-05 -0.00349155 0.00271725 -8.39959e-06 -0.000878868 -0.00949648 -0.000371629 -6.2947e-06 -0.000297928 -1.82576e-06 2.71912e-05 0.000146935 1.98006e-06
internal_weight=926669 233133 146 116 693536 1673 93 1580 691863 10442 681421 232987 40522 192465
internal_count=926669 233133 146 116 693536 1673 93 1580 691863 10442 681421 232987 40522 192465
is_linear=0
shrinkage=0.0177717


Tree=182
num_leaves=12
num_cat=0
split_feature=23 69 63 29 30 1 29 72 35 71 34
split_gain=0.611925 4.77177 0.763565 13.4424 11.1155 2.23331 3.25804 1.17702 0.197102 0.51419 0.127367
threshold=6.1495356559753427 0.81666666269302379 1.0000000180025095e-35 1.3323209881782534 1.0602869987487795 1.5000000000000002 1.3323209881782534 7.9801542758941659 0.51805400848388683 5.3661370277404794 0.041216000914573676
decision_type=2 2 2 2 2 2 2 2 2 2 2
left_child=2 -2 3 4 -1 6 -4 -7 10 -10 -3
right_child=1 8 5 -5 -6 7 -8 -9 9 -11 -12
leaf_value=-0.0006625776028492496 -0.0074101764622142054 -0.0012758864794176334 -0.00037742574474778468 -0.011002964574985855 0.00059301174306355627 -9.4536907961742362e-06 0.00422370675034514 3.9949145440618458e-05 0.00028780618697173799 -0.0026018524346357133 -0.00011836590412350741
leaf_weight=3279 30 31 6041 34 6940 715743 49 193491 41 37 953
leaf_count=3279 30 31 6041 34 6940 715743 49 193491 41 37 953
internal_value=-4.64605e-13 -0.000420448 4.96046e-07 0.00015301 0.000190127 -1.21234e-06 -0.000340405 1.05956e-06 -0.000222998 -0.00108293 -0.000154833
internal_weight=926669 1092 925577 10253 10219 915324 6090 909234 1062 78 984
internal_count=926669 1092 925577 10253 10219 915324 6090 909234 1062 78 984
is_linear=0
shrinkage=0.0177717


Tree=183
num_leaves=13
num_cat=0
split_feature=29 27 68 69 8 1 30 12 8 12 61 19
split_gain=0.616964 2.63035 4.86903 6.62916 2.78923 2.47108 4.61271 2.27866 1.17807 1.1453 7.21619 1.62132
threshold=0.53959050774574291 0.81142550706863414 -0.041332654654979699 2.7801098823547368 18.527777671813968 5.5000000000000009 0.87409400939941417 24.828571319580082 26.500000000000004 11.79655170440674 1.0000000180025095e-35 4.1590447425842294
decision_type=2 2 2 2 2 2 2 2 2 2 2 2
left_child=1 5 3 -3 -4 6 -1 -7 9 11 -11 -2
right_child=8 2 4 -5 -6 7 -8 -9 -10 10 -12 -13
leaf_value=-0.0010367422552433143 -7.042218413330308e-06 0.000612350346168281 6.7639271497914286e-05 -0.0037048848855095635 -0.0051012439434590488 2.2408243547309766e-06 8.4327251040953007e-05 0.0027849939479479917 0.0025701645358241648 -0.0021627063148116268 -8.5178574796995364e-05 0.00024656214373978226
leaf_weight=2074 711481 7682 39570 114 33 138278 2628 93 56 546 16062 8052
leaf_count=2074 711481 7682 39570 114 33 138278 2628 93 56 546 16062 8052
internal_value=2.27898e-13 2.85088e-05 0.000143249 0.00054922 6.33322e-05 -9.50375e-06 -0.000410164 4.11113e-06 -7.37592e-06 -7.572e-06 -0.000153479 -4.20424e-06
internal_weight=926669 190472 47399 7796 39603 143073 4702 138371 736197 736141 16608 719533
internal_count=926669 190472 47399 7796 39603 143073 4702 138371 736197 736141 16608 719533
is_linear=0
shrinkage=0.0177717


Tree=184
num_leaves=15
num_cat=0
split_feature=10 2 29 71 66 67 4 24 30 10 17 1 30 17
split_gain=0.622352 3.04936 2.77113 12.8245 4.39948 2.50975 8.80144 1.44628 6.34559 2.06546 1.32162 0.998502 7.90119 1.31711
threshold=3.5127768516540532 2.5000000000000004 1.0000000180025095e-35 4.4028501510620126 -0.13119563832879064 -0.033081635832786553 3.9393379688262944 12.448583602905275 1.9845214486122134 2.3353749513626103 1.0000000180025095e-35 23.500000000000004 0.87409400939941417 0.73856049776077282
decision_type=2 2 2 2 2 2 2 2 2 2 2 2 2 2
left_child=7 5 3 -3 -4 10 -7 11 -9 -10 -2 12 -1 -13
right_child=1 2 4 -5 -6 6 -8 8 9 -11 -12 13 -14 -15
leaf_value=-0.0010177291736378938 -0.00035485407559688578 0.0003517763849338381 -0.0018904549193998743 0.0095881735203741329 -3.802242341332044e-05 -0.011690523839062418 -0.00064873349700980427 0.0086313618228803634 0.0049994759718444788 0.00029149287997580329 -0.0017481254651944469 -2.5217694921742571e-06 8.1886533079446059e-05 -0.00022875992595983128
leaf_weight=2112 986 546 412 52 23588 30 95 30 30 1552 275 798288 90462 8211
leaf_count=2112 986 546 412 52 23588 30 95 30 30 1552 275 798288 90462 8211
internal_value=1.16505e-13 -8.57471e-05 -4.00474e-05 0.00115494 -6.98225e-05 -0.000896801 -0.00329876 2.47373e-06 0.000534319 0.000380772 -0.0006587 1.52015e-06 5.67997e-05 -4.82511e-06
internal_weight=926669 25984 24598 598 24000 1386 125 900685 1612 1582 1261 899073 92574 806499
internal_count=926669 25984 24598 598 24000 1386 125 900685 1612 1582 1261 899073 92574 806499
is_linear=0
shrinkage=0.0177717


Tree=185
num_leaves=9
num_cat=0
split_feature=29 65 72 3 8 65 23 65
split_gain=0.618387 4.58508 4.35571 5.438 0.953339 0.851961 4.84957 2.08809
threshold=1.0000000180025095e-35 0.25457374751567846 30.102498054504398 4.6395599842071542 31.500000000000004 0.14885086566209796 6.2255475521087655 0.076217234134674086
decision_type=2 2 2 2 2 2 2 2
left_child=1 2 3 -1 5 7 -7 -2
right_child=4 -3 -4 -5 -6 6 -8 -9
leaf_value=5.3878117885305082e-05 -4.0263968962417727e-06 0.0061501102130555978 0.0054620940739237463 -0.007391646926223969 -0.0029794014793921024 -9.9272595164130714e-05 -0.0071329845634648201 0.00022179920558548942
leaf_weight=53162 836471 39 47 31 34 23719 31 13135
leaf_count=53162 836471 39 47 31 34 23719 31 13135
internal_value=-3.8979e-13 5.87793e-05 5.43172e-05 4.9539e-05 -3.58568e-06 -3.46983e-06 -0.000108453 -5.35109e-07
internal_weight=926669 53279 53240 53193 873390 873356 23750 849606
internal_count=926669 53279 53240 53193 873390 873356 23750 849606
is_linear=0
shrinkage=0.0177717


Tree=186
num_leaves=12
num_cat=0
split_feature=55 60 68 65 35 60 5 72 17 70 27
split_gain=0.604413 2.14179 1.69362 2.40113 2.27501 1.35369 32.7157 10.4806 1.02482 2.11134 1.23744
threshold=1.0000000180025095e-35 1.0000000180025095e-35 -0.051579724997282021 0.047703063115477569 0.11112049967050554 1.0000000180025095e-35 3.1567740440368657 16.000490188598636 1.2428609728813174 0.16274608671665194 0.98492148518562328
decision_type=2 2 2 2 2 2 2 2 2 2 2
left_child=5 2 4 -4 -2 8 7 -7 10 -10 -1
right_child=1 -3 3 -5 -6 6 -8 -9 9 -11 -12
leaf_value=-1.0391048407194644e-06 -0.0011546100027270952 0.0034950771746864212 3.4905571572293556e-05 -0.00095999559758583547 0.00044387545409755756 -0.00016662228601894567 -0.015427939746355696 0.010596243944557533 0.00087662650092657044 -9.7700962927348958e-05 -0.00013047497413280664
leaf_weight=832976 298 57 60381 776 4990 267 44 32 1259 1589 24000
leaf_count=832976 298 57 60381 776 4990 267 44 32 1259 1589 24000
internal_value=3.6267e-13 5.16189e-05 4.86649e-05 2.22816e-05 0.000353794 -3.99081e-06 -0.00112023 0.000985256 -3.54552e-06 0.000333015 -4.66401e-06
internal_weight=926669 66502 66445 61157 5288 860167 343 299 859824 2848 856976
internal_count=926669 66502 66445 61157 5288 860167 343 299 859824 2848 856976
is_linear=0
shrinkage=0.0177717


Tree=187
num_leaves=15
num_cat=0
split_feature=10 2 29 71 66 67 10 24 30 35 17 71 30 71
split_gain=0.600264 2.93312 2.66043 12.3475 4.23827 2.41984 8.61077 1.39503 6.12398 2.01364 1.27862 0.990883 4.02459 1.10094
threshold=3.5127768516540532 2.5000000000000004 1.0000000180025095e-35 4.4028501510620126 -0.13119563832879064 -0.033081635832786553 4.1198248863220224 12.448583602905275 2.006460547447205 0.038242001086473472 1.0000000180025095e-35 4.7292296886444101 1.9216784834861758 4.617455482482911
decision_type=2 2 2 2 2 2 2 2 2 2 2 2 2 2
left_child=7 5 3 -3 -4 10 -7 11 -9 -10 -2 13 -13 -1
right_child=1 2 4 -5 -6 6 -8 8 9 -11 -12 12 -14 -15
leaf_value=4.3352209591111158e-07 -0.00034699836533314487 0.00034339744775818801 -0.0018555305590277757 0.0094064172642013225 -3.7353788417845929e-05 7.9836956443186789e-05 -0.0097952841643585316 0.0081017870704622724 0.0047790672992324857 0.00027513530931876936 -0.0017174161568525199 0.0058776836312399291 0.00015718334136926912 -0.00044050853559925293
leaf_weight=887587 986 546 412 52 23588 83 42 33 32 1547 275 39 9655 1792
leaf_count=887587 986 546 412 52 23588 83 42 33 32 1547 275 39 9655 1792
internal_value=-8.55183e-13 -8.42117e-05 -3.93915e-05 0.00113149 -6.85658e-05 -0.000879658 -0.0032382 2.42943e-06 0.000524766 0.000366412 -0.00064586 1.49291e-06 0.000180198 -4.54927e-07
internal_weight=926669 25984 24598 598 24000 1386 125 900685 1612 1579 1261 899073 9694 889379
internal_count=926669 25984 24598 598 24000 1386 125 900685 1612 1579 1261 899073 9694 889379
is_linear=0
shrinkage=0.0177717


Tree=188
num_leaves=15
num_cat=0
split_feature=28 34 66 61 69 34 28 71 2 60 19 11 1 35
split_gain=0.599084 3.28801 5.69122 3.98922 2.38174 9.20004 1.46029 3.88591 22.2892 3.51043 28.9214 2.76693 1.67922 0.943835
threshold=12.016354084014894 0.53046399354934703 0.059039535000920303 1.0000000180025095e-35 36.750000000000007 0.30625399947166448 9.5597567558288592 2.5984133481979375 1.0000000180025095e-35 1.0000000180025095e-35 2.5795441865921025 3.3842465877532963 1.5000000000000002 0.49182099103927618
decision_type=2 2 2 2 2 2 2 2 2 2 2 2 2 2
left_child=6 4 3 -3 13 -6 7 11 -9 12 -11 -1 -8 -2
right_child=1 2 -4 -5 5 -7 9 8 -10 10 -12 -13 -14 -15
leaf_value=-1.6860258305803517e-06 -5.3457001933805682e-05 -0.0030269121610727702 -0.0062248040081674819 -0.00035074938130670314 -0.010443425060844277 0.0019650534356921924 -0.00022525195899399887 -0.009318671815271717 -0.00036595169005772894 -0.011627121877954682 0.0065520308127953184 -0.00029318692490144267 6.1379317289232387e-05 0.00014807690536899041
leaf_weight=681421 41376 187 56 2970 32 46 6706 93 1580 59 52 10442 172727 8922
leaf_count=681421 41376 187 56 2970 32 46 6706 93 1580 59 52 10442 172727 8922
internal_value=5.59166e-13 -5.76767e-05 -0.000608885 -0.000509268 -2.25205e-05 -0.0031256 3.54016e-06 -8.15414e-06 -0.000863622 4.87125e-05 -0.00311076 -6.08553e-06 5.0667e-05 -1.77084e-05
internal_weight=926669 53589 3213 3157 50376 78 873080 693536 1673 179544 111 691863 179433 50298
internal_count=926669 53589 3213 3157 50376 78 873080 693536 1673 179544 111 691863 179433 50298
is_linear=0
shrinkage=0.0177717


Tree=189
num_leaves=13
num_cat=0
split_feature=63 29 30 72 0 1 65 5 65 65 19 60
split_gain=0.611771 29.6236 10.3607 10.0319 8.97042 2.08193 3.19636 4.33594 1.86651 1.1195 8.54632 2.45499
threshold=1.0000000180025095e-35 1.3323209881782534 1.0602869987487795 3.443516850471497 2.5000000000000004 1.5000000000000002 0.12073174864053728 1.8688347935676577 0.024731080979108814 0.076217234134674086 5.2135236263275155 1.0000000180025095e-35
decision_type=2 2 2 2 2 2 2 2 2 2 2 2
left_child=1 2 4 -4 -1 6 8 -8 -2 11 -11 -7
right_child=5 -3 3 -5 -6 9 7 -9 -10 10 -12 -13
leaf_value=-0.00051852461815154354 0.00014963914467147553 -0.01573670991604223 0.0011263835656373517 -0.00025653617243628809 -0.0084221342995854879 -2.4024199667900266e-06 -0.00024471748470909668 -0.0015039164568282119 0.0022053035053939823 9.2078666055155252e-05 0.0060203854557544156 -0.0015286144907548157
leaf_weight=3233 1482 37 4214 2730 46 879881 3291 1171 154 30020 77 333
leaf_count=3233 1482 37 4214 2730 46 879881 3291 1171 154 30020 77 333
internal_value=-5.11893e-13 0.000136469 0.000193918 0.000582695 -0.000629402 -1.52789e-06 -0.000328808 -0.00057518 0.000343143 6.64497e-07 0.000107246 -2.97981e-06
internal_weight=926669 10260 10223 6944 3279 916409 6098 4462 1636 910311 30097 880214
internal_count=926669 10260 10223 6944 3279 916409 6098 4462 1636 910311 30097 880214
is_linear=0
shrinkage=0.0177717


Tree=190
num_leaves=12
num_cat=0
split_feature=66 19 34 9 24 32 5 8 2 1 71
split_gain=0.601732 2.65783 5.71842 3.56704 13.2281 3.09938 2.43894 1.01976 0.881027 4.99653 1.03807
threshold=-0.021364993415772911 5.2135236263275155 0.12182600423693658 6.107393980026246 8.5371432304382342 0.99845400452613842 2.5249279737472539 26.500000000000004 3.5000000000000004 312.50000000000006 2.7073619365692143
decision_type=2 2 2 2 2 2 2 2 2 2 2
left_child=1 3 -3 5 -5 -1 -4 8 9 -2 -10
right_child=7 2 6 4 -6 -7 -8 -9 10 -11 -12
leaf_value=4.4372558365029073e-05 0.00018331666690272737 0.0088574884407606799 0.0028903036563471887 -0.012752066555419076 -0.00050496779265574653 0.0041899093706990864 -0.0014445181785540176 0.0023519291420245978 -2.2018243996537967e-06 -0.0028663677908866872 -9.1021520655347268e-05
leaf_weight=82143 12555 33 83 32 215 57 81 58 787365 172 43875
leaf_count=82143 12555 33 83 32 215 57 81 58 787365 172 43875
internal_value=7.94518e-13 4.57658e-05 0.00210754 4.08394e-05 -0.00209164 4.72472e-05 0.000749325 -4.48123e-06 -4.64317e-06 0.000142101 -6.88996e-06
internal_weight=926669 82644 197 82447 247 82200 164 844025 843967 12727 831240
internal_count=926669 82644 197 82447 247 82200 164 844025 843967 12727 831240
is_linear=0
shrinkage=0.0177717


Tree=191
num_leaves=9
num_cat=0
split_feature=8 32 1 21 54 27 69 32
split_gain=0.603026 0.702309 3.24921 4.8441 2.14359 1.20233 4.30014 1.09861
threshold=31.500000000000004 0.99588799476623546 1.0000000180025095e-35 10.784903526306154 1.0000000180025095e-35 0.98492148518562328 36.750000000000007 0.81739100813865673
decision_type=2 2 2 2 2 2 2 2
left_child=1 5 3 -3 -4 7 -7 -1
right_child=-2 2 4 -5 -6 6 -8 -9
leaf_value=-3.1732192159879834e-06 -0.0023000562558234028 -0.0014129037359721188 0.00022132042982226369 0.0068079130139319525 -0.0017824228181682999 -0.00010238163922331936 -0.0028590873453865611 7.2238191341601846e-05
leaf_weight=830666 36 38 4628 56 175 25039 180 65851
leaf_count=830666 36 38 4628 56 175 25039 180 65851
internal_value=-4.77762e-14 8.93579e-08 0.000212354 0.0034846 0.000148313 -1.03836e-06 -0.000122058 2.3659e-06
internal_weight=926669 926633 4897 94 4803 921736 25219 896517
internal_count=926669 926633 4897 94 4803 921736 25219 896517
is_linear=0
shrinkage=0.0177717


Tree=192
num_leaves=12
num_cat=0
split_feature=16 32 72 2 17 50 70 29 69 13 29
split_gain=0.600593 3.72754 3.22412 6.39275 2.32356 1.96981 5.52528 2.74887 2.06798 17.4802 1.87269
threshold=1.2172845005989077 0.99845400452613842 17.361248016357425 7.5000000000000009 0.38907550275325781 1.0000000180025095e-35 0.2639297097921372 1.1901054978370669 36.750000000000007 2.370141983032227 1.0206965208053591
decision_type=2 2 2 2 2 2 2 2 2 2 2
left_child=1 2 4 -4 -1 8 7 -7 10 -10 -2
right_child=5 -3 3 -5 -6 6 -8 -9 9 -11 -12
leaf_value=-3.4989792653915036e-06 6.4818160841478023e-05 0.0062547044002350654 -0.0016720235204979112 -0.00016096310393967121 -0.00051640221050825255 0.00026203844768666544 0.007304725371679823 0.0050211757996926065 -0.009498552311945142 0.00019217657862558769 -2.6336064296241782e-05
leaf_weight=630760 148552 30 1049 5631 2802 589 41 41 68 434 136672
leaf_count=630760 148552 30 1049 5631 2802 589 41 41 68 434 136672
internal_value=6.33333e-13 -9.56886e-06 -9.86238e-06 -0.000398254 -5.76735e-06 2.13922e-05 0.000983163 0.00057176 1.91336e-05 -0.00112051 2.11394e-05
internal_weight=926669 640272 640242 6680 633562 286397 671 630 285726 502 285224
internal_count=926669 640272 640242 6680 633562 286397 671 630 285726 502 285224
is_linear=0
shrinkage=0.0177717


Tree=193
num_leaves=11
num_cat=0
split_feature=4 12 37 71 15 21 19 28 18 30
split_gain=0.593021 2.53827 1.15701 2.63183 0.661925 2.52515 2.3558 0.560143 0.916954 0.398428
threshold=82.333332061767592 50.350000381469734 1.0000000180025095e-35 2.9080713987350468 5.9853553771972665 9.8056259155273455 5.2135236263275155 10.711325168609621 1.1300355195999148 3.4839434623718266
decision_type=2 2 2 2 2 2 2 2 2 2
left_child=1 4 7 -4 6 -6 -1 8 -2 -9
right_child=2 -3 3 -5 5 -7 -8 9 -10 -11
leaf_value=-1.1003033788338886e-07 -0.00028116978253083218 -0.0051695436191421893 -0.0003289402384520443 0.0061841477209005624 0.0012615084408833311 -0.00074208988596833486 0.0013264559800682287 -0.001677236993856201 0.0036025978903817001 0.00032374370449157644
leaf_weight=924559 48 30 43 36 241 1131 423 60 32 66
leaf_count=924559 48 30 43 36 241 1131 423 60 32 66
internal_value=-3.87896e-13 -2.49362e-07 0.000810543 0.00263905 -8.19544e-08 -0.000390146 4.96617e-07 0.00010932 0.00127234 -0.000629104
internal_weight=926669 926384 285 79 926354 1372 924982 206 80 126
internal_count=926669 926384 285 79 926354 1372 924982 206 80 126
is_linear=0
shrinkage=0.0177717


Tree=194
num_leaves=8
num_cat=0
split_feature=8 12 69 48 4 75 72
split_gain=0.599179 0.697923 4.91557 3.90308 1.18799 2.94351 1.3888
threshold=31.500000000000004 24.828571319580082 1.6820991039276125 1.0000000180025095e-35 41.021738052368171 1.5000000000000002 30.102498054504398
decision_type=2 2 2 2 2 2 2
left_child=1 4 3 -3 6 -6 -1
right_child=-2 2 -4 -5 5 -7 -8
leaf_value=-1.1904767967881552e-06 -0.0022927082879366026 0.0001106509612964436 0.0074855183857901386 0.0061918857126892334 0.004813600307678273 -0.00054137697701572428 0.00031419637842557027
leaf_weight=918560 36 1701 30 34 33 1844 4431
leaf_count=918560 36 1701 30 34 33 1844 4431
internal_value=-1.18328e-12 8.90713e-08 0.000353148 0.000229822 -5.847e-07 -0.00044723 3.236e-07
internal_weight=926669 926633 1765 1735 924868 1877 922991
internal_count=926669 926633 1765 1735 924868 1877 922991
is_linear=0
shrinkage=0.0177717


Tree=195
num_leaves=13
num_cat=0
split_feature=29 27 63 31 65 1 31 3 8 0 5 60
split_gain=0.592289 4.50584 8.67586 8.25249 7.83791 7.73937 2.58035 1.69421 0.906492 0.817306 2.94148 1.10897
threshold=1.0000000180025095e-35 0.73965448141098034 1.0000000180025095e-35 2.5000000000000004 0.16703247278928759 8.5000000000000018 2.5000000000000004 3.3497501611709599 31.500000000000004 1.0000000180025095e-35 3.65057384967804 1.0000000180025095e-35
decision_type=2 2 2 2 2 2 2 2 2 2 2 2
left_child=1 5 3 -3 -4 6 -1 -7 9 10 -2 -11
right_child=8 2 4 -5 -6 7 -8 -9 -10 11 -12 -13
leaf_value=-0.0031167134691324847 -3.1297079380373425e-05 -0.00097920712299056473 0.00014755963950369876 0.0022161122627199987 0.0090966770930424861 1.3527272108225955e-05 -0.00093397097374608615 0.001893434669179929 -0.0029052873592076449 7.3978410267592237e-06 -0.0045257600308983743 -0.0010153774332309856
leaf_weight=191 229382 319 10658 1278 31 39012 1638 152 34 643593 46 335
leaf_count=191 229382 319 10658 1278 31 39012 1638 152 34 643593 46 335
internal_value=-8.90742e-13 5.75255e-05 0.000356057 0.00157785 0.000173514 -3.19471e-05 -0.00116191 2.08234e-05 -3.5092e-06 -3.39624e-06 -3.21982e-05 6.86575e-06
internal_weight=926669 53279 12286 1597 10689 40993 1829 39164 873390 873356 229428 643928
internal_count=926669 53279 12286 1597 10689 40993 1829 39164 873390 873356 229428 643928
is_linear=0
shrinkage=0.0177717


Tree=196
num_leaves=13
num_cat=0
split_feature=36 4 3 4 21 71 2 66 70 60 2 28
split_gain=0.584441 1.28899 1.70274 1.38323 2.8901 1.27164 1.24814 1.80013 2.58556 1.77531 1.49754 0.992567
threshold=1.0000000180025095e-35 82.333332061767592 5.2443854808807382 29.522727966308597 9.6338009834289569 5.6912615299224862 73.500000000000014 -0.021364993415772911 0.17166844010353091 1.0000000180025095e-35 81.500000000000014 9.8624515533447283
decision_type=2 2 2 2 2 2 2 2 2 2 2 2
left_child=1 3 -3 5 -5 -1 7 8 -2 10 -8 -9
right_child=6 2 -4 4 -6 -7 9 11 -10 -11 -12 -13
leaf_value=-5.3153882209108527e-06 0.00074591140248632057 0.0043795497260480515 -0.0002163297540351534 0.0045403206133099328 -0.00038441600555930052 0.00091741407414857961 -0.00038348112431508267 -8.5833614161830045e-06 -2.7696333730688233e-05 -0.0031680122427528755 9.748666939845277e-06 0.00015878108907717455
leaf_weight=772666 3107 49 53 38 3933 472 3160 24862 2433 56 95486 20354
leaf_count=772666 3107 49 53 38 3933 472 3160 24862 2433 56 95486 20354
internal_value=7.09042e-13 -6.18911e-06 0.00199149 -6.45132e-06 -0.000337289 -4.75206e-06 3.21846e-05 0.000103802 0.000406166 -4.64375e-06 -2.84795e-06 6.67558e-05
internal_weight=926669 777211 102 777109 3971 773138 149458 50756 5540 98702 98646 45216
internal_count=926669 777211 102 777109 3971 773138 149458 50756 5540 98702 98646 45216
is_linear=0
shrinkage=0.0177717


Tree=197
num_leaves=14
num_cat=0
split_feature=10 2 29 71 66 67 10 15 4 69 8 24 17
split_gain=0.588763 2.79408 2.54194 11.8559 4.13118 2.33789 8.47188 1.3476 3.95097 2.77839 1.98712 1.3229 1.22239
threshold=3.5127768516540532 2.5000000000000004 1.0000000180025095e-35 4.4028501510620126 -0.13119563832879064 -0.031837221235036843 4.1198248863220224 4.8244450092315683 3.6568629741668706 36.750000000000007 23.590741157531742 9.2437348365783709 1.0000000180025095e-35
decision_type=2 2 2 2 2 2 2 2 2 2 2 2 2
left_child=7 5 3 -3 -4 12 -7 10 -9 -10 11 -1 -2
right_child=1 2 4 -5 -6 6 -8 8 9 -11 -12 -13 -14
leaf_value=3.2241357316580606e-06 -0.00033834006759205404 0.00033260977964026255 -0.0018324170610000919 0.0092133692013327342 -3.7358180628854271e-05 7.6561323138869342e-05 -0.0097975931720459802 0.0052486793312340862 0.00012889112064101718 0.0037282170859642191 -0.0039616290608995332 -0.00012846893272200078 -0.0016763878123945625
leaf_weight=858387 986 546 412 52 23588 83 41 48 17355 68 40 24787 276
leaf_count=858387 986 546 412 52 23588 83 41 48 17355 68 40 24787 276
internal_value=-1.25159e-12 -8.34011e-05 -3.96561e-05 0.00110485 -6.81734e-05 -0.000859764 -0.00318828 2.40605e-06 0.000156966 0.000142939 -6.51335e-07 -4.71938e-07 -0.000630972
internal_weight=926669 25984 24598 598 24000 1386 124 900685 17471 17423 883214 883174 1262
internal_count=926669 25984 24598 598 24000 1386 124 900685 17471 17423 883214 883174 1262
is_linear=0
shrinkage=0.0177717


Tree=198
num_leaves=13
num_cat=0
split_feature=29 27 68 69 8 12 31 1 8 12 61 19
split_gain=0.576753 2.43136 4.63087 6.34922 2.69522 2.27836 3.71564 2.22455 1.18462 1.11536 6.86773 1.5394
threshold=0.53959050774574291 0.81142550706863414 -0.041332654654979699 2.7801098823547368 18.527777671813968 24.828571319580082 9.5000000000000018 5.5000000000000009 26.500000000000004 11.79655170440674 1.0000000180025095e-35 4.2340295314788827
decision_type=2 2 2 2 2 2 2 2 2 2 2 2
left_child=1 5 3 -3 -4 7 -7 -1 9 11 -11 -2
right_child=8 2 4 -5 -6 6 -8 -9 -10 10 -12 -13
leaf_value=-0.00039098750616991536 -6.5486174526015591e-06 0.00059557987430856689 6.4174906456059612e-05 -0.0036295175606721819 -0.0050168537873344988 0.0066048935618377947 -0.00048748050649578215 2.1243766790622338e-06 0.0025775617945943009 -0.0021114306695644218 -8.4684848250879074e-05 0.00026161070433923663
leaf_weight=4701 712707 7682 39570 114 33 43 51 138278 56 546 16062 6826
leaf_count=4701 712707 7682 39570 114 33 43 51 138278 56 546 16062 6826
internal_value=-9.42522e-13 2.75641e-05 0.000137879 0.000533797 5.9941e-05 -8.98233e-06 0.0027569 -1.08007e-05 -7.13151e-06 -7.32813e-06 -0.000151316 -4.00467e-06
internal_weight=926669 190472 47399 7796 39603 143073 94 142979 736197 736141 16608 719533
internal_count=926669 190472 47399 7796 39603 143073 94 142979 736197 736141 16608 719533
is_linear=0
shrinkage=0.0177717


Tree=199
num_leaves=12
num_cat=0
split_feature=63 29 30 72 0 1 29 65 72 60 2
split_gain=0.581452 28.5766 9.73867 9.63749 8.65197 2.03759 3.15781 3.28105 1.06087 5.99287 2.53274
threshold=1.0000000180025095e-35 1.3323209881782534 1.0602869987487795 3.443516850471497 2.5000000000000004 1.5000000000000002 1.3323209881782534 0.12073174864053728 7.9801542758941659 1.0000000180025095e-35 1.0000000180025095e-35
decision_type=2 2 2 2 2 2 2 2 2 2 2
left_child=1 2 4 -4 -1 6 7 -2 10 -10 -7
right_child=5 -3 3 -5 -6 8 -8 -9 9 -11 -12
leaf_value=-0.00049986337545828775 0.00032241541415610659 -0.015457107756474318 0.001099290485433531 -0.0002561747762086668 -0.008261918839695211 -0.0023497998127613904 0.0041681157214670484 -0.00061209206460871828 4.0100485315014527e-05 -0.0036781656490047715 -8.8444489452087847e-06
leaf_weight=3233 1621 37 4214 2730 46 146 49 4428 194384 137 715644
leaf_count=3233 1621 37 4214 2730 46 146 49 4428 194384 137 715644
internal_value=-7.93532e-13 0.000133044 0.000189469 0.000566396 -0.000608755 -1.48955e-06 -0.000325266 -0.000361664 6.79368e-07 3.74817e-05 -9.32193e-06
internal_weight=926669 10260 10223 6944 3279 916409 6098 6049 910311 194521 715790
internal_count=926669 10260 10223 6944 3279 916409 6098 6049 910311 194521 715790
is_linear=0
shrinkage=0.0177717


Tree=200
num_leaves=15
num_cat=0
split_feature=10 2 29 71 66 67 4 24 30 10 17 71 30 71
split_gain=0.579492 2.69055 2.44651 11.4237 3.98905 2.26284 8.46477 1.32987 5.91137 1.98513 1.17813 0.943892 3.87701 1.05698
threshold=3.5127768516540532 2.5000000000000004 1.0000000180025095e-35 4.4028501510620126 -0.13119563832879064 -0.031837221235036843 3.9393379688262944 12.448583602905275 1.9845214486122134 2.3353749513626103 1.0000000180025095e-35 4.7292296886444101 1.9216784834861758 4.617455482482911
decision_type=2 2 2 2 2 2 2 2 2 2 2 2 2 2
left_child=7 5 3 -3 -4 10 -7 11 -9 -10 -2 13 -13 -1
right_child=1 2 4 -5 -6 6 -8 8 9 -11 -12 12 -14 -15
leaf_value=4.4207998190701843e-07 -0.00033221017712715593 0.0003249695347902701 -0.0018014205180882951 0.0090423467137315545 -3.7511343426713087e-05 -0.011354635030723459 -0.00051227018515694284 0.0083274777403670279 0.004892179615703313 0.00027665348726362156 -0.0016458138617784529 0.0057679402344439972 0.00015330010542162481 -0.00043160654511533911
leaf_weight=887587 986 546 412 52 23588 30 94 30 30 1552 276 39 9655 1792
leaf_count=887587 986 546 412 52 23588 30 94 30 30 1552 276 39 9655 1792
internal_value=-1.07868e-13 -8.27418e-05 -3.98149e-05 0.001083 -6.77918e-05 -0.000844586 -0.00313542 2.38703e-06 0.00051238 0.000364179 -0.000619496 1.47264e-06 0.000175888 -4.2845e-07
internal_weight=926669 25984 24598 598 24000 1386 124 900685 1612 1582 1262 899073 9694 889379
internal_count=926669 25984 24598 598 24000 1386 124 900685 1612 1582 1262 899073 9694 889379
is_linear=0
shrinkage=0.0177717


Tree=201
num_leaves=15
num_cat=0
split_feature=28 34 66 17 69 71 28 71 2 60 19 11 24 2
split_gain=0.576452 3.17329 5.493 3.87478 2.22066 9.08535 1.39179 3.73861 21.364 3.17599 28.0846 2.68671 1.60816 0.93191
threshold=12.016354084014894 0.53046399354934703 0.059039535000920303 1.5118319988250735 36.750000000000007 2.9080713987350468 9.5597567558288592 2.5984133481979375 1.0000000180025095e-35 1.0000000180025095e-35 2.5795441865921025 3.3842465877532963 2.8814229965209965 40.500000000000007
decision_type=2 2 2 2 2 2 2 2 2 2 2 2 2 2
left_child=6 4 3 -3 13 -6 7 11 -9 12 -11 -1 -8 -2
right_child=1 2 -4 -5 5 -7 9 8 -10 10 -12 -13 -14 -15
leaf_value=-1.5797857277867171e-06 0.00013878593172871981 -0.00043429345149137042 -0.0061153379246005786 -0.0063805042314709591 0.001776705328951504 -0.010690441524667799 -2.7423620757572303e-05 -0.0091247509124341587 -0.00035981047647899137 -0.011349876174512415 0.0065643388268842176 -0.00028882366777578048 8.6262833767537483e-05 -5.4860937315610578e-05
leaf_weight=681421 9732 3122 56 35 48 30 58131 93 1580 59 52 10442 121302 40566
leaf_count=681421 9732 3122 56 35 48 30 58131 93 1580 59 52 10442 121302 40566
internal_value=1.92242e-13 -5.65768e-05 -0.000598083 -0.000500216 -2.20394e-05 -0.00301835 3.47264e-06 -7.94407e-06 -0.000847043 4.75727e-05 -0.00295763 -5.91504e-06 4.94318e-05 -1.73928e-05
internal_weight=926669 53589 3213 3157 50376 78 873080 693536 1673 179544 111 691863 179433 50298
internal_count=926669 53589 3213 3157 50376 78 873080 693536 1673 179544 111 691863 179433 50298
is_linear=0
shrinkage=0.0177717


Tree=202
num_leaves=12
num_cat=0
split_feature=66 19 34 9 24 32 5 8 2 1 71
split_gain=0.575674 2.52516 5.53981 3.43004 12.7598 2.9479 2.36676 0.995707 0.8547 4.70338 1.05594
threshold=-0.021364993415772911 5.2135236263275155 0.12182600423693658 6.107393980026246 8.5371432304382342 0.99845400452613842 2.5249279737472539 26.500000000000004 3.5000000000000004 312.50000000000006 2.7073619365692143
decision_type=2 2 2 2 2 2 2 2 2 2 2
left_child=1 3 -3 5 -5 -1 -4 8 9 -2 -10
right_child=7 2 6 4 -6 -7 -8 -9 10 -11 -12
leaf_value=4.3442047353857497e-05 0.00017998021636812938 0.0086981201094467608 0.0028266461796647522 -0.012521192374784131 -0.00049283142420427533 0.004086401506124035 -0.0014435446968514582 0.0023240674072056051 -2.0277940612914012e-06 -0.0027788882410687654 -9.1608774203906748e-05
leaf_weight=82143 12555 33 83 32 215 57 81 58 787365 172 43875
leaf_count=82143 12555 33 83 32 215 57 81 58 787365 172 43875
internal_value=2.75082e-13 4.47639e-05 0.00205443 3.9962e-05 -0.00205116 4.62456e-05 0.000717588 -4.38313e-06 -4.54315e-06 0.000139992 -6.75611e-06
internal_weight=926669 82644 197 82447 247 82200 164 844025 843967 12727 831240
internal_count=926669 82644 197 82447 247 82200 164 844025 843967 12727 831240
is_linear=0
shrinkage=0.0177717


Tree=203
num_leaves=8
num_cat=0
split_feature=8 12 69 48 4 8 72
split_gain=0.579717 0.672105 4.71577 3.76275 1.13775 2.93131 1.30987
threshold=31.500000000000004 24.828571319580082 1.6820991039276125 1.0000000180025095e-35 41.021738052368171 3.2247475385665898 30.102498054504398
decision_type=2 2 2 2 2 2 2
left_child=1 4 3 -3 6 -6 -1
right_child=-2 2 -4 -5 5 -7 -8
leaf_value=-1.155110076259344e-06 -0.0022551657881608534 0.00010875175585874536 0.0073324658770623982 0.0060796710396035106 -0.0048685947883920638 -0.00032635636511860568 0.00030513850277451467
leaf_weight=918560 36 1701 30 34 46 1831 4431
leaf_count=918560 36 1701 30 34 46 1831 4431
internal_value=5.28071e-13 8.76145e-08 0.000346555 0.000225761 -5.73577e-07 -0.000437674 3.15313e-07
internal_weight=926669 926633 1765 1735 924868 1877 922991
internal_count=926669 926633 1765 1735 924868 1877 922991
is_linear=0
shrinkage=0.0177717


Tree=204
num_leaves=15
num_cat=0
split_feature=5 67 27 22 4 12 18 5 15 20 10 35 75 6
split_gain=0.568291 1.89323 1.66985 1.23496 0.744283 2.43664 1.81755 2.35979 0.669086 0.354645 0.329877 0.272088 0.766327 0.178494
threshold=5.8721139430999765 -0.067103773355483995 0.50820448994636547 10.887291908264162 82.333332061767592 50.350000381469734 0.81162449717521679 3.5408543348312382 5.9853553771972665 13.607692718505861 2.9958488941192631 0.61999601125717174 2.5000000000000004 1.9978175163269045
decision_type=2 2 2 2 2 2 2 2 2 2 2 2 2 2
left_child=4 11 10 -4 5 8 9 -8 -1 -6 -3 13 -13 -2
right_child=1 2 3 -5 6 -7 7 -9 -10 -11 -12 12 -14 -15
leaf_value=-1.4486763197734546e-08 0.00017716466524096339 0.00095017923320343367 0.0016181197990956999 0.0046869596700912864 -0.00054538204167248574 -0.0050654997379034113 0.00021659260282084783 0.0060738629281637639 -0.00040270591264080896 0.0014667862985680716 -0.00058487246697364883 -0.00089832007639378537 0.0024975463510126237 -0.00044094838462674385
leaf_weight=923967 222 91 129 61 132 30 45 42 1305 35 86 41 43 440
leaf_count=923967 222 91 129 61 132 30 45 42 1305 35 86 41 43 440
internal_value=4.42687e-13 0.000401335 0.00144635 0.00260338 -4.82613e-07 -7.46655e-07 0.000961402 0.00304424 -5.82441e-07 -0.00012367 0.000204335 -0.000112766 0.00084004 -0.000233666
internal_weight=926669 1113 367 190 925556 925302 254 87 925272 167 177 746 84 662
internal_count=926669 1113 367 190 925556 925302 254 87 925272 167 177 746 84 662
is_linear=0
shrinkage=0.0177717


Tree=205
num_leaves=8
num_cat=0
split_feature=8 12 69 48 4 75 72
split_gain=0.572166 0.646309 4.53632 3.62629 1.09355 2.88035 1.25912
threshold=31.500000000000004 24.828571319580082 1.6820991039276125 1.0000000180025095e-35 41.021738052368171 1.5000000000000002 30.102498054504398
decision_type=2 2 2 2 2 2 2
left_child=1 4 3 -3 6 -6 -1
right_child=-2 2 -4 -5 5 -7 -8
leaf_value=-1.1315432740480737e-06 -0.0022404301262862044 0.00010649920561367562 0.0071915513548838758 0.0059681473656896245 0.0047749984311644296 -0.00052221830965359884 0.00029917013760709837
leaf_weight=918560 36 1701 30 34 33 1844 4431
leaf_count=918560 36 1701 30 34 33 1844 4431
internal_value=9.75938e-14 8.70416e-08 0.000339841 0.000221367 -5.61338e-07 -0.000429087 3.10114e-07
internal_weight=926669 926633 1765 1735 924868 1877 922991
internal_count=926669 926633 1765 1735 924868 1877 922991
is_linear=0
shrinkage=0.0177717


Tree=206
num_leaves=12
num_cat=0
split_feature=55 60 13 71 19 60 5 72 17 30 27
split_gain=0.567572 2.2077 1.64718 7.17124 1.49224 1.08641 31.4117 9.79527 0.948034 2.067 1.19671
threshold=1.0000000180025095e-35 1.0000000180025095e-35 2.3550670146942143 4.4028501510620126 3.4744647741317753 1.0000000180025095e-35 3.1567740440368657 16.000490188598636 1.2428609728813174 2.2392975091934209 0.98492148518562328
decision_type=2 2 2 2 2 2 2 2 2 2 2
left_child=5 2 3 -2 -4 8 7 -7 10 -10 -1
right_child=1 -3 4 -5 -6 6 -8 -9 9 -11 -12
leaf_value=-9.7937618871199018e-07 -1.7877577278482265e-05 0.0035460633863415017 9.7661759623944556e-05 -0.0046253051176631905 0.00047377142397086021 -5.4335842339530796e-05 -0.015023527017132948 0.010350696723713339 -0.0031904929766703501 0.00038553093079350486 -0.00012826747287561277
leaf_weight=832976 37242 57 25258 107 3838 267 44 32 52 2796 24000
leaf_count=832976 37242 57 25258 107 3838 267 44 32 52 2796 24000
internal_value=-1.34111e-12 5.0021e-05 4.70219e-05 -3.10773e-05 0.000147274 -3.86727e-06 -0.00100385 0.00105925 -3.46836e-06 0.000320238 -4.54414e-06
internal_weight=926669 66502 66445 37349 29096 860167 343 299 859824 2848 856976
internal_count=926669 66502 66445 37349 29096 860167 343 299 859824 2848 856976
is_linear=0
shrinkage=0.0177717


Tree=207
num_leaves=12
num_cat=0
split_feature=23 10 63 29 30 1 35 72 35 71 34
split_gain=0.567172 4.68966 0.740192 11.6624 9.39266 1.93889 3.12854 1.05624 0.177163 0.604232 0.132764
threshold=6.1495356559753427 1.7047813534736636 1.0000000180025095e-35 1.3323209881782534 1.0602869987487795 1.5000000000000002 0.076619498431682601 7.9801542758941659 0.51805400848388683 5.3661370277404794 0.041216000914573676
decision_type=2 2 2 2 2 2 2 2 2 2 2
left_child=2 -2 3 4 -1 6 -4 -7 10 -10 -3
right_child=1 8 5 -5 -6 7 -8 -9 9 -11 -12
leaf_value=-0.00059863198175218765 -0.0073341133292264358 -0.0012444888355251332 -0.0034347456098402858 -0.010240485082466867 0.00055556074601851235 -9.0468452607457869e-06 -0.00026520387968722512 3.775257322879676e-05 0.00028016216753968751 -0.0025701627834630249 -9.7493718485819054e-05
leaf_weight=3279 30 33 100 34 6940 715743 5990 193491 55 41 933
leaf_count=3279 30 33 100 34 6940 715743 5990 193491 55 41 933
internal_value=1.15417e-12 -0.000404781 4.77564e-07 0.000150639 0.000185212 -1.20447e-06 -0.000317249 9.1238e-07 -0.000209037 -0.000937164 -0.000136677
internal_weight=926669 1092 925577 10253 10219 915324 6090 909234 1062 96 966
internal_count=926669 1092 925577 10253 10219 915324 6090 909234 1062 96 966
is_linear=0
shrinkage=0.0177717


Tree=208
num_leaves=9
num_cat=0
split_feature=29 65 5 11 8 65 32 65
split_gain=0.576779 4.35539 4.23046 3.69819 0.874635 0.804081 4.61479 1.93746
threshold=1.0000000180025095e-35 0.25457374751567846 4.0342013835906991 4.0342013835906991 31.500000000000004 0.14885086566209796 0.99809950590133678 0.076217234134674086
decision_type=2 2 2 2 2 2 2 2
left_child=1 2 3 -1 5 7 -7 -2
right_child=4 -3 -4 -5 -6 6 -8 -9
leaf_value=4.404107651265783e-05 -3.8639240906666119e-06 0.0059935662267150847 0.0052193788916882842 0.0062855097388247304 -0.002853796814056243 -0.00011499502298770405 0.006252730331915814 0.00021366392798542082
leaf_weight=53160 836471 39 50 30 34 23714 36 13135
leaf_count=53160 836471 39 50 30 34 23714 36 13135
internal_value=-6.27852e-13 5.67673e-05 5.24184e-05 4.75614e-05 -3.46295e-06 -3.35199e-06 -0.000105343 -5.0092e-07
internal_weight=926669 53279 53240 53190 873390 873356 23750 849606
internal_count=926669 53279 53240 53190 873390 873356 23750 849606
is_linear=0
shrinkage=0.0177717


Tree=209
num_leaves=14
num_cat=0
split_feature=10 2 29 71 66 1 23 24 30 35 1 30 17
split_gain=0.566418 2.59456 2.34462 10.98 3.85632 2.22353 2.22003 1.26902 5.70924 1.94542 0.912383 6.86492 1.32525
threshold=3.5127768516540532 2.5000000000000004 1.0000000180025095e-35 4.4028501510620126 -0.13119563832879064 52.500000000000007 0.89587974548339855 12.448583602905275 2.006460547447205 0.038242001086473472 23.500000000000004 0.87409400939941417 0.73856049776077282
decision_type=2 2 2 2 2 2 2 2 2 2 2 2 2
left_child=7 5 3 -3 -4 6 -2 10 -9 -10 11 -1 -12
right_child=1 2 4 -5 -6 -7 -8 8 9 -11 12 -13 -14
leaf_value=-0.00094728062616052924 -0.0022707664063903151 0.000316371332786121 -0.0017715807238540642 0.0088627750723733103 -3.7264557269432159e-05 -0.0056155637350316263 -0.00038974562304646239 0.0078164991607587043 0.0046849100293782807 0.00025793282994008763 -2.2883004505021697e-06 7.7692567305737801e-05 -0.00022922378041982932
leaf_weight=2112 241 546 412 52 23588 30 1115 33 32 1547 798288 90462 8211
leaf_count=2112 241 546 412 52 23588 30 1115 33 32 1547 798288 90462 8211
internal_value=2.17924e-13 -8.18031e-05 -3.96489e-05 0.00105954 -6.7037e-05 -0.000829934 -0.000724057 2.35995e-06 0.000500548 0.00034765 1.46672e-06 5.43086e-05 -4.59874e-06
internal_weight=926669 25984 24598 598 24000 1386 1356 900685 1612 1579 899073 92574 806499
internal_count=926669 25984 24598 598 24000 1386 1356 900685 1612 1579 899073 92574 806499
is_linear=0
shrinkage=0.0177717


Tree=210
num_leaves=13
num_cat=0
split_feature=63 29 30 72 0 1 17 35 12 65 19 60
split_gain=0.566565 26.9666 8.92729 9.28914 8.35312 1.86736 3.05533 4.02861 3.2391 1.03218 7.95962 2.16348
threshold=1.0000000180025095e-35 1.3323209881782534 1.0602869987487795 2.2331295013427739 2.5000000000000004 1.5000000000000002 1.0000000180025095e-35 0.076619498431682601 5.1702899932861337 0.076217234134674086 5.2135236263275155 1.0000000180025095e-35
decision_type=2 2 2 2 2 2 2 2 2 2 2 2
left_child=1 2 4 -4 -1 6 7 -2 -8 11 -11 -7
right_child=5 -3 3 -5 -6 9 8 -9 -10 10 -12 -13
leaf_value=-0.00047111260663375726 -0.0039190986618614105 -0.01501328412422933 0.0011236337075241347 -0.00018570720326455562 -0.0080979318565358293 -2.3512835275997657e-06 -0.0020443395835794131 -3.7920172105813267e-05 -0.00024742123197628454 8.8309175868617152e-05 0.005809509436441593 -0.0014350905006851183
leaf_weight=3233 86 37 3886 3058 46 879881 594 4739 679 30020 77 333
leaf_count=3233 86 37 3886 3058 46 879881 594 4739 679 30020 77 333
internal_value=4.99455e-13 0.00013133 0.000186143 0.000547026 -0.000578107 -1.47035e-06 -0.000311427 -0.000107098 -0.00108589 6.05989e-07 0.000102946 -2.89331e-06
internal_weight=926669 10260 10223 6944 3279 916409 6098 4825 1273 910311 30097 880214
internal_count=926669 10260 10223 6944 3279 916409 6098 4825 1273 910311 30097 880214
is_linear=0
shrinkage=0.0177717


Tree=211
num_leaves=9
num_cat=0
split_feature=29 65 5 5 8 65 23 65
split_gain=0.563782 4.19907 4.06374 3.69614 0.843754 0.786393 4.57775 1.83783
threshold=1.0000000180025095e-35 0.25457374751567846 4.0342013835906991 3.8393944501876835 31.500000000000004 0.14885086566209796 6.2255475521087655 0.076217234134674086
decision_type=2 2 2 2 2 2 2 2
left_child=1 2 3 -1 5 7 -7 -2
right_child=4 -3 -4 -5 -6 6 -8 -9
leaf_value=5.0728392005805447e-05 -3.7705880231862691e-06 0.005885411888085338 0.0051159757481620298 -0.0059909878101039602 -0.0028029855511437747 -9.525774274664785e-05 -0.006929004186009332 0.00020809050993163492
leaf_weight=53158 836471 39 50 32 34 23719 31 13135
leaf_count=53158 836471 39 50 32 34 23719 31 13135
internal_value=4.08194e-13 5.61241e-05 5.1854e-05 4.70936e-05 -3.42371e-06 -3.31473e-06 -0.000104178 -4.95193e-07
internal_weight=926669 53279 53240 53190 873390 873356 23750 849606
internal_count=926669 53279 53240 53190 873390 873356 23750 849606
is_linear=0
shrinkage=0.0177717


Tree=212
num_leaves=12
num_cat=0
split_feature=63 29 30 31 25 1 29 65 66 3 8
split_gain=0.554246 25.9909 8.6678 8.68183 3.49052 1.78665 3.03094 3.10381 0.991048 3.49503 0.855993
threshold=1.0000000180025095e-35 1.3323209881782534 0.87409400939941417 2.5000000000000004 1.0000000180025095e-35 1.5000000000000002 1.3323209881782534 0.12073174864053728 -0.022426406852900978 1.8688347935676577 31.500000000000004
decision_type=2 2 2 2 2 2 2 2 2 2 2
left_child=1 2 4 -4 -1 6 7 -2 9 -7 -10
right_child=5 -3 3 -5 -6 8 -8 -9 10 -11 -12
leaf_value=-0.00076003951259498567 0.00032504843415532403 -0.014738213571399024 -8.334726970467797e-05 0.0010801287249173255 -0.006769164626803801 -6.6648501711599108e-05 0.0040975499434275217 -0.00058386786671431963 -4.4396563200952963e-06 0.00019474041624872084 -0.0028667496991617732
leaf_weight=2014 1621 37 4482 3696 31 31450 49 4428 845605 33223 33
leaf_count=2014 1621 37 4482 3696 31 31450 49 4428 845605 33223 33
internal_value=-6.33131e-13 0.000129894 0.000183706 0.000442479 -0.000851131 -1.45428e-06 -0.000304638 -0.000340298 5.7669e-07 6.76289e-05 -4.55135e-06
internal_weight=926669 10260 10223 8178 2045 916409 6098 6049 910311 64673 845638
internal_count=926669 10260 10223 8178 2045 916409 6098 6049 910311 64673 845638
is_linear=0
shrinkage=0.0177717


Tree=213
num_leaves=13
num_cat=0
split_feature=29 27 68 69 19 12 31 1 8 12 61 19
split_gain=0.556013 2.25979 4.37747 6.10364 2.6465 2.15516 3.59855 1.93278 1.20429 1.11629 3.86502 2.4086
threshold=0.53959050774574291 0.81142550706863414 -0.041332654654979699 2.7801098823547368 4.1305117607116708 24.828571319580082 9.5000000000000018 5.5000000000000009 26.500000000000004 9.8619050979614276 1.0000000180025095e-35 4.2340295314788827
decision_type=2 2 2 2 2 2 2 2 2 2 2 2
left_child=1 5 3 -3 -4 7 -7 -1 9 11 -11 -2
right_child=8 2 4 -5 -6 6 -8 -9 -10 10 -12 -13
leaf_value=-0.00036431620420842095 -5.9028990639500257e-06 0.00057892517124569481 9.0207625362957923e-05 -0.00356365705032339 -0.00059041826414971436 0.0064687771921260306 -0.00051095544642543146 2.1097399363520022e-06 0.0025990635082826872 -0.0012725088732824272 -8.0207032232934895e-05 0.00035877569489699171
leaf_weight=4701 703465 7682 37708 114 1895 43 51 138278 56 888 26021 5767
leaf_count=4701 703465 7682 37708 114 1895 43 51 138278 56 888 26021 5767
internal_value=7.08483e-13 2.7064e-05 0.000133415 0.000518349 5.76397e-05 -8.1694e-06 0.0026819 -9.93796e-06 -7.00211e-06 -7.20036e-06 -0.000119553 -2.93758e-06
internal_weight=926669 190472 47399 7796 39603 143073 94 142979 736197 736141 26909 709232
internal_count=926669 190472 47399 7796 39603 143073 94 142979 736197 736141 26909 709232
is_linear=0
shrinkage=0.0177717


Tree=214
num_leaves=15
num_cat=0
split_feature=10 71 21 35 66 2 55 17 22 30 10 71 69 11
split_gain=0.554785 3.17395 16.8582 23.7829 4.69393 2.49409 2.88396 1.37265 1.27643 5.56016 1.90091 0.955398 3.71893 1.10911
threshold=3.5409667491912846 3.0131236314773564 8.5663428306579608 0.26131650805473333 0.05616573058068753 2.5000000000000004 1.0000000180025095e-35 1.0000000180025095e-35 12.450990200042726 1.9754259586334231 2.3353749513626103 4.7292296886444101 36.750000000000007 3.3842465877532963
decision_type=2 2 2 2 2 2 2 2 2 2 2 2 2 2
left_child=8 5 3 -3 -4 6 -2 -7 11 -10 -11 13 -13 -1
right_child=1 2 4 -5 -6 7 -8 -9 9 10 -12 12 -14 -15
leaf_value=3.651589590041791e-06 -0.00071902075055648351 -0.021117927294194511 -0.00045949875474583676 -0.0013162048444917808 0.0043577738742507479 -1.8250698323993385e-06 -0.0051461274526647307 0.00054662563625436302 0.008072703835420943 0.0047860275344398968 0.0002715631855334443 0.00014944362407436396 0.0047423356081435957 -9.353833930127017e-05
leaf_weight=852004 659 30 3722 53 65 18230 50 1565 30 30 1632 9771 56 38772
leaf_count=852004 659 30 3722 53 65 18230 50 1565 30 30 1632 9771 56 38772
internal_value=-7.96422e-13 -8.36645e-05 -0.000550464 -0.00847345 -0.000376815 4.44094e-06 -0.00103123 4.15356e-05 2.26006e-06 0.000489925 0.000353052 1.34386e-06 0.000175617 -5.78708e-07
internal_weight=926669 24374 3870 83 3787 20504 709 19795 902295 1692 1662 900603 9827 890776
internal_count=926669 24374 3870 83 3787 20504 709 19795 902295 1692 1662 900603 9827 890776
is_linear=0
shrinkage=0.0177717


Tree=215
num_leaves=15
num_cat=0
split_feature=28 34 66 75 69 34 28 71 2 60 19 11 35 2
split_gain=0.548955 3.06219 5.30554 3.83917 2.12496 8.86405 1.34274 3.57232 20.4861 3.03881 26.8847 2.58777 1.5658 0.898924
threshold=12.016354084014894 0.53046399354934703 0.059039535000920303 1.5000000000000002 36.750000000000007 0.30625399947166448 9.5597567558288592 2.5984133481979375 1.0000000180025095e-35 1.0000000180025095e-35 2.5795441865921025 3.3842465877532963 0.14066549390554431 40.500000000000007
decision_type=2 2 2 2 2 2 2 2 2 2 2 2 2 2
left_child=6 4 3 -3 13 -6 7 11 -9 12 -11 -1 -8 -2
right_child=1 2 -4 -5 5 -7 9 8 -10 10 -12 -13 -14 -15
leaf_value=-1.5868504826351224e-06 0.00013665163236898642 -0.0047653670234676501 -0.0060094477711205817 -0.00040111508332499812 -0.01013526959708334 0.0020445133837127638 -0.00013689364017690548 -0.0089339090387181904 -0.0003509327513856645 -0.011103906582024824 0.0064234694915823983 -0.00028349207102190601 6.3387558735343238e-05 -5.3537115924765941e-05
leaf_weight=681421 9732 65 56 3092 32 46 13317 93 1580 59 52 10442 166116 40566
leaf_count=681421 9732 65 56 3092 32 46 13317 93 1580 59 52 10442 166116 40566
internal_value=5.94111e-13 -5.5211e-05 -0.000587154 -0.000490971 -2.12834e-05 -0.00295232 3.38881e-06 -7.82492e-06 -0.00082805 4.67048e-05 -0.00289288 -5.84153e-06 4.85233e-05 -1.67381e-05
internal_weight=926669 53589 3213 3157 50376 78 873080 693536 1673 179544 111 691863 179433 50298
internal_count=926669 53589 3213 3157 50376 78 873080 693536 1673 179544 111 691863 179433 50298
is_linear=0
shrinkage=0.0177717


Tree=216
num_leaves=13
num_cat=0
split_feature=63 29 30 72 0 1 17 35 12 24 21 71
split_gain=0.549036 25.053 8.36863 8.86514 8.04116 1.7219 2.92976 3.8661 3.11429 0.969061 7.06312 6.67193
threshold=1.0000000180025095e-35 1.3323209881782534 1.0602869987487795 3.8723002672195439 2.5000000000000004 1.5000000000000002 1.0000000180025095e-35 0.076619498431682601 5.1702899932861337 2.3636615276336674 6.9087588787078866 3.2202074527740483
decision_type=2 2 2 2 2 2 2 2 2 2 2 2
left_child=1 2 4 -4 -1 6 7 -2 -8 11 -11 -7
right_child=5 -3 3 -5 -6 9 8 -9 -10 10 -12 -13
leaf_value=-0.00045285822586262027 -0.003833323689129281 -0.014468085863903678 0.0010241419145332129 -0.0002869897319019489 -0.0079359064076263107 -1.0094802713169076e-05 -0.0019972712187375625 -3.1232286710892592e-05 -0.00023531240463327431 -0.0057873925789356682 2.6968703767994121e-05 -0.0013246132971437255
leaf_weight=3233 86 37 4335 2609 46 594038 594 4739 679 66 314985 1222
leaf_count=3233 86 37 4335 2609 46 594038 594 4739 679 66 314985 1222
internal_value=1.06326e-12 0.000129282 0.000182115 0.000531523 -0.000557835 -1.44743e-06 -0.000299087 -9.90001e-05 -0.00105747 5.46402e-07 2.57507e-05 -1.27934e-05
internal_weight=926669 10260 10223 6944 3279 916409 6098 4825 1273 910311 315051 595260
internal_count=926669 10260 10223 6944 3279 916409 6098 4825 1273 910311 315051 595260
is_linear=0
shrinkage=0.0177717


Tree=217
num_leaves=13
num_cat=0
split_feature=29 27 63 31 65 1 31 3 8 0 73 31
split_gain=0.550623 4.06255 8.14196 7.89285 7.42707 6.55761 2.46153 1.62047 0.808093 0.758747 2.87339 1.01095
threshold=1.0000000180025095e-35 0.73965448141098034 1.0000000180025095e-35 2.5000000000000004 0.16703247278928759 8.5000000000000018 2.5000000000000004 3.3497501611709599 31.500000000000004 1.0000000180025095e-35 14.097233295440676 26.500000000000004
decision_type=2 2 2 2 2 2 2 2 2 2 2 2
left_child=1 5 3 -3 -4 6 -1 -7 9 10 -2 -11
right_child=8 2 4 -5 -6 7 -8 -9 -10 11 -12 -13
leaf_value=-0.0029788787584962583 -3.0071822213576887e-05 -0.00097818570262617004 0.00013682968925744844 0.0021467342416448287 0.0088482457238295651 1.1946970050219847e-05 -0.00084698465580132715 0.0018504849946512454 -0.0027431455627737124 6.0988496067359536e-06 -0.0041685394586412306 0.00097542439527267171
leaf_weight=191 229375 319 10658 1278 31 39012 1638 152 34 643588 53 340
leaf_count=191 229375 319 10658 1278 31 39012 1638 152 34 643588 53 340
internal_value=7.84909e-13 5.54653e-05 0.000338931 0.00152253 0.000162094 -2.94923e-05 -0.00106962 1.90825e-05 -3.38352e-06 -3.27686e-06 -3.10278e-05 6.61066e-06
internal_weight=926669 53279 12286 1597 10689 40993 1829 39164 873390 873356 229428 643928
internal_count=926669 53279 12286 1597 10689 40993 1829 39164 873390 873356 229428 643928
is_linear=0
shrinkage=0.0177717


Tree=218
num_leaves=14
num_cat=0
split_feature=5 67 27 71 4 12 18 5 15 20 5 35 6
split_gain=0.544402 1.82818 1.61102 1.2124 0.722119 2.35857 1.72815 2.26188 0.653436 0.354461 0.325138 0.268336 0.22096
threshold=5.8721139430999765 -0.067103773355483995 0.50820448994636547 2.7073619365692143 82.333332061767592 50.350000381469734 0.81162449717521679 3.5408543348312382 5.9853553771972665 13.607692718505861 6.3394675254821786 0.73602500557899486 1.703269958496094
decision_type=2 2 2 2 2 2 2 2 2 2 2 2 2
left_child=4 11 10 -4 5 8 9 -8 -1 -6 -3 12 -2
right_child=1 2 3 -5 6 -7 7 -9 -10 -11 -12 -13 -14
leaf_value=-9.6079044380913264e-09 0.00041701452943174411 0.00080138769948642297 0.00094431125222790228 0.0038065039094936429 -0.00053266811133246227 -0.00498368954053358 0.00020957875419907803 0.0059440548581799636 -0.00039796363455501724 0.0014789776527392997 -0.00076458025061724674 0.0012504534865086516 -0.00035774742202991091
leaf_weight=923967 147 109 83 107 132 30 45 42 1305 35 68 43 556
leaf_count=923967 147 109 83 107 132 30 45 42 1305 35 68 43 556
internal_value=-6.66114e-13 0.000392809 0.00141971 0.00255618 -4.72362e-07 -7.32443e-07 0.000946982 0.00297795 -5.70881e-07 -0.000111066 0.000199773 -0.000112382 -0.000195742
internal_weight=926669 1113 367 190 925556 925302 254 87 925272 167 177 746 703
internal_count=926669 1113 367 190 925556 925302 254 87 925272 167 177 746 703
is_linear=0
shrinkage=0.0177717


Tree=219
num_leaves=13
num_cat=0
split_feature=29 32 17 67 28 19 70 17 8 27 13 19
split_gain=0.5369 2.15858 4.58564 16.1765 3.23858 6.46782 4.90231 2.55385 1.16073 1.09597 3.47814 1.01778
threshold=0.53959050774574291 0.92313301563262951 0.73856049776077282 -0.084990203380584703 11.558586120605471 4.2340295314788827 0.25441691279411321 0.53959050774574291 26.500000000000004 0.98492148518562328 2.3918160200119023 3.9007277488708501
decision_type=2 2 2 2 2 2 2 2 2 2 2 2
left_child=1 2 7 -4 6 -6 -3 -1 9 11 -11 -2
right_child=8 4 3 -5 5 -7 -8 -9 -10 10 -12 -13
leaf_value=2.6996432807333169e-06 -6.1467936842539537e-06 0.00021545672932110009 0.00010693948831996857 -0.013308038738244789 -0.00017271524776576723 -0.0039801845746284164 0.0024540256775010746 0.002395500714594925 0.0025516214412434385 -0.00055152162912379561 -1.8767792474448705e-05 0.00014337510980563702
leaf_weight=162298 697088 24012 122 37 3402 147 313 141 56 4826 19546 14681
leaf_count=162298 697088 24012 122 37 3402 147 313 141 56 4826 19546 14681
internal_value=1.34332e-13 2.65947e-05 1.82389e-06 -0.00301479 0.000171091 -0.000330421 0.000244261 4.77664e-06 -6.8807e-06 -7.07534e-06 -0.000124261 -3.06274e-06
internal_weight=926669 190472 162598 159 27874 3549 24325 162439 736197 736141 24372 711769
internal_count=926669 190472 162598 159 27874 3549 24325 162439 736197 736141 24372 711769
is_linear=0
shrinkage=0.0177717


Tree=220
num_leaves=14
num_cat=0
split_feature=10 71 21 35 66 2 55 17 15 4 69 8 24
split_gain=0.537368 2.42813 17.0073 21.5798 4.47257 2.12115 2.72945 1.38537 1.19194 3.77806 2.59549 1.96555 1.34204
threshold=3.5127768516540532 3.1210035085678105 8.5663428306579608 0.26131650805473333 0.05616573058068753 2.5000000000000004 1.0000000180025095e-35 0.38907550275325781 4.8244450092315683 3.6568629741668706 36.750000000000007 23.590741157531742 9.2437348365783709
decision_type=2 2 2 2 2 2 2 2 2 2 2 2 2
left_child=8 5 3 -3 -4 6 -2 -7 11 -10 -11 12 -1
right_child=1 2 4 -5 -6 7 -8 -9 9 10 -12 -13 -14
leaf_value=3.3243953038700704e-06 -0.00063496786199580932 -0.019580410801196255 -0.00038710494643040999 -0.0012738065589028519 0.004313426283273635 -7.8574347139295648e-06 -0.0047814999791004993 0.00061828282094077971 0.0051267100882939742 0.0001203636703391899 0.00359920288205599 -0.0039399986706275302 -0.00012931819112299041
leaf_weight=858387 701 33 3894 53 65 20002 54 1182 48 17355 68 40 24787
leaf_count=858387 701 33 3894 53 65 20002 54 1182 48 17355 68 40 24787
internal_value=3.22113e-13 -7.96778e-05 -0.000479772 -0.00829843 -0.00030993 -5.91037e-06 -0.000931541 2.70792e-05 2.29864e-06 0.000147658 0.000133941 -5.76748e-07 -3.98327e-07
internal_weight=926669 25984 4045 86 3959 21939 755 21184 900685 17471 17423 883214 883174
internal_count=926669 25984 4045 86 3959 21939 755 21184 900685 17471 17423 883214 883174
is_linear=0
shrinkage=0.0177717


Tree=221
num_leaves=12
num_cat=0
split_feature=55 60 13 71 19 60 5 72 17 22 27
split_gain=0.53173 2.18573 1.57229 6.91476 1.4212 0.978693 30.3303 9.22611 0.906786 2.02991 1.14499
threshold=1.0000000180025095e-35 1.0000000180025095e-35 2.3550670146942143 4.4028501510620126 3.4744647741317753 1.0000000180025095e-35 3.1567740440368657 16.000490188598636 1.2428609728813174 2.4155942201614384 0.98492148518562328
decision_type=2 2 2 2 2 2 2 2 2 2 2
left_child=5 2 3 -2 -4 8 7 -7 10 -10 -1
right_child=1 -3 4 -5 -6 6 -8 -9 9 -11 -12
leaf_value=-9.2979116939231222e-07 -1.7910016831079268e-05 0.0035270192349704942 9.496151277289454e-05 -0.0045421942635837089 0.00046200965651835573 -6.3339895369407419e-06 -0.014729092381805451 0.010091879193297341 -0.0042851971523741612 0.00036217581903007321 -0.00012543674811792331
leaf_weight=832976 37242 57 25258 107 3838 267 44 32 30 2818 24000
leaf_count=832976 37242 57 25258 107 3838 267 44 32 30 2818 24000
internal_value=1.81717e-13 4.84159e-05 4.54317e-05 -3.08715e-05 0.000143378 -3.74317e-06 -0.00095286 0.00107441 -3.36455e-06 0.000313222 -4.41666e-06
internal_weight=926669 66502 66445 37349 29096 860167 343 299 859824 2848 856976
internal_count=926669 66502 66445 37349 29096 860167 343 299 859824 2848 856976
is_linear=0
shrinkage=0.0177717


Tree=222
num_leaves=12
num_cat=0
split_feature=23 15 63 29 30 1 30 72 35 71 34
split_gain=0.532556 4.49209 0.698578 9.5602 7.99106 1.64752 3.0256 0.980408 0.172667 0.586599 0.136345
threshold=6.1495356559753427 2.9833452701568608 1.0000000180025095e-35 1.3323209881782534 1.0602869987487795 1.5000000000000002 3.2772655487060551 7.9801542758941659 0.51805400848388683 5.3661370277404794 0.041216000914573676
decision_type=2 2 2 2 2 2 2 2 2 2 2
left_child=2 -2 3 4 -1 6 -4 -7 10 -10 -3
right_child=1 8 5 -5 -6 7 -8 -9 9 -11 -12
leaf_value=-0.00054535396045615671 -0.0070606086122304793 -0.0012665397899570754 -0.00032511497181817773 -0.0092617821005929989 0.0005192450089648447 -8.8150423820894366e-06 0.0045189609541179286 3.6273125042101805e-05 0.00028323867078612337 -0.0025251886705534334 -8.6770676929235306e-05
leaf_weight=3279 31 32 6049 34 6940 715743 41 193491 55 41 933
leaf_count=3279 31 32 6049 34 6940 715743 41 193491 55 41 933
internal_value=-3.92313e-13 -0.000392234 4.62759e-07 0.000146342 0.000177644 -1.17131e-06 -0.000292503 7.80017e-07 -0.0001974 -0.000916194 -0.000125893
internal_weight=926669 1092 925577 10253 10219 915324 6090 909234 1061 96 965
internal_count=926669 1092 925577 10253 10219 915324 6090 909234 1061 96 965
is_linear=0
shrinkage=0.0177717


Tree=223
num_leaves=9
num_cat=0
split_feature=29 22 65 69 8 65 32 65
split_gain=0.533981 4.03002 3.99469 3.65295 0.813814 0.762016 4.4604 1.7388
threshold=1.0000000180025095e-35 12.968082904815676 0.25457374751567846 36.750000000000007 31.500000000000004 0.14885086566209796 0.99809950590133678 0.076217234134674086
decision_type=2 2 2 2 2 2 2 2
left_child=1 2 3 -1 5 7 -7 -2
right_child=4 -3 -4 -5 -6 6 -8 -9
leaf_value=5.0365972666534145e-05 -3.6354012866059608e-06 0.005097687910277985 0.0057355354081606441 -0.0046176291543440608 -0.00275277520580674 -0.00011200151444086088 0.0061483006843528623 0.00020243888903996829
leaf_weight=53137 836471 50 39 53 34 23714 36 13135
leaf_count=53137 836471 50 39 53 34 23714 36 13135
internal_value=2.51388e-13 5.46206e-05 4.98835e-05 4.57147e-05 -3.332e-06 -3.22496e-06 -0.000102512 -4.49471e-07
internal_weight=926669 53279 53229 53190 873390 873356 23750 849606
internal_count=926669 53279 53229 53190 873390 873356 23750 849606
is_linear=0
shrinkage=0.0177717


Tree=224
num_leaves=12
num_cat=0
split_feature=66 19 34 9 24 23 5 8 2 1 71
split_gain=0.527059 2.36292 5.38917 3.31149 12.2645 2.78351 2.30958 1.01495 0.826649 4.51322 1.03189
threshold=-0.021364993415772911 5.2135236263275155 0.12182600423693658 6.107393980026246 8.5371432304382342 6.2643461227417001 2.5249279737472539 26.500000000000004 3.5000000000000004 353.50000000000006 2.7073619365692143
decision_type=2 2 2 2 2 2 2 2 2 2 2
left_child=1 3 -3 5 -5 -1 -4 8 9 -2 -10
right_child=7 2 6 4 -6 -7 -8 -9 10 -11 -12
leaf_value=4.7202296114804138e-05 0.00017408929498310033 0.00853960505528438 0.0027517493152260908 -0.012281310043427304 -0.0004886930392222807 -0.0037197876615359601 -0.0014665437934744349 0.0023466446229097582 -1.8577064104941092e-06 -0.0029475483190610687 -9.0412800500638569e-05
leaf_weight=82138 12579 33 83 32 215 62 81 58 787365 148 43875
leaf_count=82138 12579 33 83 32 215 62 81 58 787365 148 43875
internal_value=-6.47704e-13 4.28321e-05 0.00198686 3.8187e-05 -0.00201648 4.4361e-05 0.000668324 -4.19397e-06 -4.35553e-06 0.000137788 -6.53187e-06
internal_weight=926669 82644 197 82447 247 82200 164 844025 843967 12727 831240
internal_count=926669 82644 197 82447 247 82200 164 844025 843967 12727 831240
is_linear=0
shrinkage=0.0177717


Tree=225
num_leaves=15
num_cat=0
split_feature=10 71 21 35 66 2 55 17 24 30 35 24 9 27
split_gain=0.525613 2.32935 16.4018 20.8217 4.30945 2.06011 2.63487 1.33202 1.1673 5.32968 1.87569 0.857165 1.89142 1.57905
threshold=3.5127768516540532 3.1210035085678105 8.5663428306579608 0.26131650805473333 0.05616573058068753 2.5000000000000004 1.0000000180025095e-35 0.38907550275325781 12.448583602905275 2.006460547447205 0.038242001086473472 9.2437348365783709 6.3126413822174081 0.86584800481796276
decision_type=2 2 2 2 2 2 2 2 2 2 2 2 2 2
left_child=8 5 3 -3 -4 6 -2 -7 11 -10 -11 12 -1 -13
right_child=1 2 4 -5 -6 7 -8 -9 9 10 -12 13 -14 -15
leaf_value=4.4915633736398126e-06 -0.00062737681621096949 -0.019230947529395168 -0.00037963613734673585 -0.0012487439884016341 0.0042343801639230967 -8.2961338086753232e-06 -0.0047014347777934867 0.00060567040167173916 0.0075486598513737919 0.0045911800062792196 0.00024425464149323913 -1.9356519091045459e-05 0.0023350274140365259 -0.00031043031655646241
leaf_weight=866271 701 33 3894 53 65 20002 54 1182 33 32 1547 24992 110 7700
leaf_count=866271 701 33 3894 53 65 20002 54 1182 33 32 1547 24992 110 7700
internal_value=-6.19412e-13 -7.88015e-05 -0.000470673 -0.00814889 -0.000303882 -6.55023e-06 -0.000918766 2.59613e-05 2.27336e-06 0.000480078 0.000332349 1.41667e-06 4.78746e-06 -8.79136e-05
internal_weight=926669 25984 4045 86 3959 21939 755 21184 900685 1612 1579 899073 866381 32692
internal_count=926669 25984 4045 86 3959 21939 755 21184 900685 1612 1579 899073 866381 32692
is_linear=0
shrinkage=0.0177717


Tree=226
num_leaves=15
num_cat=0
split_feature=28 60 5 19 71 2 30 21 11 1 69 28 25 67
split_gain=0.523625 4.8133 63.9833 9.91455 3.3866 19.6993 41.5861 6.09305 2.52379 22.1143 3.194 2.09449 2.96512 2.24705
threshold=9.5597567558288592 1.0000000180025095e-35 2.9174053668975835 2.6163792610168461 2.5984133481979375 1.0000000180025095e-35 2.3128105401992802 7.5761907100677499 3.3842465877532963 1.0000000180025095e-35 0.81666666269302379 10.384477615356447 2.4414010047912602 0.15964826941490176
decision_type=2 2 2 2 2 2 2 2 2 2 2 2 2 2
left_child=4 11 3 -3 8 6 -6 -7 10 -10 -1 12 -2 -13
right_child=1 2 -4 -5 5 7 -8 -9 9 -11 -12 13 -14 -15
leaf_value=0.00026559078108594273 -1.4361452656376751e-05 -0.00091741788645874789 -0.026337019547635496 0.010080690281692837 0.00068941812891211841 0.006788405475790708 -0.023708738622469978 -0.00050939831637242174 -0.010534583687127917 -0.00021478383572325811 -7.1528836275304541e-06 1.7715408360461104e-06 0.00028976200906668934 -0.0031829116640443135
leaf_weight=13842 19796 77 30 39 57 37 36 1543 66 10376 667579 192395 20726 70
leaf_count=13842 19796 77 30 39 57 37 36 1543 66 10376 667579 192395 20726 70
internal_value=-2.63015e-13 2.30415e-05 -0.00320277 0.00278022 -7.74543e-06 -0.000806365 -0.00875503 -0.0003385 -5.81428e-06 -0.000280011 -1.61252e-06 2.50629e-05 0.00014119 6.13264e-07
internal_weight=926669 233133 146 116 693536 1673 93 1580 691863 10442 681421 232987 40522 192465
internal_count=926669 233133 146 116 693536 1673 93 1580 691863 10442 681421 232987 40522 192465
is_linear=0
shrinkage=0.0177717


Tree=227
num_leaves=14
num_cat=0
split_feature=5 67 27 22 4 12 18 5 12 20 10 35 20
split_gain=0.520853 1.77363 1.5483 1.18495 0.680622 2.26276 1.6516 2.18223 0.654225 0.344265 0.327279 0.260358 0.217917
threshold=5.8721139430999765 -0.067103773355483995 0.50820448994636547 10.887291908264162 82.333332061767592 50.350000381469734 0.81162449717521679 3.5408543348312382 11.79655170440674 13.607692718505861 2.9958488941192631 0.73602500557899486 2.0851449966430669
decision_type=2 2 2 2 2 2 2 2 2 2 2 2 2
left_child=4 11 10 -4 5 8 9 -8 -1 -6 -3 12 -2
right_child=1 2 3 -5 6 -7 7 -9 -10 -11 -12 -13 -14
leaf_value=1.5913067092830244e-06 0.00083826103046300178 0.00094262737464805143 0.0015447064901885318 0.0045507691859973014 -0.00053047675810449779 -0.0048814072859886337 0.0001856482747164863 0.0058182552240564249 -0.00010454041914198968 0.0014520271310787909 -0.00058636707566520844 0.0012290476123017584 -0.00029019567483202992
leaf_weight=906549 59 91 129 61 132 30 45 42 18723 35 86 43 644
leaf_count=906549 59 91 129 61 132 30 45 42 18723 35 86 43 644
internal_value=-6.17161e-14 0.000384219 0.00139568 0.00250981 -4.62032e-07 -7.14529e-07 0.000919366 0.00290484 -5.56283e-07 -0.000114982 0.000199726 -0.000113377 -0.000195489
internal_weight=926669 1113 367 190 925556 925302 254 87 925272 167 177 746 703
internal_count=926669 1113 367 190 925556 925302 254 87 925272 167 177 746 703
is_linear=0
shrinkage=0.0177717


Tree=228
num_leaves=15
num_cat=0
split_feature=28 34 66 63 69 71 28 71 2 60 19 11 24 35
split_gain=0.519843 2.94595 5.11873 3.71946 2.03124 8.85652 1.27196 3.26696 19.0052 2.8297 25.5698 2.43295 1.50762 0.895453
threshold=12.016354084014894 0.53046399354934703 0.059039535000920303 1.0000000180025095e-35 36.750000000000007 2.9080713987350468 9.5597567558288592 2.5984133481979375 1.0000000180025095e-35 1.0000000180025095e-35 2.5795441865921025 3.3842465877532963 2.8814229965209965 0.49182099103927618
decision_type=2 2 2 2 2 2 2 2 2 2 2 2 2 2
left_child=6 4 3 -3 13 -6 7 11 -9 12 -11 -1 -8 -2
right_child=1 2 -4 -5 5 -7 9 8 -10 10 -12 -13 -14 -15
leaf_value=-1.594271161366951e-06 -5.0826101470900039e-05 -0.0052414547287998265 -0.0059014515182627273 -0.00040283602974414812 0.0018481611369321408 -0.010460978268135267 -2.7202730367799824e-05 -0.0085993847056805572 -0.0003324541768263244 -0.010798890927680218 0.0062944764076348046 -0.00027493687971634977 8.2872531676466148e-05 0.00014547449909060991
leaf_weight=681421 41376 51 56 3106 48 30 58131 93 1580 59 52 10442 121302 8922
leaf_count=681421 41376 51 56 3106 48 30 58131 93 1580 59 52 10442 121302 8922
internal_value=-9.58395e-14 -5.37271e-05 -0.000575476 -0.000481002 -2.04497e-05 -0.00288612 3.29773e-06 -7.61645e-06 -0.000792003 4.54566e-05 -0.00279119 -5.71972e-06 4.72114e-05 -1.60058e-05
internal_weight=926669 53589 3213 3157 50376 78 873080 693536 1673 179544 111 691863 179433 50298
internal_count=926669 53589 3213 3157 50376 78 873080 693536 1673 179544 111 691863 179433 50298
is_linear=0
shrinkage=0.0177717


Tree=229
num_leaves=9
num_cat=0
split_feature=8 32 1 21 54 27 69 69
split_gain=0.513627 0.626545 3.12052 4.6786 2.04057 1.12828 4.01742 0.893493
threshold=31.500000000000004 0.99588799476623546 1.0000000180025095e-35 10.784903526306154 1.0000000180025095e-35 0.98492148518562328 36.750000000000007 4.6226265430450448
decision_type=2 2 2 2 2 2 2 2
left_child=1 5 3 -3 -4 7 -7 -1
right_child=-2 2 4 -5 -6 6 -8 -9
leaf_value=1.037467669513937e-06 -0.0021227282621464763 -0.0014057520331400048 0.00020904253792754639 0.0066734059348668552 -0.0017459541735368933 -9.9197594741954245e-05 -0.0027637424039732494 0.00024869013400946995
leaf_weight=891892 36 38 4628 56 175 25039 180 4625
leaf_count=891892 36 38 4628 56 175 25039 180 4625
internal_value=-4.31817e-13 8.24683e-08 0.000200572 0.00340736 0.000137811 -9.82691e-07 -0.000118216 2.31507e-06
internal_weight=926669 926633 4897 94 4803 921736 25219 896517
internal_count=926669 926633 4897 94 4803 921736 25219 896517
is_linear=0
shrinkage=0.0177717


Tree=230
num_leaves=12
num_cat=0
split_feature=16 32 72 2 17 50 70 29 69 12 29
split_gain=0.514479 3.53694 3.15536 6.02982 2.25811 1.89673 5.33354 2.64401 1.85659 17.1283 1.83285
threshold=1.2172845005989077 0.99845400452613842 17.361248016357425 7.5000000000000009 0.38907550275325781 1.0000000180025095e-35 0.2639297097921372 1.1901054978370669 36.750000000000007 1.7207794785499575 1.0206965208053591
decision_type=2 2 2 2 2 2 2 2 2 2 2
left_child=1 2 4 -4 -1 8 7 -7 10 -10 -2
right_child=5 -3 3 -5 -6 6 -8 -9 9 -11 -12
leaf_value=-2.8549250813776922e-06 6.2695154949513922e-05 0.0060931562467981433 -0.0016304536491829516 -0.00016291364169891017 -0.0005084826472256511 0.00025560238629110632 0.0071744673402715153 0.0049230852347724174 -0.012699763872376032 -0.00013624725870499995 -2.7484300377725609e-05
leaf_weight=630760 148552 30 1049 5631 2802 589 41 41 37 465 136672
leaf_count=630760 148552 30 1049 5631 2802 589 41 41 37 465 136672
internal_value=8.09901e-13 -8.85633e-06 -9.14225e-06 -0.00039337 -5.09112e-06 1.97993e-05 0.000963561 0.000559359 1.7583e-05 -0.00106224 1.94835e-05
internal_weight=926669 640272 640242 6680 633562 286397 671 630 285726 502 285224
internal_count=926669 640272 640242 6680 633562 286397 671 630 285726 502 285224
is_linear=0
shrinkage=0.0177717


Tree=231
num_leaves=14
num_cat=0
split_feature=43 25 12 71 6 8 25 66 49 18 29 8 2
split_gain=0.510893 1.2461 2.26791 1.47017 19.1702 1.12652 0.797123 0.632155 2.2588 12.1837 3.45676 0.974085 0.733603
threshold=1.0000000180025095e-35 4.1190040111541757 2.7182540893554692 3.6941432952880864 1.0965619683265688 1.7171429991722109 4.0689902305603036 -0.021364993415772911 1.0000000180025095e-35 0.53959050774574291 0.65051501989364635 26.500000000000004 3.5000000000000004
decision_type=2 2 2 2 2 2 2 2 2 2 2 2 2
left_child=7 3 -3 6 -5 -4 -2 8 10 -10 -1 12 -9
right_child=1 2 5 4 -6 -7 -8 11 9 -11 -12 -13 -14
leaf_value=0.00048281320488209031 -0.00015573094563460496 0.0042159109012102937 0.002503661208622996 -0.013150749586789296 0.00064714565779167043 0.00011432675994396254 -0.0020468693909085314 0.00013114490170179521 -1.179365792365751e-05 -0.0025163986361239807 6.3572099914351187e-05 0.0022998155502829245 -5.4359977581604397e-06
leaf_weight=7465 8255 46 65 38 195 1513 71 12611 36202 624 36994 58 822532
leaf_count=7465 8255 46 65 38 195 1513 71 12611 36202 624 36994 58 822532
internal_value=1.49633e-13 -0.000125187 0.000326137 -0.000210822 -0.00160315 0.000212747 -0.000171858 1.39094e-06 4.87027e-05 -5.42331e-05 0.000133966 -3.21363e-06 -3.37357e-06
internal_weight=926669 10183 1624 8559 233 1578 8326 916486 81285 36826 44459 835201 835143
internal_count=926669 10183 1624 8559 233 1578 8326 916486 81285 36826 44459 835201 835143
is_linear=0
shrinkage=0.0177717


Tree=232
num_leaves=8
num_cat=0
split_feature=8 12 69 48 4 75 72
split_gain=0.511907 0.59909 4.29578 3.48157 1.03137 2.87313 1.16454
threshold=31.500000000000004 24.828571319580082 1.6820991039276125 1.0000000180025095e-35 41.021738052368171 1.5000000000000002 30.102498054504398
decision_type=2 2 2 2 2 2 2
left_child=1 4 3 -3 6 -6 -1
right_child=-2 2 -4 -5 5 -7 -8
leaf_value=-1.0820602462711975e-06 -0.0021191719728507071 9.9347285749874821e-05 0.0069947686090109625 0.0058428389756048508 0.0047808548836608773 -0.00050971992356665247 0.00028772132294015899
leaf_weight=918560 36 1701 30 34 33 1844 4431
leaf_count=918560 36 1701 30 34 33 1844 4431
internal_value=-3.02464e-13 8.23302e-08 0.000327189 0.0002119 -5.41915e-07 -0.000416705 3.04397e-07
internal_weight=926669 926633 1765 1735 924868 1877 922991
internal_count=926669 926633 1765 1735 924868 1877 922991
is_linear=0
shrinkage=0.0177717


Tree=233
num_leaves=15
num_cat=0
split_feature=10 71 21 35 19 71 27 2 15 68 2 28 32 22
split_gain=0.508876 2.27085 13.4133 19.9687 4.27869 1.58047 7.17673 1.82167 1.14622 2.47514 5.31362 1.92325 1.25346 1.02722
threshold=3.5127768516540532 2.1202999353408818 8.5663428306579608 0.23932000249624255 1.7505750656127932 1.7435417771339419 0.20332750678062442 2.5000000000000004 4.2768590450286874 -0.041332654654979699 1.0000000180025095e-35 12.768312454223635 0.99873849749565136 9.4300146102905291
decision_type=2 2 2 2 2 2 2 2 2 2 2 2 2 2
left_child=8 5 3 -3 -4 7 -7 -2 12 11 -11 -10 13 -1
right_child=1 2 4 -5 -6 6 -8 -9 9 10 -12 -13 -14 -15
leaf_value=-7.9026800681256809e-07 -0.0011385493519752768 -0.018401369928925448 -0.0013771372457859251 -0.0015288357716248379 -4.823503001486678e-05 0.0089319452015142516 0.00043829683225584385 5.243875326586973e-06 0.00042944763844533914 0.0062072821471058151 2.8539719575908566e-05 -0.0015407673750060869 0.0028993098985976005 -0.00017442066512423352
leaf_weight=834916 450 32 924 72 4453 33 656 19364 7120 44 47496 160 47 10902
leaf_count=834916 450 32 924 72 4453 33 656 19364 7120 44 47496 160 47 10902
internal_value=1.10129e-13 -7.75367e-05 -0.000398866 -0.00672038 -0.000276598 8.36327e-06 0.000845104 -2.07331e-05 2.23687e-06 8.09885e-05 3.42584e-05 0.000386146 -2.86698e-06 -3.02824e-06
internal_weight=926669 25984 5481 104 5377 20503 689 19814 900685 54820 47540 7280 845865 845818
internal_count=926669 25984 5481 104 5377 20503 689 19814 900685 54820 47540 7280 845865 845818
is_linear=0
shrinkage=0.0177717


Tree=234
num_leaves=13
num_cat=0
split_feature=29 32 17 67 28 19 70 17 8 12 61 19
split_gain=0.50696 2.06567 4.40599 15.6106 3.10901 6.23411 4.72939 2.49736 1.10747 1.1082 3.66974 2.26268
threshold=0.53959050774574291 0.92313301563262951 0.73856049776077282 -0.084990203380584703 11.558586120605471 4.2340295314788827 0.25441691279411321 0.53959050774574291 26.500000000000004 9.8619050979614276 1.0000000180025095e-35 4.2340295314788827
decision_type=2 2 2 2 2 2 2 2 2 2 2 2
left_child=1 2 7 -4 6 -6 -3 -1 9 11 -11 -2
right_child=8 4 3 -5 5 -7 -8 -9 -10 10 -12 -13
leaf_value=2.4511507328742646e-06 -5.5030027522865677e-06 0.00021059444256997214 0.00011131430395306657 -0.013066916132544766 -0.00016935238938248405 -0.0039073966396620348 0.0024093287834333881 0.0023686421597547431 0.0024924265268981742 -0.0012422731239062894 -8.0482034894780228e-05 0.00034795666646597953
leaf_weight=162298 703465 24012 122 37 3402 147 313 141 56 888 26021 5767
leaf_count=162298 703465 24012 122 37 3402 147 313 141 56 888 26021 5767
internal_value=-3.27028e-14 2.58426e-05 1.61072e-06 -0.00295532 0.000167195 -0.000324183 0.000238886 4.50505e-06 -6.6861e-06 -6.87622e-06 -0.000118821 -2.62891e-06
internal_weight=926669 190472 162598 159 27874 3549 24325 162439 736197 736141 26909 709232
internal_count=926669 190472 162598 159 27874 3549 24325 162439 736197 736141 26909 709232
is_linear=0
shrinkage=0.0177717


Tree=235
num_leaves=9
num_cat=0
split_feature=8 32 1 21 61 27 69 15
split_gain=0.51045 0.587276 3.02272 4.52035 1.99103 1.10788 3.85069 0.881709
threshold=31.500000000000004 0.99588799476623546 1.0000000180025095e-35 10.784903526306154 1.0000000180025095e-35 0.98492148518562328 36.750000000000007 5.9853553771972665
decision_type=2 2 2 2 2 2 2 2
left_child=1 5 3 -3 -4 7 -7 -1
right_child=-2 2 4 -5 -6 6 -8 -9
leaf_value=2.8790424291767558e-06 -0.0021161536253530115 -0.0013806856078866538 -0.0020369817107833811 0.0065606605814149954 0.00019276894871310507 -9.8498423298904857e-05 -0.0027071658005922237 -0.00055211426849122755
leaf_weight=895612 36 38 130 56 4673 25039 180 905
leaf_count=895612 36 38 130 56 4673 25039 180 905
internal_value=8.13547e-13 8.22141e-08 0.000194187 0.00335033 0.000132418 -9.49025e-07 -0.000117118 2.3188e-06
internal_weight=926669 926633 4897 94 4803 921736 25219 896517
internal_count=926669 926633 4897 94 4803 921736 25219 896517
is_linear=0
shrinkage=0.0177717


Tree=236
num_leaves=12
num_cat=0
split_feature=55 60 68 65 35 60 30 25 17 70 27
split_gain=0.502801 2.15226 1.50344 2.33645 2.18707 0.87671 29.2602 10.2319 0.864436 1.98296 1.07794
threshold=1.0000000180025095e-35 1.0000000180025095e-35 -0.051579724997282021 0.047703063115477569 0.11112049967050554 1.0000000180025095e-35 2.8509520292282109 3.8815106153488164 1.2428609728813174 0.16274608671665194 0.98492148518562328
decision_type=2 2 2 2 2 2 2 2 2 2 2
left_child=5 2 4 -4 -2 8 7 -7 10 -10 -1
right_child=1 -3 3 -5 -6 6 -8 -9 9 -11 -12
leaf_value=-9.2558504464957182e-07 -0.001147359653161914 0.0034989431484488904 3.1714078275077278e-05 -0.00094969615126778094 0.00041992963426735466 -0.00036031494387530683 -0.017668103077984918 0.010396270228756459 0.0008326478947239019 -0.00011159100971817196 -0.00012173196495400631
leaf_weight=832976 298 57 60381 776 4990 282 30 31 1259 1589 24000
leaf_count=832976 298 57 60381 776 4990 282 30 31 1259 1589 24000
internal_value=-2.44636e-13 4.70804e-05 4.41192e-05 1.92613e-05 0.000331607 -3.63992e-06 -0.000901946 0.000705034 -3.28157e-06 0.000305824 -4.30882e-06
internal_weight=926669 66502 66445 61157 5288 860167 343 313 859824 2848 856976
internal_count=926669 66502 66445 61157 5288 860167 343 313 859824 2848 856976
is_linear=0
shrinkage=0.0177717


Tree=237
num_leaves=9
num_cat=0
split_feature=29 11 25 5 8 0 5 31
split_gain=0.500804 3.9795 5.48607 4.97913 0.796102 0.724091 2.82979 0.974092
threshold=1.0000000180025095e-35 4.0517470836639413 4.6774799823760995 4.0342013835906991 31.500000000000004 1.0000000180025095e-35 3.65057384967804 26.500000000000004
decision_type=2 2 2 2 2 2 2 2
left_child=1 2 3 -1 5 6 -2 -7
right_child=4 -3 -4 -5 -6 7 -8 -9
leaf_value=4.9542908385568332e-05 -2.9346908979440294e-05 0.0065237507801442947 -0.0064490780052333515 0.0063220343782097376 -0.0027225859802303049 6.0357159852114833e-06 -0.0044376545692493847 0.00095752832378328233
leaf_weight=53168 229382 30 41 40 34 643588 46 340
leaf_count=53168 229382 30 41 40 34 643588 46 340
internal_value=3.81909e-13 5.28966e-05 4.9251e-05 5.42584e-05 -3.22683e-06 -3.12096e-06 -3.02308e-05 6.53811e-06
internal_weight=926669 53279 53249 53208 873390 873356 229428 643928
internal_count=926669 53279 53249 53208 873390 873356 229428 643928
is_linear=0
shrinkage=0.0177717


Tree=238
num_leaves=12
num_cat=0
split_feature=23 10 63 29 30 1 30 71 35 71 65
split_gain=0.497414 4.40508 0.661189 9.16418 7.81067 1.52534 2.87959 0.94881 0.167226 0.56509 0.128525
threshold=6.1495356559753427 1.7047813534736636 1.0000000180025095e-35 1.3323209881782534 1.0602869987487795 1.5000000000000002 3.2772655487060551 5.6912615299224862 0.51805400848388683 5.3661370277404794 0.14885086566209796
decision_type=2 2 2 2 2 2 2 2 2 2 2
left_child=2 -2 3 4 -1 6 -4 -7 10 -10 -3
right_child=1 8 5 -5 -6 7 -8 -9 9 -11 -12
leaf_value=-0.00054177519521163048 -0.0070948625840547555 -0.00015575795109992529 -0.00031327891313256078 -0.0090688337564857439 0.0005107391728220084 -7.6182566966344263e-08 0.0044124685612614749 0.00040699829259214528 0.00028046372595756349 -0.0024759936519678527 0.0010259604870051643
leaf_weight=3279 30 936 6049 34 6940 907422 41 1812 55 41 30
leaf_count=3279 30 936 6049 34 6940 907422 41 1812 55 41 30
internal_value=1.52146e-13 -0.000379072 4.47231e-07 0.000142369 0.000173016 -1.1425e-06 -0.000281464 7.35071e-07 -0.000189361 -0.000896773 -0.000119059
internal_weight=926669 1092 925577 10253 10219 915324 6090 909234 1062 96 966
internal_count=926669 1092 925577 10253 10219 915324 6090 909234 1062 96 966
is_linear=0
shrinkage=0.0177717


Tree=239
num_leaves=14
num_cat=0
split_feature=10 2 28 11 65 20 40 32 15 4 3 8 18
split_gain=0.498004 2.20106 3.73922 6.31581 2.86325 2.12947 10.3542 2.24367 1.11317 3.64007 2.5225 1.92869 1.30111
threshold=3.5127768516540532 37.500000000000007 11.25820302963257 3.0677825212478642 0.073071170598268523 4.6055555343627939 1.0000000180025095e-35 0.99692949652671825 4.8244450092315683 3.6568629741668706 0.89587974548339855 23.590741157531742 0.92866650223732006
decision_type=2 2 2 2 2 2 2 2 2 2 2 2 2
left_child=8 2 4 -4 -2 7 -7 -3 11 -10 -11 12 -1
right_child=1 5 3 -5 -6 6 -8 -9 9 10 -12 -13 -14
leaf_value=2.0861656185555927e-06 -4.230380932145632e-05 4.7365790581438359e-05 -0.0025410449271648073 0.00021321445606975944 -0.0011286217037508276 -0.00021493777570721792 -0.010859952946152945 0.0031485272137347247 0.0050299682628201278 0.0042408181078686684 0.00011810169970161674 -0.0039028767439795832 -0.0001883614905687324
leaf_weight=871695 6485 17231 583 479 869 230 33 74 48 47 17376 40 11479
leaf_count=871695 6485 17231 583 479 869 230 33 74 48 47 17376 40 11479
internal_value=5.00902e-13 -7.67039e-05 -0.000313024 -0.00129878 -0.000170671 3.6506e-05 -0.00155062 6.0627e-05 2.21284e-06 0.000142687 0.000129223 -5.65906e-07 -3.89166e-07
internal_weight=926669 25984 8416 1062 7354 17568 263 17305 900685 17471 17423 883214 883174
internal_count=926669 25984 8416 1062 7354 17568 263 17305 900685 17471 17423 883214 883174
is_linear=0
shrinkage=0.0177717


Tree=240
num_leaves=15
num_cat=0
split_feature=28 60 5 19 71 2 30 21 11 1 69 28 25 67
split_gain=0.498726 4.47238 61.5254 9.2391 3.12671 18.2791 40.0933 5.8841 2.35202 21.3471 3.05264 2.00806 2.85788 2.17269
threshold=9.5597567558288592 1.0000000180025095e-35 2.9174053668975835 2.6163792610168461 2.5984133481979375 1.0000000180025095e-35 2.3128105401992802 7.5761907100677499 3.3842465877532963 1.0000000180025095e-35 0.81666666269302379 10.384477615356447 2.4414010047912602 0.15964826941490176
decision_type=2 2 2 2 2 2 2 2 2 2 2 2 2 2
left_child=4 11 3 -3 8 6 -6 -7 10 -10 -1 12 -2 -13
right_child=1 2 -4 -5 5 7 -8 -9 9 -11 -12 13 -14 -15
leaf_value=0.00025957631506469365 -1.4571470598991077e-05 -0.00078949909325235444 -0.025772537771734782 0.0098273695186372589 0.00084167303427874025 0.0066793990616394322 -0.023114567581352642 -0.00049218062862358509 -0.010345537968299965 -0.0002063186790220626 -7.0635897936984237e-06 1.6346178031423368e-06 0.00028400177881804703 -0.0031299096683447491
leaf_weight=13842 19796 77 30 39 57 37 36 1543 66 10376 667579 192395 20726 70
leaf_count=13842 19796 77 30 39 57 37 36 1543 66 10376 667579 192395 20726 70
internal_value=-5.31702e-13 2.2487e-05 -0.00308699 0.00277997 -7.55904e-06 -0.000774923 -0.00843171 -0.000324239 -5.70347e-06 -0.000270405 -1.64722e-06 2.44355e-05 0.000138141 4.95667e-07
internal_weight=926669 233133 146 116 693536 1673 93 1580 691863 10442 681421 232987 40522 192465
internal_count=926669 233133 146 116 693536 1673 93 1580 691863 10442 681421 232987 40522 192465
is_linear=0
shrinkage=0.0177717


Tree=241
num_leaves=13
num_cat=0
split_feature=5 67 27 71 4 12 5 20 12 10 69 66
split_gain=0.49784 1.71023 1.47668 1.16368 0.65218 2.17483 1.59542 1.41067 0.628149 0.319573 0.249917 0.247817
threshold=5.8721139430999765 -0.067103773355483995 0.50820448994636547 2.7073619365692143 82.333332061767592 50.350000381469734 4.5485858917236337 12.679487705230715 11.79655170440674 2.9958488941192631 0.91287881135940563 -0.065281283110380159
decision_type=2 2 2 2 2 2 2 2 2 2 2 2
left_child=4 10 9 -4 5 8 7 -6 -1 -3 -2 -12
right_child=1 2 3 -5 6 -7 -8 -9 -10 -11 11 -13
leaf_value=1.5606213138556198e-06 0.0013109176012418026 0.00093499114664694646 0.00087776394806006019 0.003681855021746058 -0.00047727442645164795 -0.0047856245140320179 0.0046097654485700891 0.0027473868015219522 -0.0001024345091485682 -0.00057589590160144269 0.0012707426125604534 -0.00026300866857902793
leaf_weight=906549 37 91 83 107 164 30 32 58 18723 86 35 674
leaf_count=906549 37 91 83 107 164 30 32 58 18723 86 35 674
internal_value=-3.17227e-13 0.000375635 0.00136886 0.00245691 -4.51709e-07 -6.98875e-07 0.000899952 0.000365205 -5.43734e-07 0.000200888 -0.000112986 -0.000187295
internal_weight=926669 1113 367 190 925556 925302 254 222 925272 177 746 709
internal_count=926669 1113 367 190 925556 925302 254 222 925272 177 746 709
is_linear=0
shrinkage=0.0177717


Tree=242
num_leaves=12
num_cat=0
split_feature=16 32 32 71 50 70 29 69 12 29 60
split_gain=0.494261 3.37023 3.07058 7.23675 1.828 5.14446 2.55035 1.75914 16.5133 1.76774 1.62838
threshold=1.2172845005989077 0.99845400452613842 0.97681450843811046 3.3190220594406132 1.0000000180025095e-35 0.2639297097921372 1.1901054978370669 36.750000000000007 1.7207794785499575 1.0206965208053591 1.0000000180025095e-35
decision_type=2 2 2 2 2 2 2 2 2 2 2
left_child=1 2 10 -4 7 6 -6 9 -9 -2 -1
right_child=4 -3 3 -5 5 -7 -8 8 -10 -11 -12
leaf_value=-4.8523100692616325e-06 6.1517745885062753e-05 0.0059477963178751758 -0.00020867766200330381 -0.0023408384559064767 0.00025061047637189626 0.0070457355873989732 0.0048346780467560108 -0.012460587771634946 -0.00012465448928870959 -2.7045506496459577e-05 0.0015989913764256796
leaf_weight=631163 148552 30 8344 535 589 41 41 37 465 136672 200
leaf_count=631163 148552 30 8344 535 589 41 41 37 465 136672 200
internal_value=-2.52239e-13 -8.68056e-06 -8.95967e-06 -0.00033715 1.94064e-05 0.000945911 0.000548939 1.72305e-05 -0.00103388 1.90805e-05 -4.34425e-06
internal_weight=926669 640272 640242 8879 286397 671 630 285726 502 285224 631363
internal_count=926669 640272 640242 8879 286397 671 630 285726 502 285224 631363
is_linear=0
shrinkage=0.0177717


Tree=243
num_leaves=13
num_cat=0
split_feature=43 15 10 9 69 10 66 49 18 29 8 2
split_gain=0.492803 1.21518 5.12404 1.72841 1.30978 0.688596 0.596286 2.15813 11.6649 3.32678 0.949375 0.701164
threshold=1.0000000180025095e-35 3.7842893600463872 3.400815606117249 3.8412939310073857 7.4664251804351816 2.5227222442626958 -0.021364993415772911 1.0000000180025095e-35 0.53959050774574291 0.65051501989364635 26.500000000000004 3.5000000000000004
decision_type=2 2 2 2 2 2 2 2 2 2 2 2
left_child=6 2 4 -3 -2 -5 7 9 -9 -1 11 -8
right_child=1 3 -4 5 -6 -7 10 8 -10 -11 -12 -13
leaf_value=0.0004728836163312515 -0.00016920532135908582 0.0042573074145884357 -0.0070999373522372348 -0.00029798344807637628 -0.0030542975786652981 0.00044562713141553983 0.00012824688030351462 -1.1773913832913953e-05 -0.0024624741414784597 6.1599975331042442e-05 0.0022705252370014404 -5.2801491389651701e-06
leaf_weight=7465 8234 34 34 572 50 1259 12611 36202 624 36994 58 822532
leaf_count=7465 8234 34 34 572 50 1259 12611 36202 624 36994 58 822532
internal_value=-6.10806e-14 -0.00012295 -0.000214877 0.000287049 -0.000186619 0.000213325 1.36609e-06 4.7316e-05 -5.32999e-05 0.000130658 -3.10593e-06 -3.26384e-06
internal_weight=926669 10183 8318 1865 8284 1831 916486 81285 36826 44459 835201 835143
internal_count=926669 10183 8318 1865 8284 1831 916486 81285 36826 44459 835201 835143
is_linear=0
shrinkage=0.0177717


Tree=244
num_leaves=8
num_cat=0
split_feature=8 12 69 48 4 8 72
split_gain=0.506171 0.576398 4.11075 3.35764 0.984937 2.84348 1.09557
threshold=31.500000000000004 24.828571319580082 1.6820991039276125 1.0000000180025095e-35 41.021738052368171 4.6742424964904794 30.102498054504398
decision_type=2 2 2 2 2 2 2
left_child=1 4 3 -3 6 -6 -1
right_child=-2 2 -4 -5 5 -7 -8
leaf_value=-1.0481693802683738e-06 -0.0021072637929886295 9.7623757245608473e-05 0.0068433357265175691 0.0057379616714856984 -0.0028820915859515224 -0.00021389102090433701 0.00027907187992203512
leaf_weight=918560 36 1701 30 34 136 1741 4431
leaf_count=918560 36 1701 30 34 136 1741 4431
internal_value=-4.38059e-13 8.18675e-08 0.000320934 0.000208155 -5.30441e-07 -0.000407218 2.96602e-07
internal_weight=926669 926633 1765 1735 924868 1877 922991
internal_count=926669 926633 1765 1735 924868 1877 922991
is_linear=0
shrinkage=0.0177717


Tree=245
num_leaves=8
num_cat=0
split_feature=8 12 69 48 4 75 72
split_gain=0.488339 0.556093 3.96594 3.23935 0.95024 2.78486 1.05697
threshold=31.500000000000004 24.828571319580082 1.6820991039276125 1.0000000180025095e-35 41.021738052368171 1.5000000000000002 30.102498054504398
decision_type=2 2 2 2 2 2 2
left_child=1 4 3 -3 6 -6 -1
right_child=-2 2 -4 -5 5 -7 -8
leaf_value=-1.0295409273942553e-06 -0.0020698138597010289 9.5888813315585589e-05 0.0067217175541934727 0.0056359878538133181 0.0047171060587158182 -0.00049155607186952236 0.0002741122806402076
leaf_weight=918560 36 1701 30 34 33 1844 4431
leaf_count=918560 36 1701 30 34 33 1844 4431
internal_value=2.05916e-13 8.04132e-08 0.000315231 0.000204456 -5.21013e-07 -0.000399981 2.91332e-07
internal_weight=926669 926633 1765 1735 924868 1877 922991
internal_count=926669 926633 1765 1735 924868 1877 922991
is_linear=0
shrinkage=0.0177717


Tree=246
num_leaves=15
num_cat=0
split_feature=28 34 66 17 69 34 28 71 10 11 28 25 67 2
split_gain=0.487796 2.83947 4.94044 3.70219 1.89393 8.52788 1.20156 2.90052 7.23837 2.54599 2.09802 3.77507 1.54939 0.886985
threshold=12.016354084014894 0.53046399354934703 0.059039535000920303 1.5118319988250735 36.750000000000007 0.30625399947166448 10.043381214141847 3.3190220594406132 1.5927504301071169 3.3842465877532963 10.384477615356447 2.4414010047912602 0.15964826941490176 40.500000000000007
decision_type=2 2 2 2 2 2 2 2 2 2 2 2 2 2
left_child=6 4 3 -3 13 -6 7 9 -9 -1 11 -8 -12 -2
right_child=1 2 -4 -5 5 -7 10 8 -10 -11 12 -13 -14 -15
leaf_value=9.1742900280735555e-08 0.00013728464437250481 -0.00040702600563809221 -0.0057966775029617201 -0.0062192997928046797 -0.0098319231580364479 0.0021146700606229467 -4.485786117765527e-05 -0.0090745976232447113 -0.00044731187106522547 -0.00026471762319454087 2.2246933885688572e-05 0.00041497223195732455 -0.0028830308394350774 -5.1636948520259737e-05
leaf_weight=696317 9732 3122 56 35 32 46 10369 31 3343 11659 138942 12361 58 40566
leaf_count=696317 9732 3122 56 35 32 46 10369 31 3343 11659 138942 12361 58 40566
internal_value=-8.4728e-14 -5.20447e-05 -0.000564278 -0.000471464 -1.93742e-05 -0.0027865 3.19446e-06 -6.74652e-06 -0.000526579 -4.26916e-06 4.69187e-05 0.000205206 2.10347e-05 -1.50831e-05
internal_weight=926669 53589 3213 3157 50376 78 873080 711350 3374 707976 161730 22730 139000 50298
internal_count=926669 53589 3213 3157 50376 78 873080 711350 3374 707976 161730 22730 139000 50298
is_linear=0
shrinkage=0.0177717


Tree=247
num_leaves=15
num_cat=0
split_feature=10 71 21 35 66 2 55 17 71 30 69 71 15 32
split_gain=0.485145 2.75229 14.6881 20.9083 4.1993 2.13518 2.62321 1.22886 1.14216 3.63884 3.36574 0.941435 16.1783 0.824888
threshold=3.5409667491912846 3.0131236314773564 8.5663428306579608 0.26131650805473333 0.05616573058068753 2.5000000000000004 1.0000000180025095e-35 1.0000000180025095e-35 4.7292296886444101 1.9216784834861758 36.750000000000007 4.617455482482911 3.5836408138275151 0.99873849749565136
decision_type=2 2 2 2 2 2 2 2 2 2 2 2 2 2
left_child=8 5 3 -3 -4 6 -2 -7 11 -10 -11 13 -13 -1
right_child=1 2 4 -5 -6 7 -8 -9 9 10 -12 12 -14 -15
leaf_value=6.1556920178656873e-07 -0.00065669225234640382 -0.019764133978795041 -0.00042904350207109519 -0.0011976221709872348 0.0041273539705295823 -2.8975228992322399e-06 -0.0048789223534592115 0.00051603199690486738 0.0054734215582287801 0.00014378985141198298 0.0044745376542080703 -0.012198922277860841 -0.00016584071118822512 0.0015191201611144147
leaf_weight=890223 659 30 3722 53 65 18230 50 1565 41 10038 57 36 1787 113
leaf_count=890223 659 30 3722 53 65 18230 50 1565 41 10038 57 36 1787 113
internal_value=-6.85071e-13 -7.82374e-05 -0.000512925 -0.00790841 -0.000350838 3.80716e-06 -0.000954452 3.81292e-05 2.11345e-06 0.000189702 0.000168243 -1.77817e-08 -0.000403466 8.08295e-07
internal_weight=926669 24374 3870 83 3787 20504 709 19795 902295 10136 10095 892159 1823 890336
internal_count=926669 24374 3870 83 3787 20504 709 19795 902295 10136 10095 892159 1823 890336
is_linear=0
shrinkage=0.0177717


Tree=248
num_leaves=9
num_cat=0
split_feature=29 72 3 65 8 65 23 65
split_gain=0.484937 3.91465 5.13413 3.8488 0.764512 0.717246 4.31049 1.61389
threshold=1.0000000180025095e-35 30.102498054504398 4.6395599842071542 0.25457374751567846 31.500000000000004 0.14885086566209796 6.2255475521087655 0.076217234134674086
decision_type=2 2 2 2 2 2 2 2
left_child=1 2 3 -1 5 7 -7 -2
right_child=4 -3 -4 -5 -6 6 -8 -9
leaf_value=4.7644320017475898e-05 -3.4481947708733885e-06 0.0051787284700874512 -0.0071827756436835706 0.0056326001581929967 -0.002668035920359297 -9.0742475973774384e-05 -0.0067220075837960275 0.00019508624287681306
leaf_weight=53162 836471 47 31 39 34 23719 31 13135
leaf_count=53162 836471 47 31 39 34 23719 31 13135
internal_value=-4.66114e-13 5.20519e-05 4.75254e-05 5.17385e-05 -3.1753e-06 -3.07155e-06 -9.9398e-05 -3.78831e-07
internal_weight=926669 53279 53232 53201 873390 873356 23750 849606
internal_count=926669 53279 53232 53201 873390 873356 23750 849606
is_linear=0
shrinkage=0.0177717


Tree=249
num_leaves=15
num_cat=0
split_feature=35 27 10 11 5 2 12 63 29 35 22 21 71 17
split_gain=0.480526 4.80788 9.8415 16.5536 3.49095 1.89472 6.82479 1.76752 23.5201 8.08723 1.20965 7.38288 4.06725 0.94822
threshold=0.1803029999136925 0.93181201815605175 3.3364613056182866 2.9174053668975835 3.4811217784881596 10.500000000000002 12.839743614196779 1.0000000180025095e-35 1.3323209881782534 0.36492000520229345 2.3636615276336674 6.9087588787078866 3.2202074527740483 0.81162449717521679
decision_type=2 2 2 2 2 2 2 2 2 2 2 2 2 2
left_child=1 5 4 -4 -3 6 -1 8 9 -2 12 -12 -9 -7
right_child=7 2 3 -5 -6 13 -8 10 -10 -11 11 -13 -14 -15
leaf_value=-0.00029153357337073096 0.00089704504347815214 -0.0012694845919270022 0.000309451680793388 -0.01650759899248368 0.0051843822830317582 -1.202212872867128e-05 -0.0058844643505737938 -1.182028250615135e-05 -0.013856248485895055 -0.00026872089464417522 -0.0067258410944775878 3.6568052203025973e-05 -0.0010896848050309139 0.00082412006399835492
leaf_weight=4418 3989 225 38 36 30 287167 70 370372 37 3554 51 255144 1109 429
leaf_count=4418 3989 225 38 36 30 287167 70 370372 37 3554 51 255144 1109 429
internal_value=6.36472e-13 -1.88478e-05 -0.00216601 -0.00787182 -0.000510206 -1.64292e-05 -0.000378767 8.68945e-06 0.000278443 0.000347777 5.42663e-06 3.52166e-05 -1.50381e-05 -1.07749e-05
internal_weight=926669 292413 329 74 255 292084 4488 634256 7580 7543 626676 255195 371481 287596
internal_count=926669 292413 329 74 255 292084 4488 634256 7580 7543 626676 255195 371481 287596
is_linear=0
shrinkage=0.0177717


Tree=250
num_leaves=14
num_cat=0
split_feature=43 25 26 71 6 12 25 66 19 34 9 8 2
split_gain=0.477183 1.18048 2.22729 1.42086 18.4527 1.40732 0.769377 0.568924 2.12751 5.33553 3.2963 0.95397 0.67935
threshold=1.0000000180025095e-35 4.1190040111541757 23.500000000000004 3.6941432952880864 1.0965619683265688 5.1062030792236337 4.0689902305603036 -0.021364993415772911 5.2135236263275155 0.12182600423693658 6.107393980026246 26.500000000000004 3.5000000000000004
decision_type=2 2 2 2 2 2 2 2 2 2 2 2 2
left_child=7 3 5 6 -5 -3 -2 8 10 -10 -1 12 -9
right_child=1 2 -4 4 -6 -7 -8 11 9 -11 -12 -13 -14
leaf_value=4.7969635922917448e-05 -0.00015018723539965558 0.0011511214579856871 0.0051157278218925423 -0.012902543852160298 0.00063466916746700958 -7.4067234885328155e-05 -0.0020081216164881052 0.00012626664880748735 0.0084122522156258438 0.00057622250978476587 -0.0020249974972007898 0.0022761022973777408 -5.1669348086791236e-06
leaf_weight=80846 8255 393 30 38 195 1201 71 12611 33 163 243 58 822532
leaf_count=80846 8255 393 30 38 195 1201 71 12611 33 163 243 58 822532
internal_value=1.96779e-13 -0.000120986 0.000318293 -0.000204336 -0.00157312 0.000228002 -0.000166031 1.34427e-06 4.62276e-05 0.00189555 4.17576e-05 -3.02395e-06 -3.18223e-06
internal_weight=926669 10183 1624 8559 233 1594 8326 916486 81285 196 81089 835201 835143
internal_count=926669 10183 1624 8559 233 1594 8326 916486 81285 196 81089 835201 835143
is_linear=0
shrinkage=0.0177717


Tree=251
num_leaves=14
num_cat=0
split_feature=12 1 22 8 27 32 34 21 21 69 69 28 8
split_gain=0.475429 3.23428 15.0664 27.886 5.20468 2.75021 4.69497 2.3253 5.16418 2.74716 0.73953 6.51741 0.795534
threshold=11.79655170440674 1.5000000000000002 5.343393325805665 4.9309520721435556 0.4903590083122254 0.99845400452613842 0.37182100117206579 9.724062919616701 9.6953320503234881 36.750000000000007 36.750000000000007 11.596195220947267 3.5751880407333378
decision_type=2 2 2 2 2 2 2 2 2 2 2 2 2
left_child=5 2 3 -2 -4 10 -7 8 -3 -9 12 -12 -1
right_child=1 7 4 -5 -6 6 -8 9 -10 -11 11 -13 -14
leaf_value=-1.8722940222297873e-06 -0.020755324766476582 0.00060720620626267697 -0.0072830403474923276 -0.00066989762443160422 0.00020882333402164798 -0.00094576417831019417 0.0063017743207881474 -8.8352162716780395e-05 0.0071495655543337864 0.0034643782431931411 0.00015785025037874499 -0.0043175752395374165 7.3747303179557249e-05
leaf_weight=859944 34 411 31 61 530 55 58 18355 42 69 652 122 46305
leaf_count=859944 34 411 31 61 530 55 58 18355 42 69 652 122 46305
internal_value=-1.04484e-13 -8.67486e-05 -0.00131348 -0.00785837 -0.000205166 1.86792e-06 0.00277421 -4.41182e-05 0.00121378 -7.50468e-05 1.52254e-06 -0.000547579 1.99151e-06
internal_weight=926669 19533 656 95 561 907136 113 18877 453 18424 907023 774 906249
internal_count=926669 19533 656 95 561 907136 113 18877 453 18424 907023 774 906249
is_linear=0
shrinkage=0.0177717


Tree=252
num_leaves=13
num_cat=0
split_feature=22 69 30 9 69 9 70 9 10 27 19 18
split_gain=0.47792 4.90178 5.0298 2.26625 3.70326 2.35617 14.4355 2.17475 4.35665 2.01701 1.25928 1.20862
threshold=9.1338129043579119 36.750000000000007 2.6268529891967778 6.3126413822174081 0.99648505449295055 6.107393980026246 0.15156984329223636 3.2455348968505864 2.1122692823410039 0.86584800481796276 4.4661052227020273 1.0602869987487795
decision_type=2 2 2 2 2 2 2 2 2 2 2 2
left_child=3 7 -3 5 11 10 -7 8 -2 -9 -1 -5
right_child=1 2 -4 4 -6 6 -8 9 -10 -11 -12 -13
leaf_value=4.0337143281665109e-06 0.0082405635376654046 -0.0079689798952718594 -0.00018084135849474764 -0.0004231008190376001 0.0076787071085393371 0.00044179600553686475 -0.012642427037501571 1.7020544415810504e-05 -0.00023457831140243573 -0.00024195283920076631 -0.00047034141899762326 0.0037103333067280914
leaf_weight=875071 30 50 55 80 31 138 33 36484 53 12842 1771 31
leaf_count=875071 30 50 55 80 31 138 33 36484 53 12842 1771 31
internal_value=-1.19471e-13 -5.3718e-05 -0.00388948 3.03229e-06 0.00224797 2.66881e-06 -0.00208323 -4.55665e-05 0.00282873 -5.0403e-05 3.0756e-06 0.000731282
internal_weight=926669 49514 105 877155 142 877013 171 49409 83 49326 876842 111
internal_count=926669 49514 105 877155 142 877013 171 49409 83 49326 876842 111
is_linear=0
shrinkage=0.0177717


Tree=253
num_leaves=13
num_cat=0
split_feature=29 20 2 1 72 4 71 15 8 12 61 19
split_gain=0.477148 2.00769 2.7732 5.07958 2.1139 9.59893 2.55984 1.56935 1.08167 1.05657 3.39021 2.17115
threshold=0.53959050774574291 3.4641025066375737 46.500000000000007 360.50000000000006 17.857359886169437 3.9393379688262944 3.8629494905471806 2.8625670671463017 26.500000000000004 9.8619050979614276 1.0000000180025095e-35 4.2340295314788827
decision_type=2 2 2 2 2 2 2 2 2 2 2 2
left_child=1 4 7 -4 6 -6 -1 -3 9 11 -11 -2
right_child=8 2 3 -5 5 -7 -8 -9 -10 10 -12 -13
leaf_value=1.4676766441742542e-05 -5.3426078574521186e-06 0.0022285546176080231 -0.00046760628415432721 0.00092890243098705009 -0.0092508558459377405 -0.00036327119628462687 0.00079346639477143239 0.00057384753136141542 0.0024633486512454432 -0.001195796679199692 -7.913023007532817e-05 0.00034089418531034542
leaf_weight=179214 703465 191 2597 1204 39 2418 1343 3466 56 888 26021 5767
leaf_count=179214 703465 191 2597 1204 39 2418 1343 3466 56 888 26021 5767
internal_value=2.46123e-13 2.50712e-05 0.000310892 -2.52499e-05 1.34238e-05 -0.000504344 2.04695e-05 0.000660271 -6.48654e-06 -6.67442e-06 -0.00011598 -2.52724e-06
internal_weight=926669 190472 7458 3801 183014 2457 180557 3657 736197 736141 26909 709232
internal_count=926669 190472 7458 3801 183014 2457 180557 3657 736197 736141 26909 709232
is_linear=0
shrinkage=0.0177717


Tree=254
num_leaves=8
num_cat=0
split_feature=8 12 69 48 9 29 72
split_gain=0.486437 0.543205 3.7437 3.1212 0.906286 3.08354 0.821322
threshold=31.500000000000004 24.828571319580082 1.6820991039276125 1.0000000180025095e-35 6.107393980026246 1.0000000180025095e-35 30.102498054504398
decision_type=2 2 2 2 2 2 2
left_child=1 4 3 -3 6 -6 -1
right_child=-2 2 -4 -5 5 -7 -8
leaf_value=-8.4058117900958372e-07 -0.0020657785079235816 9.7362135747418888e-05 0.0065359560524132212 0.0055354818312593644 0.0032565408292870501 -0.00051524510128394781 0.00024649503829084364
leaf_weight=918626 36 1701 30 34 71 1911 4260
leaf_count=918626 36 1701 30 34 71 1911 4260
internal_value=1.91818e-13 8.02564e-08 0.000311557 0.00020393 -5.1416e-07 -0.000380131 3.01109e-07
internal_weight=926669 926633 1765 1735 924868 1982 922886
internal_count=926669 926633 1765 1735 924868 1982 922886
is_linear=0
shrinkage=0.0177717


Tree=255
num_leaves=15
num_cat=0
split_feature=5 67 27 22 5 61 17 12 60 19 71 10 35 6
split_gain=0.473323 1.64815 1.41749 1.13551 0.633819 2.55362 6.74112 2.19004 1.26431 11.3189 0.942336 0.310144 0.247998 0.213274
threshold=5.8721139430999765 -0.067103773355483995 0.50820448994636547 10.887291908264162 4.1666352748870858 1.0000000180025095e-35 1.161109507083893 40.160715103149421 1.0000000180025095e-35 2.5795441865921025 5.6912615299224862 2.9958488941192631 0.73602500557899486 1.703269958496094
decision_type=2 2 2 2 2 2 2 2 2 2 2 2 2 2
left_child=4 12 11 -4 8 6 -6 -7 10 -10 -1 -3 13 -2
right_child=1 2 3 -5 5 7 -8 -9 9 -11 -12 -13 -14 -15
leaf_value=1.9485691791526121e-07 0.00040846396396965586 0.00092017156423593142 0.0014625682235862179 0.0044052414499737898 -0.00052418994840141273 -6.6382869679256604e-05 -0.0068532483301651922 -0.0045176779087399855 -0.00035674043062396767 0.0078412209109160712 0.00043472366968846606 -0.00056825810593851564 0.0011967698429452621 -0.00035270496689455261
leaf_weight=909712 147 91 129 61 340 13448 63 35 315 64 1579 86 43 556
leaf_count=909712 147 91 129 61 340 13448 63 35 315 64 1579 86 43 556
internal_value=2.77309e-13 0.000366269 0.0013413 0.00240732 -4.40446e-07 -0.000119604 -0.0015136 -7.79378e-05 1.37457e-06 0.00102761 9.47768e-07 0.00019698 -0.000113403 -0.000193542
internal_weight=926669 1113 367 190 925556 13886 403 13483 911670 379 911291 177 746 703
internal_count=926669 1113 367 190 925556 13886 403 13483 911670 379 911291 177 746 703
is_linear=0
shrinkage=0.0177717


Tree=256
num_leaves=9
num_cat=0
split_feature=8 32 1 21 54 27 69 69
split_gain=0.470042 0.536506 2.9331 4.36891 1.95955 1.04283 3.62821 0.8794
threshold=31.500000000000004 0.99588799476623546 1.0000000180025095e-35 10.784903526306154 1.0000000180025095e-35 0.98492148518562328 36.750000000000007 4.6226265430450448
decision_type=2 2 2 2 2 2 2 2
left_child=1 5 3 -3 -4 7 -7 -1
right_child=-2 2 4 -5 -6 6 -8 -9
leaf_value=9.9618593256251404e-07 -0.002030667039851343 -0.0013564913959242533 0.00019456011990638973 0.0064507044639978486 -0.0017212364683837915 -9.5540097255229149e-05 -0.0026277243372174464 0.0002466880175319755
leaf_weight=891892 36 38 4628 56 175 25039 180 4625
leaf_count=891892 36 38 4628 56 175 25039 180 4625
internal_value=9.22026e-14 7.88922e-08 0.000185604 0.0032946 0.000124757 -9.06763e-07 -0.000113614 2.26367e-06
internal_weight=926669 926633 4897 94 4803 921736 25219 896517
internal_count=926669 926633 4897 94 4803 921736 25219 896517
is_linear=0
shrinkage=0.0177717


Tree=257
num_leaves=14
num_cat=0
split_feature=27 35 36 60 5 63 5 1 6 6 60 65 71
split_gain=0.471248 2.49205 17.3476 2.40378 34.259 2.31164 1.74777 0.941414 23.1272 14.2634 0.900954 10.3385 0.718564
threshold=0.53093749284744274 0.044763000681996352 1.0000000180025095e-35 1.0000000180025095e-35 2.9174053668975835 1.0000000180025095e-35 1.7005987167358401 1.0000000180025095e-35 1.9934304952621462 1.703269958496094 1.0000000180025095e-35 0.079103916883468642 2.7994248867034917
decision_type=2 2 2 2 2 2 2 2 2 2 2 2 2
left_child=7 2 6 5 -5 -3 -2 8 9 -1 12 -12 -9
right_child=1 3 -4 4 -6 -7 -8 10 -10 -11 11 -13 -14
leaf_value=-0.00028748699426559541 0.00043591697082447664 0.00034937925619183254 0.013529090160144116 0.0017752389138815288 -0.018085251217730695 9.854155412737061e-06 -0.0043464429859082221 -4.9875737082823485e-06 -0.013558814518434952 0.0075868422708381634 -0.00038261612366325288 0.010827778201912518 -0.00012173302832211823
leaf_weight=3993 109 6450 34 142 34 350333 31 548031 41 74 194 30 17173
leaf_count=3993 109 6450 34 142 34 350333 31 548031 41 74 194 30 17173
internal_value=6.23921e-13 1.60044e-05 0.00214232 1.49679e-05 -0.00206145 1.59922e-05 -0.000623034 -1.00357e-05 -0.000278097 -0.000144212 -8.08814e-06 0.00111878 -8.53473e-06
internal_weight=926669 357133 174 356959 176 356783 140 569536 4108 4067 565428 224 565204
internal_count=926669 357133 174 356959 176 356783 140 569536 4108 4067 565428 224 565204
is_linear=0
shrinkage=0.0177717


Tree=258
num_leaves=12
num_cat=0
split_feature=55 60 13 71 35 60 30 72 17 22 4
split_gain=0.470532 2.06926 1.47772 6.62058 1.38032 0.856393 27.556 9.87678 0.829071 1.94489 1.03123
threshold=1.0000000180025095e-35 1.0000000180025095e-35 2.3550670146942143 4.4028501510620126 0.11731950193643571 1.0000000180025095e-35 2.8509520292282109 15.201633453369142 1.2428609728813174 2.4155942201614384 29.022727966308597
decision_type=2 2 2 2 2 2 2 2 2 2 2
left_child=5 2 3 -2 -4 8 7 -7 10 -10 -1
right_child=1 -3 4 -5 -6 6 -8 -9 9 -11 -12
leaf_value=-2.3371631256876868e-06 -1.8648952593829543e-05 0.0034301950032692911 -0.00037983710162640825 -0.0044456463422834856 0.00016655298031396896 -0.00035973687701998684 -0.017161920522325111 0.010364245776539613 -0.0042015365003359806 0.00034746698046045788 -0.00021119038558132283
leaf_weight=849443 37242 57 1542 107 27554 283 30 30 30 2818 7533
leaf_count=849443 37242 57 1542 107 27554 283 30 30 30 2818 7533
internal_value=7.75601e-13 4.55446e-05 4.2641e-05 -3.13317e-05 0.000137596 -3.52118e-06 -0.000891358 0.000668121 -3.16701e-06 0.000299549 -4.17303e-06
internal_weight=926669 66502 66445 37349 29096 860167 343 313 859824 2848 856976
internal_count=926669 66502 66445 37349 29096 860167 343 313 859824 2848 856976
is_linear=0
shrinkage=0.0177717


Tree=259
num_leaves=15
num_cat=0
split_feature=28 34 66 61 69 71 28 71 2 60 19 11 35 35
split_gain=0.468355 2.7306 4.77065 3.61049 1.73319 8.6141 1.16219 2.93897 17.5772 2.59097 24.7498 2.20108 1.4429 0.857742
threshold=12.016354084014894 0.53046399354934703 0.059039535000920303 1.0000000180025095e-35 36.750000000000007 2.9080713987350468 9.5597567558288592 2.5984133481979375 1.0000000180025095e-35 1.0000000180025095e-35 2.5795441865921025 3.3842465877532963 0.14066549390554431 0.49182099103927618
decision_type=2 2 2 2 2 2 2 2 2 2 2 2 2 2
left_child=6 4 3 -3 13 -6 7 11 -9 12 -11 -1 -8 -2
right_child=1 2 -4 -5 5 -7 9 8 -10 10 -12 -13 -14 -15
leaf_value=-1.5794965164614648e-06 -4.8933252394504873e-05 -0.0028572631895229482 -0.0056950157585404027 -0.00031130294961555791 0.0020029915680924025 -0.010136522375832223 -0.00013288353908265867 -0.0082596223164702245 -0.00030932498546319155 -0.010549182755179184 0.0062678740095192479 -0.00026157055575607238 5.9376943563887182e-05 0.00014318937957042088
leaf_weight=681421 41376 187 56 2970 48 30 13317 93 1580 59 52 10442 166116 8922
leaf_count=681421 41376 187 56 2970 48 30 13317 93 1580 59 52 10442 166116 8922
internal_value=2.15601e-13 -5.0997e-05 -0.000553314 -0.000462109 -1.8959e-05 -0.00266605 3.13016e-06 -7.30243e-06 -0.000751272 4.34288e-05 -0.00267092 -5.50343e-06 4.51079e-05 -1.4854e-05
internal_weight=926669 53589 3213 3157 50376 78 873080 693536 1673 179544 111 691863 179433 50298
internal_count=926669 53589 3213 3157 50376 78 873080 693536 1673 179544 111 691863 179433 50298
is_linear=0
shrinkage=0.0177717


Tree=260
num_leaves=14
num_cat=0
split_feature=22 69 15 9 69 9 70 9 34 9 27 19 18
split_gain=0.465119 4.73599 5.35011 2.1772 3.55404 2.26475 13.911 2.09362 4.35205 2.08285 1.91108 1.23059 1.16492
threshold=9.1338129043579119 16.545454978942875 4.1273863315582284 6.3126413822174081 0.99648505449295055 6.107393980026246 0.15156984329223636 3.2455348968505864 0.18799550086259845 5.5685036182403573 0.86584800481796276 4.4661052227020273 1.0602869987487795
decision_type=2 2 2 2 2 2 2 2 2 2 2 2 2
left_child=3 7 -3 5 12 11 -7 8 -2 -4 -9 -1 -5
right_child=1 2 9 4 -6 6 -8 10 -10 -11 -12 -13 -14
leaf_value=3.9810916643370981e-06 0.0080490708771933338 -0.0096680893462837564 -0.00033184410656390291 -0.00041575924336469621 0.0075235813789874253 0.00043633339328409215 -0.012407986086727123 1.9175678345491691e-05 -0.00036359684300153045 -0.0045544626871977714 -0.00023333732667595166 -0.00046495792674176232 0.0036422637981343106
leaf_weight=875071 31 30 127 80 31 138 33 36433 52 52 12789 1771 31
leaf_count=875071 31 30 127 80 31 138 33 36433 52 52 12789 1771 31
internal_value=-6.26121e-14 -5.29937e-05 -0.00272258 2.99141e-06 0.00220338 2.63514e-06 -0.00204239 -4.16775e-05 0.00277848 -0.00155853 -4.6433e-05 3.03395e-06 0.000717563
internal_weight=926669 49514 209 877155 142 877013 171 49305 83 179 49222 876842 111
internal_count=926669 49514 209 877155 142 877013 171 49305 83 179 49222 876842 111
is_linear=0
shrinkage=0.0177717


Tree=261
num_leaves=12
num_cat=0
split_feature=16 32 72 2 17 50 70 29 29 2 68
split_gain=0.469931 3.18152 2.99314 5.70752 2.17655 1.75952 4.96535 2.46006 1.66356 4.49705 1.62837
threshold=1.2172845005989077 0.99845400452613842 17.361248016357425 7.5000000000000009 0.38907550275325781 1.0000000180025095e-35 0.2639297097921372 1.1901054978370669 1.0206965208053591 1.0000000180025095e-35 -0.051579724997282021
decision_type=2 2 2 2 2 2 2 2 2 2 2
left_child=1 2 4 -4 -1 8 7 -7 10 -10 -2
right_child=5 -3 3 -5 -6 6 -8 -9 9 -11 -12
leaf_value=-2.5943387879358711e-06 0.00022148214352174845 0.0057788420828573644 -0.0015865245085838354 -0.00015874297779153073 -0.00049900721179672685 0.00024490741347325297 0.0069206039624852408 0.0047470962600013374 -0.0013876187380783508 -2.0319875120086582e-05 3.6777151806822989e-05
leaf_weight=630760 17020 30 1049 5631 2802 589 41 41 764 136029 131913
leaf_count=630760 17020 30 1049 5631 2802 589 41 41 764 136029 131913
internal_value=-3.45546e-13 -8.46422e-06 -8.7354e-06 -0.000382956 -4.78978e-06 1.89227e-05 0.000927908 0.000537907 1.6788e-05 -2.79564e-05 5.78852e-05
internal_weight=926669 640272 640242 6680 633562 286397 671 630 285726 136793 148933
internal_count=926669 640272 640242 6680 633562 286397 671 630 285726 136793 148933
is_linear=0
shrinkage=0.0177717


Tree=262
num_leaves=14
num_cat=0
split_feature=15 9 65 41 28 5 71 22 21 24 32 19 5
split_gain=0.467213 3.08684 6.41709 2.35367 7.71426 2.78372 2.03001 1.73967 1.73533 1.59365 3.1085 1.29491 0.716097
threshold=4.5911979675292978 5.6190409660339364 0.030568544752895836 1.0000000180025095e-35 12.424160003662111 4.7492611408233651 1.7939023375511172 9.555368900299074 9.7516632080078143 9.2437348365783709 0.96391448378562938 4.0676238536834726 2.1383330821990971
decision_type=2 2 2 2 2 2 2 2 2 2 2 2 2
left_child=1 9 12 5 7 8 -7 -5 -2 11 -11 -1 -3
right_child=3 2 -4 4 -6 6 -8 -9 -10 10 -12 -13 -14
leaf_value=5.8204129687972469e-07 0.00032274762618140232 -0.0024111025007346721 -0.0098774901993945487 0.00020678408693034032 -0.0094122798413863069 7.681718365242929e-05 0.0011264613239995111 -0.0010304025380596369 -4.6641562127308566e-06 -7.2830396947085694e-05 -0.0007144338693376817 0.00048911918571289286 0.00028366634467587944
leaf_weight=859201 6054 51 30 674 31 1024 1348 768 32884 20101 2706 1717 80
leaf_count=859201 6054 51 30 674 31 1024 1348 768 32884 20101 2706 1717 80
internal_value=-5.62493e-14 -2.77628e-06 -0.00246334 5.73572e-05 -0.000640704 8.22481e-05 0.000673327 -0.000452134 4.62412e-05 -2.328e-06 -0.000148955 1.55637e-06 -0.000765442
internal_weight=926669 883886 161 42783 1473 41310 2372 1442 38938 883725 22807 860918 131
internal_count=926669 883886 161 42783 1473 41310 2372 1442 38938 883725 22807 860918 131
is_linear=0
shrinkage=0.0177717


Tree=263
num_leaves=13
num_cat=0
split_feature=0 5 60 30 67 29 68 30 65 2 31 69
split_gain=0.465483 2.73343 1.49435 2.77159 1.12572 1.05713 2.75357 5.88266 3.57182 1.14129 4.83673 0.967058
threshold=1.0000000180025095e-35 3.65057384967804 1.0000000180025095e-35 1.4982559680938723 -0.11068179830908774 0.53959050774574291 -0.041332654654979699 2.9649665355682377 0.024731080979108814 11.500000000000002 8.5000000000000018 0.95916664600372326
decision_type=2 2 2 2 2 2 2 2 2 2 2 2
left_child=1 2 4 -4 -1 6 7 -2 -8 10 -7 -11
right_child=5 -3 3 -5 -6 9 8 -9 -10 11 -12 -13
leaf_value=-4.9656324379781102e-07 0.0003288535373442921 -0.0043050546920845624 -0.0010341062047937869 0.0066051191977091594 -8.8640144937666718e-05 -0.00011435970243363113 5.3582402661531522e-05 0.0076284297238335824 -0.00070232524788741281 0.00010127743579914165 0.0020598906128185919 5.4523870395503133e-07
leaf_weight=212623 9311 47 30 30 58313 36856 64139 35 2037 31985 326 510937
leaf_count=212623 9311 47 30 30 58313 36856 64139 35 2037 31985 326 510937
internal_value=-6.90177e-13 -1.95897e-05 -1.88465e-05 0.00278551 -1.94675e-05 8.09861e-06 7.06421e-05 0.00035619 3.03144e-05 -4.37429e-08 -9.52966e-05 6.47964e-06
internal_weight=926669 271043 270996 60 270936 655626 75522 9346 66176 580104 37182 542922
internal_count=926669 271043 270996 60 270936 655626 75522 9346 66176 580104 37182 542922
is_linear=0
shrinkage=0.0177717


Tree=264
num_leaves=14
num_cat=0
split_feature=43 15 10 9 27 10 36 72 30 4 2 60 66
split_gain=0.462142 1.15828 4.91232 1.66451 1.26415 0.655506 0.556203 1.27586 5.10924 2.2454 1.22943 2.239 1.85417
threshold=1.0000000180025095e-35 3.7842893600463872 3.400815606117249 3.8412939310073857 0.86584800481796276 2.5227222442626958 1.0000000180025095e-35 29.047111511230472 2.4385420083999638 29.022727966308597 73.500000000000014 1.0000000180025095e-35 -0.021364993415772911
decision_type=2 2 2 2 2 2 2 2 2 2 2 2 2
left_child=6 2 4 -3 -2 -5 7 9 -9 -1 12 -12 -8
right_child=1 3 -4 5 -6 -7 10 8 -10 -11 11 -13 -14
leaf_value=-4.1995113991029769e-06 -0.00010368970783705965 0.0041774019368059079 -0.0069501252457045892 -0.00028999926864277321 -0.00080340277400685084 0.0004355245423430817 0.00041580917370187803 0.0054651823268249376 0.00026305025392542682 -0.00050256798729939414 -2.0064829509628405e-06 -0.0037266753073093841 6.7001370669440608e-05
leaf_weight=765047 7367 34 34 572 917 1259 5399 61 2652 2866 96046 51 44364
leaf_count=765047 7367 34 34 572 917 1259 5399 61 2652 2866 96046 51 44364
internal_value=1.99268e-13 -0.000119064 -0.000208813 0.000281221 -0.000181145 0.000208873 1.32291e-06 -4.70033e-06 0.000380017 -6.05952e-06 3.31457e-05 -3.98322e-06 0.000104845
internal_weight=926669 10183 8318 1865 8284 1831 916486 770626 2713 767913 145860 96097 49763
internal_count=926669 10183 8318 1865 8284 1831 916486 770626 2713 767913 145860 96097 49763
is_linear=0
shrinkage=0.0177717


Tree=265
num_leaves=15
num_cat=0
split_feature=10 71 21 35 19 71 27 71 24 30 10 24 15 27
split_gain=0.461354 2.09068 12.4292 18.7926 4.04782 1.52307 6.91982 1.78142 1.08641 5.13155 1.82726 0.825841 1.77178 1.43127
threshold=3.5127768516540532 2.1202999353408818 8.5663428306579608 0.23932000249624255 1.7505750656127932 1.7435417771339419 0.20332750678062442 1.6843191385269167 12.448583602905275 1.9845214486122134 2.3353749513626103 9.2437348365783709 4.2768590450286874 0.86584800481796276
decision_type=2 2 2 2 2 2 2 2 2 2 2 2 2 2
left_child=8 5 3 -3 -4 7 -7 -2 11 -10 -11 12 -1 -13
right_child=1 2 4 -5 -6 6 -8 -9 9 10 -12 13 -14 -15
leaf_value=-4.8952702190782155e-07 -5.8051569806735048e-06 -0.017799122477972058 -0.0013348850461427134 -0.0014310001964760797 -4.2331949303887111e-05 0.008770773081113608 0.00043054108897473166 -0.0020247960330186149 0.0077444767360132904 0.0046692302723637088 0.00024102862579664664 -2.1109153327163331e-05 0.00013121921325970145 -0.00029822821024458947
leaf_weight=832823 19675 32 924 72 4453 33 656 139 30 30 1552 24992 33558 7700
leaf_count=832823 19675 32 924 72 4453 33 656 139 30 30 1552 24992 33558 7700
internal_value=9.94732e-13 -7.38275e-05 -0.000382146 -0.00646735 -0.000264448 8.59422e-06 0.000830001 -1.99689e-05 2.12986e-06 0.000463082 0.000325002 1.3034e-06 4.61202e-06 -8.63795e-05
internal_weight=926669 25984 5481 104 5377 20503 689 19814 900685 1612 1582 899073 866381 32692
internal_count=926669 25984 5481 104 5377 20503 689 19814 900685 1612 1582 899073 866381 32692
is_linear=0
shrinkage=0.0177717


Tree=266
num_leaves=14
num_cat=0
split_feature=27 35 36 60 5 63 5 60 65 38 1 6 71
split_gain=0.458169 2.40554 16.7132 2.31938 32.8197 2.22979 1.67709 0.927484 9.94152 1.10617 0.901673 22.219 0.695244
threshold=0.53093749284744274 0.044763000681996352 1.0000000180025095e-35 1.0000000180025095e-35 2.9174053668975835 1.0000000180025095e-35 1.7005987167358401 1.0000000180025095e-35 0.079103916883468642 1.0000000180025095e-35 1.0000000180025095e-35 1.9934304952621462 2.7994248867034917
decision_type=2 2 2 2 2 2 2 2 2 2 2 2 2
left_child=7 2 6 5 -5 -3 -2 10 9 -9 11 -1 -12
right_child=1 3 -4 4 -6 -7 -8 8 -10 -11 12 -13 -14
leaf_value=-0.00014145709401230589 0.00042786463268275088 0.0003432000323430758 0.013281475494933517 0.0017303583605893275 -0.01770848480632992 9.7401603966006102e-06 -0.0042567956143981234 0.00027976825415283204 0.010654227422721584 -0.0032499707093598027 -4.9494236903019119e-06 -0.013290034470093848 -0.00011978480377768092
leaf_weight=4067 109 6450 34 142 34 350333 31 160 30 34 548031 41 17173
leaf_count=4067 109 6450 34 142 34 350333 31 160 30 34 548031 41 17173
internal_value=2.66848e-13 1.57807e-05 0.00210487 1.47624e-05 -0.00202487 1.57685e-05 -0.000609453 -9.89544e-06 0.00113344 -0.000338846 -1.03453e-05 -0.000272687 -8.43855e-06
internal_weight=926669 357133 174 356959 176 356783 140 569536 224 194 569312 4108 565204
internal_count=926669 357133 174 356959 176 356783 140 569536 224 194 569312 4108 565204
is_linear=0
shrinkage=0.0177717


Tree=267
num_leaves=8
num_cat=0
split_feature=8 12 69 48 9 69 72
split_gain=0.458172 0.536897 3.5833 3.01288 0.88668 3.05091 0.767928
threshold=31.500000000000004 24.828571319580082 1.6820991039276125 1.0000000180025095e-35 6.107393980026246 7.4664251804351816 30.102498054504398
decision_type=2 2 2 2 2 2 2
left_child=1 4 3 -3 6 -6 -1
right_child=-2 2 -4 -5 5 -7 -8
leaf_value=-8.1061977655616276e-07 -0.0020048622562154721 9.9742328306096591e-05 0.0063993358221704861 0.0054426654865682355 -0.00028527233219153333 -0.0057344863356939973 0.00023835026559687372
leaf_weight=918626 36 1701 30 34 1949 33 4260
leaf_count=918626 36 1701 30 34 1949 33 4260
internal_value=-7.93705e-13 7.78888e-08 0.000309741 0.000204445 -5.13066e-07 -0.000376001 2.93336e-07
internal_weight=926669 926633 1765 1735 924868 1982 922886
internal_count=926669 926633 1765 1735 924868 1982 922886
is_linear=0
shrinkage=0.0177717


Tree=268
num_leaves=15
num_cat=0
split_feature=28 60 5 19 71 2 30 21 11 1 69 28 25 67
split_gain=0.454618 4.12193 57.0243 8.39727 2.80788 16.9247 38.5482 5.67593 2.12556 20.397 2.81328 1.88282 2.6826 2.04257
threshold=9.5597567558288592 1.0000000180025095e-35 2.9174053668975835 2.6163792610168461 2.5984133481979375 1.0000000180025095e-35 2.3128105401992802 7.5761907100677499 3.3842465877532963 1.0000000180025095e-35 0.81666666269302379 10.384477615356447 2.4414010047912602 0.15964826941490176
decision_type=2 2 2 2 2 2 2 2 2 2 2 2 2 2
left_child=4 11 3 -3 8 6 -6 -7 10 -10 -1 12 -2 -13
right_child=1 2 -4 -5 5 7 -8 -9 9 -11 -12 13 -14 -15
leaf_value=0.00024917026941464359 -1.4512306614555973e-05 -0.00071838805065392044 -0.024803671573968674 0.0094032454452675582 0.00099087995901046963 0.0065778929169733628 -0.022499218609283458 -0.00046568452983877979 -0.010105456791409034 -0.00019445064011536323 -6.8022589232143081e-06 1.2632175426486059e-06 0.00027475989908135398 -0.0030350611516011526
leaf_weight=13842 19796 77 30 39 57 37 36 1543 66 10376 667579 192395 20726 70
leaf_count=13842 19796 77 30 39 57 37 36 1543 66 10376 667579 192395 20726 70
internal_value=-1.98611e-13 2.14696e-05 -0.00296369 0.00268457 -7.21703e-06 -0.000734406 -0.00810206 -0.00030074 -5.45861e-06 -0.000257094 -1.60258e-06 2.33402e-05 0.000133443 1.58899e-07
internal_weight=926669 233133 146 116 693536 1673 93 1580 691863 10442 681421 232987 40522 192465
internal_count=926669 233133 146 116 693536 1673 93 1580 691863 10442 681421 232987 40522 192465
is_linear=0
shrinkage=0.0177717


Tree=269
num_leaves=13
num_cat=0
split_feature=23 9 5 67 71 4 5 8 8 35 71 65
split_gain=0.45466 4.242 0.586094 1.56339 1.57739 0.650835 1.55846 1.00907 0.431782 0.164876 0.55101 0.156476
threshold=6.1495356559753427 3.2951241731643681 5.8721139430999765 -0.067103773355483995 4.8491616249084482 82.333332061767592 4.5485858917236337 23.590741157531742 10.781745910644533 0.51805400848388683 5.3661370277404794 0.14885086566209796
decision_type=2 2 2 2 2 2 2 2 2 2 2 2
left_child=2 -2 5 8 -5 7 -7 -1 -4 11 -11 -3
right_child=1 9 3 4 -6 6 -8 -9 -10 10 -12 -13
leaf_value=-1.5065524495912593e-07 -0.0067374434595143268 -0.00014059597083794772 -0.000187277019414839 0.00068421617377825987 0.0034208541193046873 0.00036582228755459171 0.0046540896572467511 -0.0029350808657254953 0.0019964259396124781 0.00029015887583963118 -0.0024317423661865192 0.0011633474493036233
leaf_weight=924326 32 934 612 255 90 196 31 37 30 55 41 30
leaf_count=924326 32 934 612 255 90 196 31 37 30 55 41 30
internal_value=-5.06893e-13 -0.000362415 4.27578e-07 0.000433264 0.00139812 -3.44743e-08 0.000951445 -2.68133e-07 -8.52348e-05 -0.000169961 -0.00087232 -0.000100017
internal_weight=926669 1092 925577 987 345 924590 227 924363 642 1060 96 964
internal_count=926669 1092 925577 987 345 924590 227 924363 642 1060 96 964
is_linear=0
shrinkage=0.0177717


Tree=270
num_leaves=14
num_cat=0
split_feature=24 71 6 28 19 29 61 9 19 60 65 29 4
split_gain=0.449099 8.53089 6.72885 5.99549 16.4944 5.49589 1.94002 9.29291 5.86785 1.54798 1.46685 4.18706 1.56675
threshold=3.552963495254517 3.3190220594406132 2.2911455631256108 9.8624515533447283 2.0709519386291508 1.0000000180025095e-35 1.0000000180025095e-35 2.376196146011353 5.2135236263275155 1.0000000180025095e-35 0.075336553156375899 0.65051501989364635 1.3466665148735049
decision_type=2 2 2 2 2 2 2 2 2 2 2 2 2
left_child=1 2 9 4 -3 -5 7 -2 -9 -1 12 -12 -8
right_child=6 3 -4 5 -6 -7 10 8 -10 -11 11 -13 -14
leaf_value=-4.480956325599683e-06 -0.0082006156274974772 -0.00032245011114165768 -0.0077965157783104156 -0.0060653733502326968 -0.012523694955343254 -0.0006927976166021375 0.0022550013514044871 -0.00023556172773972475 0.0044827653407010851 0.0015400817705314822 0.001219962357713458 9.7817683684217288e-05 1.8887160831431076e-05
leaf_weight=640318 46 103 35 62 53 2000 99 9274 84 205 1218 7623 265549
leaf_count=640318 46 103 35 62 53 2000 99 9274 84 205 1218 7623 265549
internal_value=-2.05301e-13 -8.22217e-06 -4.4124e-06 -0.00110848 -0.00446774 -0.00085434 1.86162e-05 -0.000232377 -0.000193209 -3.98662e-06 2.72153e-05 0.000252412 1.97205e-05
internal_weight=926669 642776 640558 2218 156 2062 283893 9404 9358 640523 274489 8841 265648
internal_count=926669 642776 640558 2218 156 2062 283893 9404 9358 640523 274489 8841 265648
is_linear=0
shrinkage=0.0177717


Tree=271
num_leaves=8
num_cat=0
split_feature=8 12 69 48 4 8 72
split_gain=0.44822 0.510734 3.45335 2.90673 0.873968 2.77007 0.940835
threshold=31.500000000000004 24.828571319580082 1.6820991039276125 1.0000000180025095e-35 41.021738052368171 3.2247475385665898 30.102498054504398
decision_type=2 2 2 2 2 2 2
left_child=1 4 3 -3 6 -6 -1
right_child=-2 2 -4 -5 5 -7 -8
leaf_value=-9.6646855278975196e-07 -0.0019829696323588148 9.5890428254173285e-05 0.0062802598703898998 0.00534384843712803 -0.0046909266851524198 -0.00027538012599710629 0.00025861931845798727
leaf_weight=918560 36 1701 30 34 46 1831 4431
leaf_count=918560 36 1701 30 34 46 1831 4431
internal_value=6.07216e-13 7.70396e-08 0.000302101 0.000198732 -4.99337e-07 -0.000383593 2.79724e-07
internal_weight=926669 926633 1765 1735 924868 1877 922991
internal_count=926669 926633 1765 1735 924868 1877 922991
is_linear=0
shrinkage=0.0177717


Tree=272
num_leaves=10
num_cat=0
split_feature=27 60 8 71 34 8 15 71 19
split_gain=0.449793 9.58199 3.20878 3.42186 3.05958 0.927728 0.815822 2.64962 1.74154
threshold=0.98492148518562328 1.0000000180025095e-35 1.6733334660530093 3.8629494905471806 0.41106401383876806 26.500000000000004 5.9853553771972665 3.4126865863800053 4.8638560771942148
decision_type=2 2 2 2 2 2 2 2 2
left_child=5 2 3 -2 -4 6 8 -8 -1
right_child=1 -3 4 -5 -6 -7 7 -9 -10
leaf_value=1.7187323985411536e-06 -0.00027521087585109105 -0.0089860429955393017 -0.00017106617300125551 -0.0016328557970490649 0.0002294231721024104 0.0026126023504411044 -1.5352562733564477e-05 -0.0023250872510962865 0.00063932967104171504
leaf_weight=894232 5318 38 11705 659 12415 43 702 202 1355
leaf_count=894232 5318 38 11705 659 12415 43 702 202 1355
internal_value=8.26532e-14 -6.75339e-05 -5.62735e-05 -0.000424899 3.50729e-05 2.27e-06 2.1448e-06 -0.000531466 2.68342e-06
internal_weight=926669 30135 30097 5977 24120 896534 896491 904 895587
internal_count=926669 30135 30097 5977 24120 896534 896491 904 895587
is_linear=0
shrinkage=0.0177717


Tree=273
num_leaves=14
num_cat=0
split_feature=12 1 22 8 27 32 34 21 28 69 8 60 17
split_gain=0.451515 3.06849 14.5138 26.9501 4.90212 2.59952 4.50567 2.2363 5.07037 2.70868 0.721413 2.57812 1.41322
threshold=11.79655170440674 1.5000000000000002 5.343393325805665 4.9309520721435556 0.4903590083122254 0.99845400452613842 0.37182100117206579 9.724062919616701 10.152353763580324 36.750000000000007 3.5751880407333378 1.0000000180025095e-35 0.81162449717521679
decision_type=2 2 2 2 2 2 2 2 2 2 2 2 2
left_child=5 2 3 -2 -4 10 -7 8 -3 -9 12 -12 -1
right_child=1 7 4 -5 -6 6 -8 9 -10 -11 11 -13 -14
leaf_value=-2.666071414359887e-07 -0.02038185069334645 0.00037323225169182166 -0.0070606833061343912 -0.00063636419158402202 0.00021016237605510455 -0.00094706696144406292 0.0061528573386901153 -8.6558011373199969e-05 0.0055156846337074674 0.0034412053896407421 6.6276864360774592e-05 0.0051123879326804202 -0.00027115978974299565
leaf_weight=854516 34 381 31 61 530 55 58 18355 72 69 46349 32 6126
leaf_count=854516 34 381 31 61 530 55 58 18355 72 69 46349 32 6126
internal_value=3.18389e-13 -8.45387e-05 -0.00127942 -0.00770317 -0.000191613 1.82034e-06 0.00269714 -4.30152e-05 0.00119058 -7.33461e-05 1.48455e-06 6.97584e-05 -2.19481e-06
internal_weight=926669 19533 656 95 561 907136 113 18877 453 18424 907023 46381 860642
internal_count=926669 19533 656 95 561 907136 113 18877 453 18424 907023 46381 860642
is_linear=0
shrinkage=0.0177717


Tree=274
num_leaves=14
num_cat=0
split_feature=43 25 12 71 6 8 25 66 4 19 4 8 2
split_gain=0.446787 1.12141 2.18129 1.36846 17.7538 1.05646 0.741874 0.531222 2.18051 9.77187 3.51937 0.902372 0.655351
threshold=1.0000000180025095e-35 4.1190040111541757 2.7182540893554692 3.6941432952880864 1.0965619683265688 1.7171429991722109 4.0689902305603036 -0.021364993415772911 57.589284896850593 4.5309810638427743 46.678161621093757 26.500000000000004 3.5000000000000004
decision_type=2 2 2 2 2 2 2 2 2 2 2 2 2
left_child=7 3 -3 6 -5 -4 -2 8 10 -10 -1 12 -9
right_child=1 2 5 4 -6 -7 -8 11 9 -11 -12 -13 -14
leaf_value=4.335854022301991e-05 -0.00014515694581501145 0.0041258514448582057 0.0024184082544065144 -0.01265441512496503 0.00062395994150908358 0.00010456260319784583 -0.0019695807840986344 0.00012406758328434289 -0.0088583588808562007 0.001249312417519079 0.0027590369301060251 0.0022137130852499408 -5.0235190425477945e-06
leaf_weight=81000 8255 46 65 38 195 1513 71 12611 46 88 151 58 822532
leaf_count=81000 8255 46 65 38 195 1513 71 12611 46 88 151 58 822532
internal_value=3.42605e-13 -0.000117069 0.000311077 -0.000198307 -0.00154161 0.000199873 -0.000160715 1.30075e-06 4.46714e-05 -0.00222049 4.84117e-05 -2.92025e-06 -3.07419e-06
internal_weight=926669 10183 1624 8559 233 1578 8326 916486 81285 134 81151 835201 835143
internal_count=926669 10183 1624 8559 233 1578 8326 916486 81285 134 81151 835201 835143
is_linear=0
shrinkage=0.0177717


Tree=275
num_leaves=8
num_cat=0
split_feature=8 12 69 48 9 22 32
split_gain=0.456873 0.495211 3.31292 2.80496 0.866108 2.99801 0.718329
threshold=31.500000000000004 24.828571319580082 1.6820991039276125 1.0000000180025095e-35 6.107393980026246 7.9963200092315683 0.99588799476623546
decision_type=2 2 2 2 2 2 2
left_child=1 4 3 -3 6 -6 -1
right_child=-2 2 -4 -5 5 -7 -8
leaf_value=-7.4858888911174858e-07 -0.0020020198748550836 9.5206031604976838e-05 0.0061528163047068051 0.0052504752993482234 -0.0045414694298706914 -0.00025702733526640042 0.00023314298768952076
leaf_weight=918720 36 1701 30 34 53 1929 4166
leaf_count=918720 36 1701 30 34 53 1929 4166
internal_value=-1.22393e-13 7.7779e-08 0.000297477 0.000196231 -4.89771e-07 -0.000371596 3.07221e-07
internal_weight=926669 926633 1765 1735 924868 1982 922886
internal_count=926669 926633 1765 1735 924868 1982 922886
is_linear=0
shrinkage=0.0177717


Tree=276
num_leaves=15
num_cat=0
split_feature=28 34 66 17 69 71 28 71 10 11 28 25 60 71
split_gain=0.447046 2.64522 5.73525 4.8884 1.57826 8.37926 1.09342 2.60213 6.95575 2.32338 1.96427 3.54621 1.55865 0.987652
threshold=12.016354084014894 0.58658647537231456 0.059039535000920303 1.469759523868561 36.750000000000007 2.9080713987350468 10.043381214141847 3.3190220594406132 1.5927504301071169 3.3842465877532963 10.384477615356447 2.4414010047912602 1.0000000180025095e-35 5.6912615299224862
decision_type=2 2 2 2 2 2 2 2 2 2 2 2 2 2
left_child=6 4 3 -3 13 -6 7 9 -9 -1 11 -8 -12 -2
right_child=1 2 -4 -5 5 -7 10 8 -10 -11 12 -13 -14 -15
leaf_value=8.7405188740484555e-08 -2.1759104963970427e-05 -0.0004070956709626921 -0.0070324956334528082 -0.0076221786620123237 0.001884015941992502 -0.0099526645214805445 -4.4438207652580735e-05 -0.0088782717333861557 -0.00042108901107408141 -0.00025288065348383755 1.8216640135519604e-05 0.00040123543694198547 0.0023708201866882938 0.0013431271703984082
leaf_weight=696317 50664 2603 43 30 51 30 10369 31 3343 11659 138911 12361 89 168
leaf_count=696317 50664 2603 43 30 51 30 10369 31 3343 11659 138911 12361 89 168
internal_value=-4.40319e-13 -4.98234e-05 -0.000594444 -0.000489303 -2.1198e-05 -0.00249994 3.05812e-06 -6.42497e-06 -0.000498793 -4.07849e-06 4.47684e-05 0.000197927 1.9723e-05 -1.72481e-05
internal_weight=926669 53589 2676 2633 50913 81 873080 711350 3374 707976 161730 22730 139000 50832
internal_count=926669 53589 2676 2633 50913 81 873080 711350 3374 707976 161730 22730 139000 50832
is_linear=0
shrinkage=0.0177717


Tree=277
num_leaves=15
num_cat=0
split_feature=10 2 28 11 65 29 5 66 24 30 70 24 15 27
split_gain=0.444791 2.07745 3.25307 6.65163 2.65204 2.25307 13.3754 2.48686 1.03559 4.94777 1.80916 0.82164 1.68875 1.39996
threshold=3.5127768516540532 36.500000000000007 11.25820302963257 3.0677825212478642 0.073071170598268523 1.0000000180025095e-35 2.9700856208801274 -0.13119563832879064 12.448583602905275 2.006460547447205 0.19706775248050692 9.2437348365783709 4.2768590450286874 0.86584800481796276
decision_type=2 2 2 2 2 2 2 2 2 2 2 2 2 2
left_child=8 2 4 -4 -2 6 -3 -7 11 -10 -11 12 -1 -13
right_child=1 5 3 -5 -6 7 -8 -9 9 10 -12 13 -14 -15
leaf_value=-3.9601394527821901e-07 -4.5383707933371181e-05 0.00036103366831153797 -0.0025120406077492902 0.00032873821649371355 -0.0010916475780489519 -0.0014005024315201771 0.012019371665211982 3.8547137182822355e-05 0.0072627516267167068 0.00021791057417410616 0.0042480988891980074 -2.1622826068347529e-05 0.00012818980168695211 -0.00029569352653818916
leaf_weight=832823 6404 362 576 475 869 388 34 16876 33 1543 36 24992 33558 7700
leaf_count=832823 6404 362 576 475 869 388 34 16876 33 1543 36 24992 33558 7700
internal_value=2.08446e-14 -7.24902e-05 -0.000303948 -0.00122815 -0.000170394 3.6607e-05 0.001362 6.2052e-06 2.09128e-06 0.000452133 0.000309796 1.28437e-06 4.58457e-06 -8.61751e-05
internal_weight=926669 25984 8324 1051 7273 17660 396 17264 900685 1612 1579 899073 866381 32692
internal_count=926669 25984 8324 1051 7273 17660 396 17264 900685 1612 1579 899073 866381 32692
is_linear=0
shrinkage=0.0177717


Tree=278
num_leaves=15
num_cat=0
split_feature=35 27 10 10 5 2 12 63 29 35 22 21 71 17
split_gain=0.445342 4.63941 9.45742 16.3952 3.38049 1.80649 6.35216 1.60446 22.3236 7.8284 1.14052 7.10972 3.78169 0.899937
threshold=0.1803029999136925 0.93181201815605175 3.3364613056182866 3.6636177301406865 3.4811217784881596 10.500000000000002 12.839743614196779 1.0000000180025095e-35 1.3323209881782534 0.36492000520229345 2.3636615276336674 6.9087588787078866 3.2202074527740483 0.81162449717521679
decision_type=2 2 2 2 2 2 2 2 2 2 2 2 2 2
left_child=1 5 4 -4 -3 6 -1 8 9 -2 12 -12 -9 -7
right_child=7 2 3 -5 -6 13 -8 10 -10 -11 11 -13 -14 -15
leaf_value=-0.00028541038104543072 0.0008733294124072113 -0.001251349095067961 -0.017572757884096367 -0.00061807517801444937 0.0050995893706544688 -1.1462807969377614e-05 -0.0056812063862271625 -1.151194880646578e-05 -0.013505084215392564 -0.00027362968551838647 -0.0066006180732087159 3.5509026399060829e-05 -0.0010508491777548219 0.00080311359885409223
leaf_weight=4418 3989 225 31 43 30 287167 70 370372 37 3554 51 255144 1109 429
leaf_count=4418 3989 225 31 43 30 287167 70 370372 37 3554 51 255144 1109 429
internal_value=7.88933e-13 -1.81446e-05 -0.00212735 -0.00772071 -0.00050418 -1.57689e-05 -0.000369569 8.36528e-06 0.000265375 0.000332922 5.25661e-06 3.41828e-05 -1.46147e-05 -1.02477e-05
internal_weight=926669 292413 329 74 255 292084 4488 634256 7580 7543 626676 255195 371481 287596
internal_count=926669 292413 329 74 255 292084 4488 634256 7580 7543 626676 255195 371481 287596
is_linear=0
shrinkage=0.0177717


Tree=279
num_leaves=14
num_cat=0
split_feature=12 1 22 8 27 32 34 21 21 69 8 60 17
split_gain=0.443749 2.90967 13.9997 26.0114 4.67849 2.50806 4.35401 2.1622 4.97245 2.61904 0.691703 2.4685 1.37643
threshold=11.79655170440674 1.5000000000000002 5.343393325805665 4.9309520721435556 0.4903590083122254 0.99845400452613842 0.37182100117206579 9.724062919616701 9.6953320503234881 36.750000000000007 3.5751880407333378 1.0000000180025095e-35 0.81162449717521679
decision_type=2 2 2 2 2 2 2 2 2 2 2 2 2
left_child=5 2 3 -2 -4 10 -7 8 -3 -9 12 -12 -1
right_child=1 7 4 -5 -6 6 -8 9 -10 -11 11 -13 -14
leaf_value=-2.250769279259325e-07 -0.020012214454934479 0.00057439805908416296 -0.0068895485420764216 -0.00061365212699705243 0.00021351340533670512 -0.00093306601506924075 0.0060463436298142728 -8.6189607762798961e-05 0.0069941602682170832 0.0033827077790519835 6.4921279530267569e-05 0.0050025870256149513 -0.00026756833510351735
leaf_weight=854516 34 411 31 61 530 55 58 18355 42 69 46349 32 6126
leaf_count=854516 34 411 31 61 530 55 58 18355 42 69 46349 32 6126
internal_value=-4.19703e-14 -8.38086e-05 -0.00124735 -0.0075563 -0.000178991 1.80462e-06 0.00264929 -4.3374e-05 0.00116961 -7.31982e-05 1.47478e-06 6.8328e-05 -2.12801e-06
internal_weight=926669 19533 656 95 561 907136 113 18877 453 18424 907023 46381 860642
internal_count=926669 19533 656 95 561 907136 113 18877 453 18424 907023 46381 860642
is_linear=0
shrinkage=0.0177717


Tree=280
num_leaves=13
num_cat=0
split_feature=29 27 68 69 8 12 31 1 8 12 61 19
split_gain=0.444652 1.91987 3.93621 5.77017 2.65559 2.00161 3.50655 1.97781 1.03992 1.02477 3.02308 2.05334
threshold=0.53959050774574291 0.81142550706863414 -0.041332654654979699 2.7801098823547368 18.527777671813968 24.828571319580082 9.5000000000000018 5.5000000000000009 26.500000000000004 9.8619050979614276 1.0000000180025095e-35 4.2340295314788827
decision_type=2 2 2 2 2 2 2 2 2 2 2 2
left_child=1 5 3 -3 -4 7 -7 -1 9 11 -11 -2
right_child=8 2 4 -5 -6 6 -8 -9 -10 10 -12 -13
leaf_value=-0.00036845976796813523 -5.0995922627815365e-06 0.00054614437556845918 5.4576997317826204e-05 -0.0034816813215507751 -0.0049889543195210922 0.0063223457383136785 -0.00056758048417891488 2.2097359358862724e-06 0.002415434828281281 -0.0011337704530773455 -7.9297031871815757e-05 0.00033161233579128883
leaf_weight=4701 703465 7682 39570 114 33 43 51 138278 56 888 26021 5767
leaf_count=4701 703465 7682 39570 114 33 43 51 138278 56 888 26021 5767
internal_value=2.84294e-13 2.42024e-05 0.000122229 0.000487246 5.03744e-05 -8.2731e-06 0.00258419 -9.97749e-06 -6.26176e-06 -6.44598e-06 -0.000114095 -2.36168e-06
internal_weight=926669 190472 47399 7796 39603 143073 94 142979 736197 736141 26909 709232
internal_count=926669 190472 47399 7796 39603 143073 94 142979 736197 736141 26909 709232
is_linear=0
shrinkage=0.0177717


Tree=281
num_leaves=9
num_cat=0
split_feature=8 71 30 5 48 12 1 32
split_gain=0.451757 0.485188 2.74355 19.0582 4.60288 0.799083 4.40118 2.14462
threshold=31.500000000000004 4.7292296886444101 2.1254785060882573 1.8688347935676577 1.0000000180025095e-35 10.255434989929201 1.5000000000000002 0.99873849749565136
decision_type=2 2 2 2 2 2 2 2
left_child=1 5 3 -3 -4 7 -7 -1
right_child=-2 2 4 -5 -6 6 -8 -9
leaf_value=9.8957274507810061e-07 -0.0019907788262758792 -0.00048479142713440937 9.9859800789662195e-05 0.0079252628919393477 -0.0027324560626321211 -0.0018344029091741541 -7.0382739596647331e-05 0.0036817072318716727
leaf_weight=891543 36 376 11995 110 184 456 21919 50
leaf_count=891543 36 376 11995 110 184 456 21919 50
internal_value=7.75216e-13 7.73432e-08 0.00010932 0.00141872 5.70692e-05 -1.43646e-06 -0.000106333 1.19599e-06
internal_weight=926669 926633 12665 486 12179 913968 22375 891593
internal_count=926669 926633 12665 486 12179 913968 22375 891593
is_linear=0
shrinkage=0.0177717


Tree=282
num_leaves=10
num_cat=0
split_feature=27 60 8 71 34 8 15 71 19
split_gain=0.442783 9.30535 3.10295 3.29536 2.95467 0.862128 0.771822 2.55979 1.67293
threshold=0.98492148518562328 1.0000000180025095e-35 1.6733334660530093 3.8629494905471806 0.41106401383876806 26.500000000000004 5.9853553771972665 3.4126865863800053 4.8638560771942148
decision_type=2 2 2 2 2 2 2 2 2
left_child=5 2 3 -2 -4 6 8 -8 -1
right_child=1 -3 4 -5 -6 -7 7 -9 -10
leaf_value=1.7099477165692549e-06 -0.0002715091172566057 -0.0088558271357382385 -0.0001686555686320602 -0.0016038231139233201 0.00022490749967468181 0.0025186047490110349 -9.6016152011554704e-06 -0.0022798435182760468 0.00062663582192905201
leaf_weight=894232 5318 38 11705 659 12415 43 702 202 1355
leaf_count=894232 5318 38 11705 659 12415 43 702 202 1355
internal_value=-4.16912e-13 -6.70056e-05 -5.5909e-05 -0.000418405 3.39185e-05 2.25224e-06 2.13155e-06 -0.00051689 2.65544e-06
internal_weight=926669 30135 30097 5977 24120 896534 896491 904 895587
internal_count=926669 30135 30097 5977 24120 896534 896491 904 895587
is_linear=0
shrinkage=0.0177717


Tree=283
num_leaves=8
num_cat=0
split_feature=8 12 69 48 4 75 72
split_gain=0.445829 0.481098 3.1814 2.73702 0.824571 2.75433 0.89624
threshold=31.500000000000004 24.828571319580082 1.6820991039276125 1.0000000180025095e-35 41.021738052368171 1.5000000000000002 30.102498054504398
decision_type=2 2 2 2 2 2 2
left_child=1 4 3 -3 6 -6 -1
right_child=-2 2 -4 -5 5 -7 -8
leaf_value=-9.4214624600210783e-07 -0.0019776738300049924 9.4197288137375931e-05 0.0060311451243066361 0.0051866548232682328 0.0047163747841994308 -0.00046366371735874804 0.00025241694945577473
leaf_weight=918560 36 1701 30 34 33 1844 4431
leaf_count=918560 36 1701 30 34 33 1844 4431
internal_value=7.26707e-14 7.68334e-08 0.000293207 0.000193992 -4.8257e-07 -0.000372592 2.74154e-07
internal_weight=926669 926633 1765 1735 924868 1877 922991
internal_count=926669 926633 1765 1735 924868 1877 922991
is_linear=0
shrinkage=0.0177717


Tree=284
num_leaves=14
num_cat=0
split_feature=22 69 15 9 69 9 70 9 16 9 27 19 18
split_gain=0.442715 4.56064 5.11044 2.05563 3.32238 2.15691 13.3908 2.0217 4.29907 2.00393 1.75312 1.25911 1.10704
threshold=9.1338129043579119 16.545454978942875 4.1273863315582284 6.3126413822174081 0.99648505449295055 6.107393980026246 0.15156984329223636 3.2455348968505864 1.7888610363006594 5.5685036182403573 0.86584800481796276 4.4661052227020273 1.0602869987487795
decision_type=2 2 2 2 2 2 2 2 2 2 2 2 2
left_child=3 7 -3 5 12 11 -7 8 -2 -4 -9 -1 -5
right_child=1 2 9 4 -6 6 -8 10 -10 -11 -12 -13 -14
leaf_value=3.9195488941042122e-06 -0.00031228739445064973 -0.0094595610229563001 -0.00033050200832052508 -0.00040039511320627167 0.0072848766936999864 0.00043876320229664032 -0.012163096976512047 1.7568691557389213e-05 0.0081066632592922822 -0.0044723503301289649 -0.00022428338678356628 -0.00047042184190017262 0.0035555324566860572
leaf_weight=875071 53 30 127 80 31 138 33 36433 30 52 12789 1771 31
leaf_count=875071 53 30 127 80 31 138 33 36433 30 52 12789 1771 31
internal_value=4.89388e-13 -5.17016e-05 -0.0026714 2.91847e-06 0.00214099 2.57229e-06 -0.00199317 -4.05969e-05 0.00273071 -0.00153372 -4.527e-05 2.9615e-06 0.000704413
internal_weight=926669 49514 209 877155 142 877013 171 49305 83 179 49222 876842 111
internal_count=926669 49514 209 877155 142 877013 171 49305 83 179 49222 876842 111
is_linear=0
shrinkage=0.0177717


Tree=285
num_leaves=12
num_cat=0
split_feature=55 60 13 71 27 60 30 25 17 30 27
split_gain=0.441429 2.09104 1.40649 6.36412 1.36923 0.773321 26.1159 9.82698 0.771033 1.92789 0.967291
threshold=1.0000000180025095e-35 1.0000000180025095e-35 2.3550670146942143 4.4028501510620126 0.5349864959716798 1.0000000180025095e-35 2.8509520292282109 3.8815106153488164 1.2428609728813174 2.2392975091934209 0.98492148518562328
decision_type=2 2 2 2 2 2 2 2 2 2 2
left_child=5 2 3 -2 -4 8 7 -7 10 -10 -1
right_child=1 -3 4 -5 -6 6 -8 -9 9 -11 -12
leaf_value=-8.3926427735496278e-07 -1.853849711328364e-05 0.0034465281777592209 4.7448734054173095e-06 -0.0043589457101799872 0.00024897078923935019 -0.00037296296294937205 -0.016686789684398129 0.010168649771981271 -0.0031016839897562245 0.00035191144994353311 -0.00011527752164091251
leaf_weight=832976 37242 57 13717 107 15379 282 30 31 52 2796 24000
leaf_count=832976 37242 57 13717 107 15379 282 30 31 52 2796 24000
internal_value=-4.04448e-13 4.41136e-05 4.11948e-05 -3.09732e-05 0.000133833 -3.41055e-06 -0.000847088 0.000671095 -3.07399e-06 0.000288854 -4.04416e-06
internal_weight=926669 66502 66445 37349 29096 860167 343 313 859824 2848 856976
internal_count=926669 66502 66445 37349 29096 860167 343 313 859824 2848 856976
is_linear=0
shrinkage=0.0177717


Tree=286
num_leaves=13
num_cat=0
split_feature=0 73 60 30 5 29 68 30 65 2 31 69
split_gain=0.436637 2.65638 1.3931 2.66977 1.21073 0.989155 2.57925 5.58133 3.43994 1.06127 4.68728 0.928931
threshold=1.0000000180025095e-35 14.097233295440676 1.0000000180025095e-35 1.4982559680938723 2.4414010047912602 0.53959050774574291 -0.041332654654979699 2.9649665355682377 0.024731080979108814 11.500000000000002 8.5000000000000018 0.95916664600372326
decision_type=2 2 2 2 2 2 2 2 2 2 2 2
left_child=1 2 4 -4 -1 6 7 -2 -8 10 -7 -11
right_child=5 -3 3 -5 -6 9 8 -9 -10 11 -12 -13
leaf_value=-2.0785777015181291e-05 0.00031807750019540408 -0.003924228722219026 -0.0010592900490537813 0.0064383009140681572 0.00068492444275069998 -0.00011065160191509068 5.2147010753875879e-05 0.0074282439553164728 -0.00068967435043236556 9.9168225495561388e-05 0.0020297435479501328 4.4173594483496473e-07
leaf_weight=270158 9311 55 30 30 770 36856 64139 35 2037 31985 326 510937
leaf_count=270158 9311 55 30 30 770 36856 64139 35 2037 31985 326 510937
internal_value=1.30918e-13 -1.89731e-05 -1.81804e-05 0.00268951 -1.87801e-05 7.84367e-06 6.8343e-05 0.000344704 2.93126e-05 -3.2553e-08 -9.18853e-05 6.25798e-06
internal_weight=926669 271043 270988 60 270928 655626 75522 9346 66176 580104 37182 542922
internal_count=926669 271043 270988 60 270928 655626 75522 9346 66176 580104 37182 542922
is_linear=0
shrinkage=0.0177717


Tree=287
num_leaves=14
num_cat=0
split_feature=43 15 10 9 69 10 36 72 30 4 17 35 27
split_gain=0.434599 1.10333 4.70303 1.60214 1.24468 0.627398 0.508491 1.20072 4.98679 2.14893 1.17857 2.49916 1.31596
threshold=1.0000000180025095e-35 3.7842893600463872 3.400815606117249 3.8412939310073857 7.4664251804351816 2.5227222442626958 1.0000000180025095e-35 29.047111511230472 2.4385420083999638 29.022727966308597 1.0000000180025095e-35 0.038242001086473472 0.98318150639534008
decision_type=2 2 2 2 2 2 2 2 2 2 2 2 2
left_child=6 2 4 -3 -2 -5 7 9 -9 -1 12 -12 -8
right_child=1 3 -4 5 -6 -7 10 8 -10 -11 11 -13 -14
leaf_value=-3.97516417393413e-06 -0.00015900789052614568 0.0040976961747042056 -0.0067991995202572259 -0.00028382560803863477 -0.0029714780700385527 0.00042597269257798633 2.4780585425787125e-05 0.005392600542026592 0.00025318359430557326 -0.00049152065495646174 0.0039411921765669065 0.00014768753830730533 -0.00023759607063162806
leaf_weight=765047 8234 34 34 572 50 1259 119400 61 2652 2866 55 20046 6359
leaf_count=765047 8234 34 34 572 50 1259 119400 61 2652 2866 55 20046 6359
internal_value=-2.84991e-13 -0.000115462 -0.000203056 0.000275213 -0.000175983 0.000204233 1.28288e-06 -4.47622e-06 0.00036874 -5.79478e-06 3.17101e-05 0.000158067 1.15135e-05
internal_weight=926669 10183 8318 1865 8284 1831 916486 770626 2713 767913 145860 20101 125759
internal_count=926669 10183 8318 1865 8284 1831 916486 770626 2713 767913 145860 20101 125759
is_linear=0
shrinkage=0.0177717


Tree=288
num_leaves=12
num_cat=0
split_feature=22 69 30 9 69 8 9 10 27 19 18
split_gain=0.437328 4.41706 4.735 1.97114 3.19635 2.09422 1.95581 4.25733 1.72945 1.66229 1.06026
threshold=9.1338129043579119 36.750000000000007 2.6268529891967778 6.3126413822174081 0.99648505449295055 23.590741157531742 3.2455348968505864 2.1122692823410039 0.86584800481796276 4.4661052227020273 1.0602869987487795
decision_type=2 2 2 2 2 2 2 2 2 2 2
left_child=3 6 -3 5 10 9 7 -2 -8 -1 -5
right_child=1 2 -4 4 -6 -7 8 -9 -10 -11 -12
leaf_value=3.8786286982042376e-06 0.0080319203620438633 -0.0076507069991093675 -9.4243814033905115e-05 -0.00039370545538129116 0.0071419584786638858 -0.0041693960740918695 1.4197767616086002e-05 -0.00034606154180653913 -0.00022560499824608217 -0.00052415893202349705 0.0034777341798462374
leaf_weight=875088 30 50 55 80 31 38 36484 53 12842 1887 31
leaf_count=875088 30 50 55 80 31 38 36484 53 12842 1887 31
internal_value=7.15908e-14 -5.13861e-05 -0.00369256 2.90066e-06 0.00209658 2.56167e-06 -4.36482e-05 0.00268212 -4.82348e-05 2.74244e-06 0.000687507
internal_weight=926669 49514 105 877155 142 877013 49409 83 49326 876975 111
internal_count=926669 49514 105 877155 142 877013 49409 83 49326 876975 111
is_linear=0
shrinkage=0.0177717


Tree=289
num_leaves=14
num_cat=0
split_feature=27 35 36 60 5 63 5 60 65 38 1 6 71
split_gain=0.436742 2.3225 16.0273 2.15235 30.1102 2.10494 1.59077 0.885259 9.50926 1.06214 0.847124 21.0706 0.682631
threshold=0.53093749284744274 0.044763000681996352 1.0000000180025095e-35 1.0000000180025095e-35 2.9174053668975835 1.0000000180025095e-35 1.7005987167358401 1.0000000180025095e-35 0.079103916883468642 1.0000000180025095e-35 1.0000000180025095e-35 1.9934304952621462 2.7994248867034917
decision_type=2 2 2 2 2 2 2 2 2 2 2 2 2
left_child=7 2 6 5 -5 -3 -2 10 9 -9 11 -1 -12
right_child=1 3 -4 4 -6 -7 -8 8 -10 -11 12 -13 -14
leaf_value=-0.00013658953356412634 0.00042035181931018205 0.00033350885801228616 0.0130129782244088 0.0016464678147969257 -0.016972689109584362 9.5187623207217974e-06 -0.0041421603239594103 0.0002735997509632971 0.010418849790170489 -0.0031851767248565399 -4.7952794708354853e-06 -0.01294085971723663 -0.00011858421180718975
leaf_weight=4067 109 6450 34 142 34 350333 31 160 30 34 548031 41 17173
leaf_count=4067 109 6450 34 142 34 350333 31 160 30 34 548031 41 17173
internal_value=4.56374e-13 1.54073e-05 0.00206812 1.44067e-05 -0.00195041 1.53759e-05 -0.000589919 -9.66128e-06 0.00110735 -0.000332578 -1.01008e-05 -0.000264383 -8.25261e-06
internal_weight=926669 357133 174 356959 176 356783 140 569536 224 194 569312 4108 565204
internal_count=926669 357133 174 356959 176 356783 140 569536 224 194 569312 4108 565204
is_linear=0
shrinkage=0.0177717


Tree=290
num_leaves=9
num_cat=0
split_feature=8 32 1 21 54 35 66 15
split_gain=0.436731 0.492682 2.81695 4.21641 1.85212 0.964178 2.90463 0.518018
threshold=31.500000000000004 0.99588799476623546 1.0000000180025095e-35 10.784903526306154 1.0000000180025095e-35 0.73602500557899486 0.072214510291814818 5.9853553771972665
decision_type=2 2 2 2 2 2 2 2
left_child=1 5 3 -3 -4 7 -7 -1
right_child=-2 2 4 -5 -6 6 -8 -9
leaf_value=1.3477111221990332e-06 -0.0019573910731906486 -0.0013445164761398058 0.00018609509147453847 0.0063252109093276795 -0.0016764425049485313 -0.0001596218689356239 -0.0036054504315455307 -0.00036480099197521646
leaf_weight=912273 36 38 4628 56 175 8163 78 1222
leaf_count=912273 36 38 4628 56 175 8163 78 1222
internal_value=-4.55627e-14 7.60452e-08 0.000177862 0.00322468 0.000118232 -8.68497e-07 -0.000192236 8.57907e-07
internal_weight=926669 926633 4897 94 4803 921736 8241 913495
internal_count=926669 926633 4897 94 4803 921736 8241 913495
is_linear=0
shrinkage=0.0177717


Tree=291
num_leaves=13
num_cat=0
split_feature=16 32 72 2 17 29 2 8 67 5 12 5
split_gain=0.43156 2.93466 2.88012 5.4413 2.11371 1.71579 4.02977 17.3252 2.93078 1.5112 3.583 2.26406
threshold=1.2172845005989077 0.99845400452613842 17.361248016357425 7.5000000000000009 0.38907550275325781 1.0206965208053591 1.0000000180025095e-35 2.7801934480667119 0.15964826941490176 4.8081026077270517 35.962963104248054 4.135134458541871
decision_type=2 2 2 2 2 2 2 2 2 2 2 2
left_child=1 2 4 -4 -1 9 7 -7 -8 11 -11 -2
right_child=5 -3 3 -5 -6 6 8 -9 -10 10 -12 -13
leaf_value=-2.337816919861355e-06 6.4409699488204757e-05 0.0055501424563932228 -0.0015506230593778539 -0.00015653795732622049 -0.00049153253257227928 -0.0032421818251291926 -1.8553956293507469e-05 0.0024008390949572206 -0.0044571688417137812 0.00069107596272744462 -0.00522096782668394 -0.00039542259991145242
leaf_weight=630760 144236 30 1049 5631 2802 503 136140 261 47 1714 33 3463
leaf_count=630760 144236 30 1049 5631 2802 503 136140 261 47 1714 33 3463
internal_value=1.12411e-13 -8.1113e-06 -8.37175e-06 -0.000375459 -4.50134e-06 1.81337e-05 -2.73063e-05 -0.0013144 -2.00858e-05 5.97745e-05 0.0005794 5.36283e-05
internal_weight=926669 640272 640242 6680 633562 286397 136951 764 136187 149446 1747 147699
internal_count=926669 640272 640242 6680 633562 286397 136951 764 136187 149446 1747 147699
is_linear=0
shrinkage=0.0177717


Tree=292
num_leaves=15
num_cat=0
split_feature=28 34 66 75 69 34 28 71 2 60 19 11 29 2
split_gain=0.430891 2.55167 4.44797 3.55157 1.57941 8.30911 1.07221 2.62423 16.25 2.24239 24.3828 1.9795 1.4003 0.860202
threshold=12.016354084014894 0.53046399354934703 0.059039535000920303 1.5000000000000002 36.750000000000007 0.30625399947166448 9.5597567558288592 2.5984133481979375 1.0000000180025095e-35 1.0000000180025095e-35 2.5795441865921025 3.3842465877532963 0.65051501989364635 40.500000000000007
decision_type=2 2 2 2 2 2 2 2 2 2 2 2 2 2
left_child=6 4 3 -3 13 -6 7 11 -9 12 -11 -1 -8 -2
right_child=1 2 -4 -5 5 -7 9 8 -10 10 -12 -13 -14 -15
leaf_value=-1.5971276636117503e-06 0.00013602405354254396 -0.0045576074712658111 -0.0054992622765599125 -0.00036000340550174212 -0.0094993501080077765 0.0022930110960574252 0.00015711916840856164 -0.0079293433860172201 -0.00028508969998741025 -0.010303087074852172 0.0063888177572473453 -0.00024815494389229315 2.1621849394862183e-05 -5.0023377881191418e-05
leaf_weight=681421 9732 65 56 3092 32 46 28670 93 1580 59 52 10442 150763 40566
leaf_count=681421 9732 65 56 3092 32 46 28670 93 1580 59 52 10442 150763 40566
internal_value=2.76109e-13 -4.89148e-05 -0.000534495 -0.000446429 -1.79443e-05 -0.00254488 3.00236e-06 -7.01827e-06 -0.000710024 4.17097e-05 -0.00248346 -5.31832e-06 4.32718e-05 -1.40257e-05
internal_weight=926669 53589 3213 3157 50376 78 873080 693536 1673 179544 111 691863 179433 50298
internal_count=926669 53589 3213 3157 50376 78 873080 693536 1673 179544 111 691863 179433 50298
is_linear=0
shrinkage=0.0177717


Tree=293
num_leaves=15
num_cat=0
split_feature=35 27 10 11 5 2 12 63 29 35 22 21 71 17
split_gain=0.430007 4.45199 9.1108 15.9478 3.25767 1.69951 6.00303 1.51997 21.4357 7.65687 1.12232 6.86129 3.65193 0.865234
threshold=0.1803029999136925 0.93181201815605175 3.3364613056182866 2.9174053668975835 3.4811217784881596 10.500000000000002 12.839743614196779 1.0000000180025095e-35 1.3323209881782534 0.36492000520229345 2.3636615276336674 6.9087588787078866 3.2202074527740483 0.87409400939941417
decision_type=2 2 2 2 2 2 2 2 2 2 2 2 2 2
left_child=1 5 4 -4 -3 6 -1 8 9 -2 12 -12 -9 -7
right_child=7 2 3 -5 -6 13 -8 10 -10 -11 11 -13 -14 -15
leaf_value=-0.0002768533411825434 0.00085901561103429995 -0.0012243168791488286 0.00045625394031761088 -0.016050168088243975 0.0050101835209372383 -1.1223053520069184e-05 -0.0055222682783871452 -1.1468863260386729e-05 -0.013235455757442173 -0.00027530854142562275 -0.0064839657606461489 3.5191710201887272e-05 -0.0010328201556101669 0.00087292966138758374
leaf_weight=4418 3989 225 38 36 30 287246 70 370372 37 3554 51 255144 1109 350
leaf_count=4418 3989 225 38 36 30 287246 70 370372 37 3554 51 255144 1109 350
internal_value=5.03705e-14 -1.78295e-05 -0.00208399 -0.0075739 -0.000490846 -1.55022e-05 -0.000358667 8.22e-06 0.000258371 0.000324561 5.19428e-06 3.38889e-05 -1.4518e-05 -1.01471e-05
internal_weight=926669 292413 329 74 255 292084 4488 634256 7580 7543 626676 255195 371481 287596
internal_count=926669 292413 329 74 255 292084 4488 634256 7580 7543 626676 255195 371481 287596
is_linear=0
shrinkage=0.0177717


Tree=294
num_leaves=13
num_cat=0
split_feature=23 10 5 67 71 5 15 4 8 35 71 65
split_gain=0.425944 4.13007 0.55617 1.49897 1.50018 0.613943 1.23807 0.595725 0.429356 0.154203 0.525242 0.161886
threshold=6.1495356559753427 1.7047813534736636 5.8721139430999765 -0.067103773355483995 2.7073619365692143 5.8036265373229989 3.6639176607131962 82.333332061767592 10.781745910644533 0.51805400848388683 5.3661370277404794 0.14885086566209796
decision_type=2 2 2 2 2 2 2 2 2 2 2 2
left_child=2 -2 5 8 -5 7 -7 -1 -4 11 -11 -3
right_child=1 9 3 4 -6 6 -8 -9 -10 10 -12 -13
leaf_value=-7.7604498201851476e-08 -0.0068535685383733667 -0.00014076774941717795 -0.0001874022126955245 0.00038080760613923628 0.0027596587111952233 -0.0041243614040961402 -0.00024421446347257068 0.00091652606594577973 0.0019901571240146824 0.00028857400929393589 -0.0023689202765617549 0.0011854799128775619
leaf_weight=924222 30 936 612 202 143 34 110 224 30 55 41 30
leaf_count=924222 30 936 612 202 143 34 110 224 30 55 41 30
internal_value=-3.94792e-13 -0.000350783 4.13855e-07 0.000422056 0.00136682 -3.62472e-08 -0.00116036 1.44495e-07 -8.56471e-05 -0.000167089 -0.000846398 -9.95799e-05
internal_weight=926669 1092 925577 987 345 924590 144 924446 642 1062 96 966
internal_count=926669 1092 925577 987 345 924590 144 924446 642 1062 96 966
is_linear=0
shrinkage=0.0177717


Tree=295
num_leaves=9
num_cat=0
split_feature=12 5 8 32 1 35 1 69
split_gain=0.430701 3.90867 1.74806 0.473126 3.12598 0.932115 0.270791 0.0786381
threshold=50.350000381469734 3.3140207529067998 26.500000000000004 0.99588799476623546 1.0000000180025095e-35 0.73602500557899486 56.500000000000007 0.99633026123046886
decision_type=2 2 2 2 2 2 2 2
left_child=2 6 3 5 -5 -1 -2 -8
right_child=1 -3 -4 4 -6 -7 7 -9
leaf_value=7.4997502219928434e-07 -0.00059144447806536106 -0.0066200214979099089 0.0036696367216443888 0.0034560249518124911 0.00011289956678798419 -0.0001891064358330508 0.00083308398755888578 0.0021198545592450136
leaf_weight=913397 30 30 41 90 4780 8241 30 30
leaf_count=913397 30 30 41 90 4780 8241 30 30
internal_value=2.75474e-13 -0.00106463 1.37884e-07 -2.44995e-08 0.000174682 -9.47662e-07 0.000787165 0.00147647
internal_weight=926669 120 926549 926508 4870 921638 90 60
internal_count=926669 120 926549 926508 4870 921638 90 60
is_linear=0
shrinkage=0.0177717


Tree=296
num_leaves=9
num_cat=0
split_feature=8 8 1 26 8 20 34 22
split_gain=0.44225 0.47778 1.72982 2.86939 1.0638 1.55031 0.565451 0.475416
threshold=31.500000000000004 15.083333492279055 364.50000000000006 1.5000000000000002 14.645833492279055 7.0178570747375497 0.56333547830581676 9.1338129043579119
decision_type=2 2 2 2 2 2 2 2
left_child=1 4 6 -4 7 -6 -3 -1
right_child=-2 2 3 -5 5 -7 -8 -9
leaf_value=2.9718064088762853e-06 -0.0019697202001607668 0.00023939601196926744 0.0068181190184333374 0.00055382216092023247 -0.0039831417855094352 0.00062761056870290694 -0.0019485726354559847 -5.3767792188027303e-05
leaf_weight=876718 36 414 34 72 51 42 41 49261
leaf_count=876718 36 414 34 72 51 42 41 49261
internal_value=1.71513e-13 7.65245e-08 0.000518556 0.00256312 -2.37562e-07 -0.00190087 4.22384e-05 -4.66739e-08
internal_weight=926669 926633 561 106 926072 93 455 925979
internal_count=926669 926633 561 106 926072 93 455 925979
is_linear=0
shrinkage=0.0177717


Tree=297
num_leaves=14
num_cat=0
split_feature=15 9 65 41 28 5 35 21 22 24 32 19 5
split_gain=0.428705 2.97938 6.13136 2.25633 7.32941 2.55574 1.95779 1.67424 1.64009 1.49028 2.81968 1.23292 0.690813
threshold=4.5911979675292978 5.6190409660339364 0.030568544752895836 1.0000000180025095e-35 12.424160003662111 4.7492611408233651 0.39399750530719763 9.7516632080078143 9.555368900299074 9.2437348365783709 0.96391448378562938 4.0676238536834726 2.1383330821990971
decision_type=2 2 2 2 2 2 2 2 2 2 2 2 2
left_child=1 9 12 5 8 7 -7 -2 -5 11 -11 -1 -3
right_child=3 2 -4 4 -6 6 -8 -9 -10 10 -12 -13 -14
leaf_value=5.8656043680943937e-07 0.00031640876161733578 -0.0023766960247245564 -0.0096672222273823331 0.00019505731841157011 -0.0091785142719667187 0.00016030780823748467 0.0011827588050899126 -5.1888018565068172e-06 -0.0010062012604594801 -7.1509163372879335e-05 -0.00068257960361493397 0.00047728816839093984 0.00027007179528468049
leaf_weight=859201 6054 51 30 674 31 1246 1126 32884 768 20101 2706 1717 80
leaf_count=859201 6054 51 30 674 31 1246 1126 32884 768 20101 2706 1717 80
internal_value=7.84009e-13 -2.65941e-06 -0.00242002 5.49427e-05 -0.000628532 7.93135e-05 0.00064567 4.48125e-05 -0.000444725 -2.219e-06 -0.000144011 1.53729e-06 -0.000760349
internal_weight=926669 883886 161 42783 1473 41310 2372 38938 1442 883725 22807 860918 131
internal_count=926669 883886 161 42783 1473 41310 2372 38938 1442 883725 22807 860918 131
is_linear=0
shrinkage=0.0177717


Tree=298
num_leaves=9
num_cat=0
split_feature=8 71 30 5 48 12 1 32
split_gain=0.426857 0.472665 2.66339 18.3892 4.41399 0.76357 4.23005 2.01717
threshold=31.500000000000004 4.7292296886444101 2.1254785060882573 1.8688347935676577 1.0000000180025095e-35 10.255434989929201 1.5000000000000002 0.99873849749565136
decision_type=2 2 2 2 2 2 2 2
left_child=1 5 3 -3 -4 7 -7 -1
right_child=-2 2 4 -5 -6 6 -8 -9
leaf_value=9.5414126361750245e-07 -0.0019351359635806609 -0.00047177679306648681 9.8320358837683519e-05 0.0077893603018605448 -0.0026752705667187908 -0.0017980987874127935 -6.8713736007896804e-05 0.0035706267444453911
leaf_weight=891543 36 376 11995 110 184 456 21919 50
leaf_count=891543 36 376 11995 110 184 456 21919 50
internal_value=-5.83273e-13 7.51801e-08 0.000107899 0.00139803 5.6417e-05 -1.41896e-06 -0.000103958 1.15433e-06
internal_weight=926669 926633 12665 486 12179 913968 22375 891593
internal_count=926669 926633 12665 486 12179 913968 22375 891593
is_linear=0
shrinkage=0.0177717


Tree=299
num_leaves=15
num_cat=0
split_feature=10 71 21 35 66 2 67 17 22 30 15 24 15 34
split_gain=0.426353 2.49745 13.6386 19.656 4.01656 1.97773 2.54788 1.19446 1.03694 4.83056 1.77158 0.814058 1.51443 1.19967
threshold=3.5409667491912846 3.0131236314773564 8.5663428306579608 0.26131650805473333 0.05616573058068753 2.5000000000000004 0.028851473703980449 1.0000000180025095e-35 12.450990200042726 1.9754259586334231 5.5337600708007821 9.2437348365783709 4.158466339111329 0.58658647537231456
decision_type=2 2 2 2 2 2 2 2 2 2 2 2 2 2
left_child=8 5 3 -3 -4 6 -2 -7 11 -10 -11 12 -1 -13
right_child=1 2 4 -5 -6 7 -8 -9 9 10 -12 13 -14 -15
leaf_value=-9.5323837041043817e-07 -0.00068205527301192696 -0.019108972799116074 -0.00040771511725901452 -0.001107072293203381 0.0040484370467149446 -2.6058820365962404e-06 -0.005739277879036179 0.0005090101026808552 0.0075093128482671846 7.0375308624689013e-05 0.0016961329511405339 -6.0967297789786937e-05 0.00010625746726085453 -0.00055666748438432958
leaf_weight=823513 676 30 3722 53 65 18230 33 1565 30 1413 249 31641 43828 1621
leaf_count=823513 676 30 3722 53 65 18230 33 1565 30 1413 249 31641 43828 1621
internal_value=-6.50198e-13 -7.33438e-05 -0.000487419 -0.00761378 -0.00033123 4.81028e-06 -0.000917441 3.78427e-05 1.98126e-06 0.000441523 0.000313945 1.15547e-06 4.46427e-06 -8.51249e-05
internal_weight=926669 24374 3870 83 3787 20504 709 19795 902295 1692 1662 900603 867341 33262
internal_count=926669 24374 3870 83 3787 20504 709 19795 902295 1692 1662 900603 867341 33262
is_linear=0
shrinkage=0.0177717


Tree=300
num_leaves=14
num_cat=0
split_feature=27 35 36 60 5 63 5 60 65 38 1 6 71
split_gain=0.421349 2.25031 15.4576 2.06741 29.1002 2.00517 1.52663 0.883882 9.19693 1.03995 0.793848 20.1827 0.658747
threshold=0.53093749284744274 0.044763000681996352 1.0000000180025095e-35 1.0000000180025095e-35 2.9174053668975835 1.0000000180025095e-35 1.7005987167358401 1.0000000180025095e-35 0.079103916883468642 1.0000000180025095e-35 1.0000000180025095e-35 1.9934304952621462 2.7994248867034917
decision_type=2 2 2 2 2 2 2 2 2 2 2 2 2
left_child=7 2 6 5 -5 -3 -2 10 9 -9 11 -1 -12
right_child=1 3 -4 4 -6 -7 -8 8 -10 -11 12 -13 -14
leaf_value=-0.00013101331726951912 0.00041501137475675142 0.00032560037263224906 0.012784280411094117 0.001624522763492846 -0.016679669785277712 9.3816548933436989e-06 -0.0040545645992732327 0.00029038180893790921 0.010263956428453885 -0.003132074294862894 -4.7432298565787561e-06 -0.012662594354506129 -0.00011652386460939471
leaf_weight=4067 109 6450 34 142 34 350333 31 160 30 34 548031 41 17173
leaf_count=4067 109 6450 34 142 34 350333 31 160 30 34 548031 41 17173
internal_value=-1.76856e-13 1.51333e-05 0.00203569 1.41484e-05 -0.00191151 1.50983e-05 -0.00057468 -9.4895e-06 0.00110665 -0.00030943 -9.92865e-06 -0.000256085 -8.13954e-06
internal_weight=926669 357133 174 356959 176 356783 140 569536 224 194 569312 4108 565204
internal_count=926669 357133 174 356959 176 356783 140 569536 224 194 569312 4108 565204
is_linear=0
shrinkage=0.0177717


Tree=301
num_leaves=13
num_cat=0
split_feature=0 5 60 30 67 66 30 10 4 3 32 24
split_gain=0.421096 2.64733 1.30099 2.56344 1.07747 0.950504 2.43034 5.87021 3.22097 0.738473 3.73535 1.92792
threshold=1.0000000180025095e-35 3.65057384967804 1.0000000180025095e-35 1.4982559680938723 -0.11068179830908774 -0.022426406852900978 2.828981995582581 1.1636388301849367 57.589284896850593 4.3107767105102548 0.99794700741767894 5.3429691791534433
decision_type=2 2 2 2 2 2 2 2 2 2 2 2
left_child=1 2 4 -4 -1 6 8 -8 -2 10 -7 -11
right_child=5 -3 3 -5 -6 9 7 -9 -10 11 -12 -13
leaf_value=7.9583256443837582e-08 3.8126136814735601e-05 -0.0042360622469331333 -0.0010746456388890345 0.00627212237470117 -8.6154289787056251e-05 9.4271811165683725e-06 0.0050302370551561521 0.00033096639038677486 -0.0048853817819437036 -0.00025247812164688212 -0.0041258098613480955 -1.2121808925480555e-05
leaf_weight=212623 51810 47 30 30 58313 514855 85 6837 42 12424 69 69504
leaf_count=212623 51810 47 30 30 58313 514855 85 6837 42 12424 69 69504
internal_value=4.70325e-14 -1.86323e-05 -1.79009e-05 0.00259874 -1.84804e-05 7.70281e-06 7.58927e-05 0.000388672 3.41381e-05 9.8793e-07 8.87306e-06 -4.85707e-05
internal_weight=926669 271043 270996 60 270936 655626 58774 6922 51852 596852 514924 81928
internal_count=926669 271043 270996 60 270936 655626 58774 6922 51852 596852 514924 81928
is_linear=0
shrinkage=0.0177717


Tree=302
num_leaves=14
num_cat=0
split_feature=43 15 10 9 27 10 36 2 32 66 72 30 4
split_gain=0.418192 1.06267 4.53595 1.54542 1.22058 0.605018 0.485522 1.18493 2.01743 1.74657 1.1589 4.84681 2.03621
threshold=1.0000000180025095e-35 3.7842893600463872 3.400815606117249 3.8412939310073857 0.86584800481796276 2.5227222442626958 1.0000000180025095e-35 73.500000000000014 0.99794700741767894 -0.021364993415772911 29.047111511230472 2.4385420083999638 29.022727966308597
decision_type=2 2 2 2 2 2 2 2 2 2 2 2 2
left_child=6 2 4 -3 -2 -5 10 9 -9 -8 12 -12 -1
right_child=1 3 -4 5 -6 -7 7 8 -10 -11 11 -13 -14
leaf_value=-3.8932354581227104e-06 -9.653050916450785e-05 0.0040243559225033605 -0.0066771422731591416 -0.00027883918797203504 -0.00078407944471141366 0.00041818443853088201 0.00040318658259468851 -2.9394951570413289e-06 -0.0026358956567114141 6.4651071428462932e-05 0.0053151408500361043 0.00024836712877969745 -0.00047848002561814117
leaf_weight=765047 7367 34 34 572 917 1259 5399 96005 92 44364 61 2652 2866
leaf_count=765047 7367 34 34 572 917 1259 5399 96005 92 44364 61 2652 2866
internal_value=-4.74184e-13 -0.000113261 -0.000199226 0.000270148 -0.000172639 0.000200436 1.25843e-06 3.09905e-05 -5.4602e-06 0.00010138 -4.3691e-06 0.00036229 -5.66449e-06
internal_weight=926669 10183 8318 1865 8284 1831 916486 145860 96097 49763 770626 2713 767913
internal_count=926669 10183 8318 1865 8284 1831 916486 145860 96097 49763 770626 2713 767913
is_linear=0
shrinkage=0.0177717


Tree=303
num_leaves=14
num_cat=0
split_feature=10 2 28 11 65 20 40 32 15 4 3 8 18
split_gain=0.417232 1.97359 3.46241 5.82107 2.57249 2.02618 10.0734 2.14106 0.96889 3.49374 2.42164 1.82167 1.2648
threshold=3.5127768516540532 37.500000000000007 11.25820302963257 3.0677825212478642 0.073071170598268523 4.6055555343627939 1.0000000180025095e-35 0.99692949652671825 4.8244450092315683 3.6568629741668706 0.89587974548339855 23.590741157531742 0.92866650223732006
decision_type=2 2 2 2 2 2 2 2 2 2 2 2 2
left_child=8 2 4 -4 -2 7 -7 -3 11 -10 -11 12 -1
right_child=1 5 3 -5 -6 6 -8 -9 9 10 -12 -13 -14
leaf_value=2.0453446572236254e-06 -3.5326807492066587e-05 4.756628410206346e-05 -0.0024351697219926814 0.00020901624898985471 -0.0010650103237547955 -0.00019371930032737857 -0.010693388986875902 0.0030769866142562482 0.0049211159107301131 0.0041484448377815094 0.00010899317524540242 -0.0037930595078089608 -0.00018572619952250297
leaf_weight=871695 6485 17231 583 479 869 230 33 74 48 47 17376 40 11479
leaf_count=871695 6485 17231 583 479 869 230 33 74 48 47 17376 40 11479
internal_value=6.80859e-14 -7.02086e-05 -0.000293984 -0.00124255 -0.000157001 3.69919e-05 -0.00151117 6.05208e-05 2.02546e-06 0.000133081 0.00011989 -5.66971e-07 -3.95204e-07
internal_weight=926669 25984 8416 1062 7354 17568 263 17305 900685 17471 17423 883214 883174
internal_count=926669 25984 8416 1062 7354 17568 263 17305 900685 17471 17423 883214 883174
is_linear=0
shrinkage=0.0177717


Tree=304
num_leaves=9
num_cat=0
split_feature=29 22 65 27 8 20 69 4
split_gain=0.416851 3.81938 3.73236 3.58971 0.683212 0.648762 2.82866 1.77898
threshold=1.0000000180025095e-35 12.968082904815676 0.25457374751567846 0.98658648133277904 31.500000000000004 6.5119049549102792 3.7670542001724248 27.519230842590336
decision_type=2 2 2 2 2 2 2 2
left_child=1 2 3 -1 5 7 -7 -2
right_child=4 -3 -4 -5 -6 6 -8 -9
leaf_value=4.8984284026637147e-05 -1.8464221713458468e-06 0.0049577674810786935 0.0055394398921494769 -0.0022362113604196842 -0.0025221281494136583 0.00014656164952699073 0.0046687683646128965 -0.00028697747125386888
leaf_weight=52972 860226 50 39 218 34 6119 44 6967
leaf_count=52972 860226 50 39 218 34 6119 44 6967
internal_value=-2.91194e-13 4.82597e-05 4.3648e-05 3.96184e-05 -2.94396e-06 -2.84589e-06 0.000178847 -4.13716e-06
internal_weight=926669 53279 53229 53190 873390 873356 6163 867193
internal_count=926669 53279 53229 53190 873390 873356 6163 867193
is_linear=0
shrinkage=0.0177717


Tree=305
num_leaves=15
num_cat=0
split_feature=28 60 5 19 71 2 30 21 11 1 69 28 25 67
split_gain=0.419975 3.72432 52.9197 7.90026 2.51028 15.6578 37.0038 5.46759 1.90971 19.351 2.59559 1.75573 2.52847 1.92814
threshold=9.5597567558288592 1.0000000180025095e-35 2.9174053668975835 2.6163792610168461 2.5984133481979375 1.0000000180025095e-35 2.3128105401992802 7.5761907100677499 3.3842465877532963 1.0000000180025095e-35 0.81666666269302379 10.384477615356447 2.4414010047912602 0.15964826941490176
decision_type=2 2 2 2 2 2 2 2 2 2 2 2 2 2
left_child=4 11 3 -3 8 6 -6 -7 10 -10 -1 12 -2 -13
right_child=1 2 -4 -5 5 7 -8 -9 9 -11 -12 13 -14 -15
leaf_value=0.00023925628196016507 -1.4906851680774161e-05 -0.00067642696658830944 -0.023856183695414767 0.0091410998374618045 0.0011278846753384442 0.0064738228629261972 -0.02188685143045609 -0.00043927923492033177 -0.0098363163253935241 -0.00018277454646415303 -6.6134339306613736e-06 1.1011263498298209e-06 0.00026593273033690237 -0.0029489515298769999
leaf_weight=13842 19796 77 30 39 57 37 36 1543 66 10376 667579 192395 20726 70
leaf_count=13842 19796 77 30 39 57 37 36 1543 66 10376 667579 192395 20726 70
internal_value=-5.70649e-13 2.06354e-05 -0.0028169 0.00262429 -6.9366e-06 -0.000694509 -0.00778105 -0.00027739 -5.27398e-06 -0.000243791 -1.61898e-06 2.24135e-05 0.000128736 2.81848e-08
internal_weight=926669 233133 146 116 693536 1673 93 1580 691863 10442 681421 232987 40522 192465
internal_count=926669 233133 146 116 693536 1673 93 1580 691863 10442 681421 232987 40522 192465
is_linear=0
shrinkage=0.0177717


Tree=306
num_leaves=13
num_cat=0
split_feature=13 32 71 69 38 27 17 11 2 11 35 19
split_gain=0.418893 3.53483 3.10197 14.5312 1.95249 6.11562 6.5052 4.21034 2.20272 3.32153 1.87726 1.8297
threshold=2.4401209354400639 0.99873849749565136 3.2202074527740483 1.9943438172340395 1.0000000180025095e-35 0.78193101286888134 1.0000000180025095e-35 5.2443854808807382 1.5000000000000002 1.0000000180025095e-35 0.41733001172542578 3.0000733137130742
decision_type=2 2 2 2 2 2 2 2 2 2 2 2
left_child=1 2 11 -4 8 7 -7 -6 9 -2 -10 -1
right_child=4 -3 3 -5 5 6 -8 -9 10 -11 -12 -13
leaf_value=1.3003384883562429e-06 -0.0039739800779871291 0.0058997774524186001 -0.00026724963507328444 -0.0060343940485869905 0.00027953368481926206 -0.0003855304245626495 -0.0022075808495397322 -0.0064042082806758842 -5.8120232299237774e-06 0.0010739422343838711 0.00011118622469704308 -0.00018123543158440921
leaf_weight=679676 43 32 6459 141 3836 2769 797 30 153832 967 60289 17798
leaf_count=679676 43 32 6459 141 3836 2769 797 30 153832 967 60289 17798
internal_value=1.73105e-16 -6.7178e-06 -6.98625e-06 -0.000390457 2.12526e-05 -0.00026195 -0.000792758 0.000227668 3.10362e-05 0.000859031 2.71306e-05 -3.35757e-06
internal_weight=926669 704106 704074 6600 222563 7432 3566 3866 215131 1010 214121 697474
internal_count=926669 704106 704074 6600 222563 7432 3566 3866 215131 1010 214121 697474
is_linear=0
shrinkage=0.0177717


Tree=307
num_leaves=14
num_cat=0
split_feature=24 71 6 68 1 69 61 9 19 3 4 35 65
split_gain=0.411738 7.82894 6.40932 5.84903 7.37785 6.42521 1.65054 8.9903 5.74931 1.41573 1.3919 4.89399 1.40201
threshold=3.552963495254517 3.3190220594406132 2.2911455631256108 0.027443693950772289 46.500000000000007 1.1151635646820071 1.0000000180025095e-35 2.376196146011353 5.2135236263275155 4.5591125488281259 1.3466665148735049 0.28242249786853796 0.075336553156375899
decision_type=2 2 2 2 2 2 2 2 2 2 2 2 2
left_child=1 2 9 4 -3 -5 7 -2 -9 -1 11 -8 -12
right_child=6 3 -4 5 -6 -7 10 8 -10 -11 12 -13 -14
leaf_value=-2.4377380584520036e-06 -0.008051111924037891 -0.00044574332804430956 -0.0076090641857348464 -0.00061781173929188282 -0.0040330641424498621 0.0066024508959560708 0.0081361498250343608 -0.00021708364470876076 0.004453340934096826 -0.00051343398614610454 1.7649585759528457e-05 -0.00037331231906136234 0.00024520435445456493
leaf_weight=638806 46 338 35 1450 390 40 30 9274 84 1717 265549 74 8836
leaf_count=638806 46 338 35 1450 390 40 30 9274 84 1717 265549 74 8836
internal_value=3.57665e-13 -7.87274e-06 -4.22308e-06 -0.0010619 -0.00236752 -0.000423979 1.78251e-05 -0.000213686 -0.000175161 -3.80753e-06 2.57566e-05 0.00208134 2.49775e-05
internal_weight=926669 642776 640558 2218 728 1490 283893 9404 9358 640523 274489 104 274385
internal_count=926669 642776 640558 2218 728 1490 283893 9404 9358 640523 274489 104 274385
is_linear=0
shrinkage=0.0177717


Tree=308
num_leaves=15
num_cat=0
split_feature=28 60 5 19 71 2 30 29 11 1 69 24 71 21
split_gain=0.410915 3.57842 51.0512 7.61566 2.41037 15.0747 35.6931 5.41358 1.8535 18.6417 2.50993 1.71093 6.58062 2.71804
threshold=9.5597567558288592 1.0000000180025095e-35 2.9174053668975835 2.6163792610168461 2.5984133481979375 1.0000000180025095e-35 2.3128105401992802 0.38907550275325781 3.3842465877532963 1.0000000180025095e-35 0.81666666269302379 3.038480401039124 3.2202074527740483 7.6788592338562021
decision_type=2 2 2 2 2 2 2 2 2 2 2 2 2 2
left_child=4 11 3 -3 8 6 -6 -7 10 -10 -1 12 -2 -13
right_child=1 2 -4 -5 5 7 -8 -9 9 -11 -12 13 -14 -15
leaf_value=0.00023523597519798962 -1.8206071085724189e-05 -0.00065743925651044581 -0.023425506269296594 0.0089816341551873305 0.0011157616761903032 0.0044894491827727461 -0.021487691691936706 -0.00049863834420466947 -0.0096552931669477964 -0.00018032523219446803 -6.5427146565075318e-06 -0.003237424992751199 -0.0010756654500145145 5.9878920550422041e-05
leaf_weight=13842 81565 77 30 39 57 72 36 1508 66 10376 667579 79 1902 149441
leaf_count=13842 81565 77 30 39 57 72 36 1508 66 10376 667579 79 1902 149441
internal_value=-2.43654e-13 2.04116e-05 -0.00276099 0.00258328 -6.86138e-06 -0.000680613 -0.00763396 -0.000271333 -5.23217e-06 -0.000240213 -1.63136e-06 2.21545e-05 -4.23029e-05 5.81368e-05
internal_weight=926669 233133 146 116 693536 1673 93 1580 691863 10442 681421 232987 83467 149520
internal_count=926669 233133 146 116 693536 1673 93 1580 691863 10442 681421 232987 83467 149520
is_linear=0
shrinkage=0.0177717


Tree=309
num_leaves=15
num_cat=0
split_feature=28 34 66 17 69 71 28 71 10 11 28 25 60 71
split_gain=0.408561 2.46305 5.37973 4.64879 1.43721 8.11048 0.999169 2.32826 6.72618 2.04844 1.83654 3.34197 1.69674 0.951497
threshold=12.016354084014894 0.58658647537231456 0.059039535000920303 1.469759523868561 36.750000000000007 2.9080713987350468 10.043381214141847 3.3190220594406132 1.5927504301071169 3.3842465877532963 10.384477615356447 2.4414010047912602 1.0000000180025095e-35 5.6912615299224862
decision_type=2 2 2 2 2 2 2 2 2 2 2 2 2 2
left_child=6 4 3 -3 13 -6 7 9 -9 -1 11 -8 -12 -2
right_child=1 2 -4 -5 5 -7 10 8 -10 -11 12 -13 -14 -15
leaf_value=-1.0443352741114406e-08 -2.0666817649801305e-05 -0.00039116588978437206 -0.0068084801454596933 -0.0074271986268507331 0.0019276783547240777 -0.0097176117199424383 -4.4391096237375303e-05 -0.0087119182900969507 -0.00039546781008590747 -0.00023753950819473048 1.7006549677219414e-05 0.0003882579939544001 0.0024716106086363418 0.0013190040457358642
leaf_weight=696317 50664 2603 43 30 51 30 10369 31 3343 11659 138911 12361 89 168
leaf_count=696317 50664 2603 43 30 51 30 10369 31 3343 11659 138911 12361 89 168
internal_value=-5.98746e-13 -4.76305e-05 -0.000573163 -0.000471333 -2.00084e-05 -0.00238539 2.92353e-06 -6.14165e-06 -0.000471879 -3.92209e-06 4.27956e-05 0.000190892 1.85782e-05 -1.62392e-05
internal_weight=926669 53589 2676 2633 50913 81 873080 711350 3374 707976 161730 22730 139000 50832
internal_count=926669 53589 2676 2633 50913 81 873080 711350 3374 707976 161730 22730 139000 50832
is_linear=0
shrinkage=0.0177717


Tree=310
num_leaves=13
num_cat=0
split_feature=0 73 60 30 5 66 71 4 32 3 32 24
split_gain=0.408457 2.56063 1.25524 2.47312 1.18727 0.941396 2.33395 4.969 3.80637 0.727574 3.59574 1.81803
threshold=1.0000000180025095e-35 14.097233295440676 1.0000000180025095e-35 1.4982559680938723 2.4414010047912602 -0.022426406852900978 4.1207323074340829 3.3390804529190068 0.99823999404907238 4.3107767105102548 0.99794700741767894 5.3429691791534433
decision_type=2 2 2 2 2 2 2 2 2 2 2 2
left_child=1 2 4 -4 -1 6 8 -8 -2 10 -7 -11
right_child=5 -3 3 -5 -6 9 7 -9 -10 11 -12 -13
leaf_value=-2.0127760286350046e-05 3.7194137012195246e-05 -0.0038525803450643365 -0.0010554453201048939 0.0061607337855359486 0.00067871286738288962 9.2740989746716486e-06 -0.0043229187176850826 0.00051497814474449094 0.004942908621321792 -0.00024629844140044651 -0.0040479487493341329 -1.2893029519499304e-05
leaf_weight=270158 53843 55 30 30 770 514855 68 4813 50 12424 69 69504
leaf_count=270158 53843 55 30 30 770 514855 68 4813 50 12424 69 69504
internal_value=-3.54265e-13 -1.83506e-05 -1.75724e-05 0.00255264 -1.81416e-05 7.58634e-06 7.54487e-05 0.000447579 4.17455e-05 9.03706e-07 8.73043e-06 -4.82879e-05
internal_weight=926669 271043 270988 60 270928 655626 58774 4881 53893 596852 514924 81928
internal_count=926669 271043 270988 60 270928 655626 58774 4881 53893 596852 514924 81928
is_linear=0
shrinkage=0.0177717


Tree=311
num_leaves=12
num_cat=0
split_feature=29 20 5 2 72 4 71 8 12 61 19
split_gain=0.407395 1.89843 2.75369 2.4387 2.01309 9.08209 2.52981 1.03853 0.949361 2.73164 1.9626
threshold=0.53959050774574291 3.4641025066375737 5.3351285457611093 46.500000000000007 17.857359886169437 3.9393379688262944 3.8629494905471806 26.500000000000004 9.8619050979614276 1.0000000180025095e-35 4.2340295314788827
decision_type=2 2 2 2 2 2 2 2 2 2 2
left_child=1 4 3 -3 6 -6 -1 8 10 -10 -2
right_child=7 2 -4 -5 5 -7 -8 -9 9 -11 -12
leaf_value=1.2957250846381779e-05 -4.923375415778572e-06 0.00065430648480173826 -0.0044707487783303551 9.801415019390629e-06 -0.0090012106351900923 -0.00035620847706953291 0.00078716494112632816 0.002414085896829345 -0.0010790679111138638 -7.6712083638968018e-05 0.00032426446156185053
leaf_weight=179214 703465 3635 38 3785 39 2418 1343 56 888 26021 5767
leaf_count=179214 703465 3635 38 3785 39 2418 1343 56 888 26021 5767
internal_value=1.84603e-13 2.31663e-05 0.000301101 0.000325539 1.18402e-05 -0.000493431 1.87159e-05 -5.99369e-06 -6.17779e-06 -0.00010979 -2.24664e-06
internal_weight=926669 190472 7458 7420 183014 2457 180557 736197 736141 26909 709232
internal_count=926669 190472 7458 7420 183014 2457 180557 736197 736141 26909 709232
is_linear=0
shrinkage=0.0177717


Tree=312
num_leaves=8
num_cat=0
split_feature=8 12 69 48 12 19 15
split_gain=0.40589 0.475824 2.97309 2.67945 0.818784 1.33385 0.77186
threshold=31.500000000000004 24.828571319580082 1.6820991039276125 1.0000000180025095e-35 24.108823776245121 4.3622887134552011 5.9853553771972665
decision_type=2 2 2 2 2 2 2
left_child=1 4 3 -3 6 -6 -1
right_child=-2 2 -4 -5 5 -7 -8
leaf_value=3.5243285054064954e-07 -0.0018870125185785735 9.6941174010944955e-05 0.0058385016912621754 0.0051355537550539267 -0.00043270525653485014 -0.0043927247398987852 -0.00042953874700093375
leaf_weight=923385 36 1701 30 34 128 34 1321
leaf_count=923385 36 1701 30 34 128 34 1321
internal_value=-2.84366e-14 7.3311e-08 0.000291593 0.000195681 -4.83019e-07 -0.00126382 -2.61693e-07
internal_weight=926669 926633 1765 1735 924868 162 924706
internal_count=926669 926633 1765 1735 924868 162 924706
is_linear=0
shrinkage=0.0177717


Tree=313
num_leaves=14
num_cat=0
split_feature=16 72 2 73 32 17 17 50 70 29 29 2 68
split_gain=0.405929 2.77477 5.12556 8.98981 2.91165 2.26867 2.05962 1.69841 4.7895 2.37445 1.58236 3.61169 1.55479
threshold=1.2172845005989077 17.361248016357425 7.5000000000000009 0.55852749943733226 0.99809950590133678 1.0000000180025095e-35 0.38907550275325781 1.0000000180025095e-35 0.2639297097921372 1.1901054978370669 1.0206965208053591 1.0000000180025095e-35 -0.051579724997282021
decision_type=2 2 2 2 2 2 2 2 2 2 2 2 2
left_child=1 4 3 -3 6 -4 -1 10 9 -9 12 -12 -2
right_child=7 2 5 -5 -6 -7 -8 8 -10 -11 11 -13 -14
leaf_value=-2.1919385543384502e-06 0.00021542941288942252 -0.0030522713784096904 -0.00032485048548550088 0.00024129446224168752 0.0055323482289395143 0.00059494586454932269 -0.00048517224969263443 0.00023975927402947644 0.0067962667839471282 0.0046629146710389638 -0.0012466412300229642 -2.130536298365141e-05 3.4945647785568552e-05
leaf_weight=630751 17020 558 4601 493 30 1038 2801 589 41 41 764 136029 131913
leaf_count=630751 17020 558 4601 493 30 1038 2801 589 41 41 764 136029 131913
internal_value=4.09575e-13 -7.86675e-06 -0.000367906 -0.00150734 -4.06508e-06 -0.000155539 -4.32725e-06 1.7587e-05 0.000910648 0.000527615 1.54897e-05 -2.8149e-05 5.55713e-05
internal_weight=926669 640272 6690 1051 633582 5639 633552 286397 671 630 285726 136793 148933
internal_count=926669 640272 6690 1051 633582 5639 633552 286397 671 630 285726 136793 148933
is_linear=0
shrinkage=0.0177717


Tree=314
num_leaves=9
num_cat=0
split_feature=12 5 8 5 29 5 1 69
split_gain=0.405189 3.7847 1.72331 0.446823 1.67273 0.62535 0.267913 0.0792899
threshold=50.350000381469734 3.3140207529067998 26.500000000000004 5.8721139430999765 1.1300355195999148 5.8036265373229989 56.500000000000007 0.99633026123046886
decision_type=2 2 2 2 2 2 2 2
left_child=2 6 3 5 -5 -1 -2 -8
right_child=1 -3 -4 4 -6 -7 7 -9
leaf_value=-2.6419826937789461e-07 -0.00058168895957727595 -0.006499199845305891 0.0036435679684891733 0.0016161933557476895 -2.5650615866923933e-05 -0.0011402662821275319 0.00082915912823844904 0.0021212509553017668
leaf_weight=925264 30 30 41 256 836 152 30 30
leaf_count=925264 30 30 41 256 836 152 30 30
internal_value=-1.22079e-13 -0.00103262 1.33737e-07 -2.74925e-08 0.000359251 -4.51444e-07 0.000789574 0.00147521
internal_weight=926669 120 926549 926508 1092 925416 90 60
internal_count=926669 120 926549 926508 1092 925416 90 60
is_linear=0
shrinkage=0.0177717


Tree=315
num_leaves=9
num_cat=0
split_feature=8 8 1 26 8 20 34 4
split_gain=0.405335 0.469895 1.6473 2.73821 1.01916 1.49116 0.541721 0.465887
threshold=31.500000000000004 15.083333492279055 364.50000000000006 1.5000000000000002 14.645833492279055 7.0178570747375497 0.56333547830581676 82.333332061767592
decision_type=2 2 2 2 2 2 2 2
left_child=1 4 6 -4 7 -6 -3 -1
right_child=-2 2 3 -5 5 -7 -8 -9
leaf_value=-1.9187349775027194e-07 -0.0018857217060259295 0.00024241509096503664 0.0066660537557219103 0.00054662977102720061 -0.003902720417192568 0.00061921254582450198 -0.0018991519177502744 0.001131032255713291
leaf_weight=925864 36 414 34 72 51 42 41 115
leaf_count=925864 36 414 34 72 51 42 41 115
internal_value=-6.50101e-14 7.32608e-08 0.000514256 0.00250946 -2.38223e-07 -0.00186056 4.94387e-05 -5.13835e-08
internal_weight=926669 926633 561 106 926072 93 455 925979
internal_count=926669 926633 561 106 926072 93 455 925979
is_linear=0
shrinkage=0.0177717


Tree=316
num_leaves=15
num_cat=0
split_feature=35 27 10 10 5 2 12 63 29 35 22 21 71 17
split_gain=0.404211 4.2693 8.77056 15.8216 3.14732 1.66243 5.71487 1.42097 20.3577 7.32986 1.05666 6.58285 3.25519 0.830526
threshold=0.1803029999136925 0.93181201815605175 3.3364613056182866 3.6636177301406865 3.4811217784881596 10.500000000000002 12.839743614196779 1.0000000180025095e-35 1.3323209881782534 0.36492000520229345 2.3636615276336674 6.9087588787078866 3.2202074527740483 0.87409400939941417
decision_type=2 2 2 2 2 2 2 2 2 2 2 2 2 2
left_child=1 5 4 -4 -3 6 -1 8 9 -2 12 -12 -9 -7
right_child=7 2 3 -5 -6 13 -8 10 -10 -11 11 -13 -14 -15
leaf_value=-0.00027458266468591329 0.00083725846698007788 -0.0011984384847104094 -0.017105189471083936 -0.00044975769914244696 0.0049295668681498331 -1.0765173414039308e-05 -0.0053925567138979197 -1.120406432313866e-05 -0.012900324469450129 -0.0002725791776930622 -0.0063513452291495687 3.4162741454366026e-05 -0.00097548166116648055 0.00085547280750536815
leaf_weight=4418 3989 225 31 43 30 287246 70 370372 37 3554 51 255144 1109 350
leaf_count=4418 3989 225 31 43 30 287246 70 370372 37 3554 51 255144 1109 350
internal_value=-1.75881e-13 -1.72865e-05 -0.00204061 -0.00742703 -0.000477497 -1.50074e-05 -0.000354408 7.96963e-06 0.000249837 0.000314341 5.0441e-06 3.28866e-05 -1.40828e-05 -9.71097e-06
internal_weight=926669 292413 329 74 255 292084 4488 634256 7580 7543 626676 255195 371481 287596
internal_count=926669 292413 329 74 255 292084 4488 634256 7580 7543 626676 255195 371481 287596
is_linear=0
shrinkage=0.0177717


Tree=317
num_leaves=13
num_cat=0
split_feature=10 60 3 15 28 21 8 4 71 49 71 70
split_gain=0.405736 3.15304 14.7931 2.15906 4.01965 8.89896 2.44271 1.25188 4.3702 2.0106 1.0468 0.826892
threshold=2.7300317287445073 1.0000000180025095e-35 4.2555875778198251 4.9701025485992441 10.064853191375734 9.9373364448547381 23.590741157531742 5.0185184478759775 4.3127546310424814 1.0000000180025095e-35 4.1207323074340829 0.14871031790971759
decision_type=2 2 2 2 2 2 2 2 2 2 2 2
left_child=3 7 -3 6 11 -6 10 8 -2 -9 -1 -5
right_child=1 2 -4 4 5 -7 -8 9 -10 -11 -12 -13
leaf_value=1.1151036388283232e-06 -7.0848123561045723e-05 0.0034573744150465692 -0.011984081688502958 -2.8387027518794878e-06 0.0076298228138850788 0.00092104908251483672 -0.0046259274830251626 -3.5734585011038343e-06 -0.0014565979225436626 0.00036088954074382529 0.00017883672043062562 -0.0013537331073282927
leaf_weight=790431 56713 43 36 562 67 919 36 61148 728 5186 10608 192
leaf_count=790431 56713 43 36 562 67 919 36 61148 728 5186 10608 192
internal_value=-3.11985e-13 -2.99394e-05 -0.00357924 4.61888e-06 0.00062996 0.00137692 3.26059e-06 -2.7674e-05 -8.84109e-05 2.49203e-05 3.46864e-06 -0.000346833
internal_weight=926669 123854 79 802815 1740 986 801075 123775 57441 66334 801039 754
internal_count=926669 123854 79 802815 1740 986 801075 123775 57441 66334 801039 754
is_linear=0
shrinkage=0.0177717


Tree=318
num_leaves=13
num_cat=0
split_feature=27 60 8 71 34 69 35 27 2 17 53 60
split_gain=0.40662 8.36643 2.97008 3.16137 2.79897 0.882753 3.5268 5.68893 5.15475 0.972779 5.73898 1.77417
threshold=0.98492148518562328 1.0000000180025095e-35 1.6733334660530093 3.8629494905471806 0.41106401383876806 4.6226265430450448 0.36079101264476782 0.92151650786399852 1.0000000180025095e-35 1.0602869987487795 1.0000000180025095e-35 1.0000000180025095e-35
decision_type=2 2 2 2 2 2 2 2 2 2 2 2
left_child=5 2 3 -2 -4 9 7 -7 -8 11 -11 -1
right_child=1 -3 4 -5 -6 6 8 -9 -10 10 -12 -13
leaf_value=1.5091795958473702e-06 -0.00026446058252034717 -0.0083978438697681831 -0.00016297044162332384 -0.0015694069708215121 0.0002200826128169163 4.6248393648047808e-05 0.0049047328744150666 -0.0043472557358699149 0.00068538864565426832 -0.00023112572688956047 -0.0076806431226222804 0.0012725163322464305
leaf_weight=888343 5318 38 11705 659 12415 3063 98 96 1368 3186 33 347
leaf_count=888343 5318 38 11705 659 12415 3063 98 96 1368 3186 33 347
internal_value=2.76679e-13 -6.42111e-05 -5.36892e-05 -0.000408339 3.41939e-05 2.15831e-06 0.000247048 -8.72674e-05 0.000967446 8.88436e-07 -0.000307495 2.00546e-06
internal_weight=926669 30135 30097 5977 24120 896534 4625 3159 1466 891909 3219 888690
internal_count=926669 30135 30097 5977 24120 896534 4625 3159 1466 891909 3219 888690
is_linear=0
shrinkage=0.0177717


Tree=319
num_leaves=14
num_cat=0
split_feature=43 25 26 19 66 12 71 55 60 68 60 5 17
split_gain=0.403703 1.0488 2.11651 1.35833 9.68585 1.33571 0.918787 0.462819 2.1279 1.39004 0.881514 31.0724 0.754156
threshold=1.0000000180025095e-35 4.1190040111541757 23.500000000000004 2.8156045675277714 -0.040474906563758843 4.9772725105285653 4.1207323074340829 1.0000000180025095e-35 1.0000000180025095e-35 -0.051579724997282021 1.0000000180025095e-35 3.1567740440368657 1.2428609728813174
decision_type=2 2 2 2 2 2 2 2 2 2 2 2 2
left_child=7 3 5 6 -5 -3 -2 10 9 -9 12 -12 -1
right_child=1 2 -4 4 -6 -7 -8 8 -10 -11 11 -13 -14
leaf_value=-2.877991243027116e-06 -0.00015167478349589373 0.001172375477644053 0.0049793809949017194 -0.0093746113586127989 -0.000317128420635649 -6.1613295932564432e-05 0.0022892603416332568 0.00032282912025605474 0.0035094510594229841 1.9770739104018401e-05 0.00096710506445712942 -0.016749739687984554 0.00029036476108607859
leaf_weight=847612 8057 357 30 41 412 1237 49 5190 56 60521 293 35 2779
leaf_count=847612 8057 357 30 41 412 1237 49 5190 56 60521 293 35 2779
internal_value=-1.87168e-13 -0.000111282 0.000302773 -0.000189845 -0.0011369 0.000214757 -0.00013692 1.23644e-06 4.6658e-05 4.3707e-05 -2.27499e-06 -0.000923412 -1.9197e-06
internal_weight=926669 10183 1624 8559 453 1594 8106 916486 65767 65711 850719 328 850391
internal_count=926669 10183 1624 8559 453 1594 8106 916486 65767 65711 850719 328 850391
is_linear=0
shrinkage=0.0177717


Tree=320
num_leaves=14
num_cat=0
split_feature=22 69 21 30 9 5 9 70 9 16 27 19 21
split_gain=0.401419 4.24244 4.95737 1.91017 1.88807 3.06597 2.05922 12.8256 1.88299 4.18812 1.6109 1.20075 0.797149
threshold=9.1338129043579119 16.545454978942875 11.980538845062258 2.5882714986801152 6.3126413822174081 3.5408543348312382 6.107393980026246 0.15156984329223636 3.2455348968505864 1.7888610363006594 0.86584800481796276 4.4661052227020273 10.413241863250734
decision_type=2 2 2 2 2 2 2 2 2 2 2 2 2
left_child=4 8 3 -3 6 12 11 -8 9 -2 -10 -1 -6
right_child=1 2 -4 -5 5 -7 7 -9 10 -11 -12 -13 -14
leaf_value=3.7631273937733607e-06 -0.00036745140904784928 -0.0034521021025720679 -0.0092616139214245306 0.00023258018729216816 0.0028838169543045919 0.0062956815624496121 0.0004324757353564142 -0.011900556049320509 1.7205059132361746e-05 0.0079421523225300019 -0.00021462959807397726 -0.00045945506488933354 -0.00055727710789555871
leaf_weight=875071 53 82 30 97 30 39 138 33 36433 30 12789 1771 73
leaf_count=875071 53 82 30 97 30 39 138 33 36433 30 12789 1771 73
internal_value=1.82685e-14 -4.92313e-05 -0.00257589 -0.00145537 2.77903e-06 0.00205187 2.44725e-06 -0.00194758 -3.8521e-05 0.00263602 -4.30309e-05 2.82754e-06 0.000444983
internal_weight=926669 49514 209 179 877155 142 877013 171 49305 83 49222 876842 103
internal_count=926669 49514 209 179 877155 142 877013 171 49305 83 49222 876842 103
is_linear=0
shrinkage=0.0177717


Tree=321
num_leaves=14
num_cat=0
split_feature=15 9 65 41 28 5 35 21 22 24 32 19 5
split_gain=0.39747 2.85173 5.86088 2.15572 6.96128 2.43693 1.87369 1.61147 1.55044 1.41729 2.67059 1.18775 0.65778
threshold=4.5911979675292978 5.6190409660339364 0.030568544752895836 1.0000000180025095e-35 12.424160003662111 4.7492611408233651 0.39399750530719763 9.7516632080078143 9.555368900299074 9.2437348365783709 0.96391448378562938 3.9007277488708501 2.1383330821990971
decision_type=2 2 2 2 2 2 2 2 2 2 2 2 2
left_child=1 9 12 5 8 7 -7 -2 -5 11 -11 -1 -3
right_child=3 2 -4 4 -6 6 -8 -9 -10 10 -12 -13 -14
leaf_value=2.2299182052041262e-07 0.0003094907329447562 -0.0023221486497634232 -0.0094531172074682757 0.00018602331603098421 -0.008947654682808245 0.00015493764126110158 0.0011551874194876267 -6.0199887039721382e-06 -0.0009819420945910459 -6.9846759712409676e-05 -0.00066454300208462845 0.00033407434301398057 0.00026056392868363201
leaf_weight=857539 6054 51 30 674 31 1246 1126 32884 768 20101 2706 3379 80
leaf_count=857539 6054 51 30 674 31 1246 1126 32884 768 20101 2706 3379 80
internal_value=1.50417e-13 -2.56069e-06 -0.00236757 5.29033e-05 -0.000615159 7.67245e-05 0.000629761 4.3035e-05 -0.000436028 -2.12983e-06 -0.000140406 1.53332e-06 -0.00074492
internal_weight=926669 883886 161 42783 1473 41310 2372 38938 1442 883725 22807 860918 131
internal_count=926669 883886 161 42783 1473 41310 2372 38938 1442 883725 22807 860918 131
is_linear=0
shrinkage=0.0177717


Tree=322
num_leaves=14
num_cat=0
split_feature=27 35 36 63 30 60 5 60 65 21 1 6 71
split_gain=0.395082 2.17005 14.9056 1.8958 9.61937 1.86484 1.47006 0.862552 8.80601 1.04772 0.788914 19.0663 0.640089
threshold=0.53093749284744274 0.044763000681996352 1.0000000180025095e-35 1.0000000180025095e-35 2.9649665355682377 1.0000000180025095e-35 1.7005987167358401 1.0000000180025095e-35 0.079103916883468642 8.864145755767824 1.0000000180025095e-35 1.9934304952621462 2.7994248867034917
decision_type=2 2 2 2 2 2 2 2 2 2 2 2 2
left_child=7 2 6 4 -3 -5 -2 10 9 -9 11 -1 -12
right_child=1 3 -4 5 -6 -7 -8 8 -10 -11 12 -13 -14
leaf_value=-0.00013344943363468507 0.00040669861688792457 0.00023917898395706824 0.012553775733715165 9.0498120255361296e-06 0.0064789133334999596 -0.0018207491292133626 -0.003979298533717813 -0.002601985923198223 0.010053974471610976 0.00044622800444664537 -4.4913675965533722e-06 -0.012313523380895443 -0.00011467761821369898
leaf_weight=4067 109 6371 34 350333 79 176 31 47 30 147 548031 41 17173
leaf_count=4067 109 6371 34 350333 79 176 31 47 30 147 548031 41 17173
internal_value=4.03263e-13 1.4654e-05 0.00199885 1.36868e-05 0.000315604 8.13102e-06 -0.000564486 -9.18895e-06 0.0010934 -0.000292257 -9.62277e-06 -0.000255013 -7.83924e-06
internal_weight=926669 357133 174 356959 6450 350509 140 569536 224 194 569312 4108 565204
internal_count=926669 357133 174 356959 6450 350509 140 569536 224 194 569312 4108 565204
is_linear=0
shrinkage=0.0177717


Tree=323
num_leaves=15
num_cat=0
split_feature=28 34 66 75 69 34 28 71 2 60 19 11 29 2
split_gain=0.393175 2.39438 4.14771 3.42187 1.44799 8.07535 0.955825 2.27749 14.5348 1.86029 23.7368 1.721 1.37197 0.838029
threshold=12.016354084014894 0.53046399354934703 0.059039535000920303 1.5000000000000002 36.750000000000007 0.30625399947166448 9.5597567558288592 2.5984133481979375 1.0000000180025095e-35 1.0000000180025095e-35 2.5795441865921025 3.3842465877532963 0.65051501989364635 40.500000000000007
decision_type=2 2 2 2 2 2 2 2 2 2 2 2 2 2
left_child=6 4 3 -3 13 -6 7 11 -9 12 -11 -1 -8 -2
right_child=1 2 -4 -5 5 -7 9 8 -10 10 -12 -13 -14 -15
leaf_value=-1.5398096830871755e-06 0.00013513093448477473 -0.0044674702342754847 -0.0053113663590852438 -0.00034722641367438762 -0.0092921940341115714 0.0023331084602514012 0.00015352662365237767 -0.0074891901451209072 -0.00025962698347599563 -0.0099759143491780847 0.0064933828590731024 -0.00023143546001979311 1.9407136343974521e-05 -4.8502963740912931e-05
leaf_weight=681421 9732 65 56 3092 32 46 28670 93 1580 59 52 10442 150763 40566
leaf_count=681421 9732 65 56 3092 32 46 28670 93 1580 59 52 10442 150763 40566
internal_value=-3.3679e-14 -4.67251e-05 -0.000517101 -0.000432059 -1.67243e-05 -0.00243625 2.86795e-06 -6.59319e-06 -0.000661509 3.94141e-05 -0.00226057 -5.00953e-06 4.08369e-05 -1.29722e-05
internal_weight=926669 53589 3213 3157 50376 78 873080 693536 1673 179544 111 691863 179433 50298
internal_count=926669 53589 3213 3157 50376 78 873080 693536 1673 179544 111 691863 179433 50298
is_linear=0
shrinkage=0.0177717


Tree=324
num_leaves=12
num_cat=0
split_feature=0 5 60 30 30 29 68 30 65 8 12
split_gain=0.391966 2.5628 1.17467 2.38933 1.06233 0.897962 2.42705 5.29206 3.29504 1.01411 1.04584
threshold=1.0000000180025095e-35 3.65057384967804 1.0000000180025095e-35 1.4982559680938723 3.6541764736175542 0.53959050774574291 -0.041332654654979699 2.9649665355682377 0.024731080979108814 26.500000000000004 9.8619050979614276
decision_type=2 2 2 2 2 2 2 2 2 2 2
left_child=1 2 4 -4 -1 6 7 -2 -8 10 -7
right_child=5 -3 3 -5 -6 9 8 -9 -10 -11 -12
leaf_value=-1.7033274399495233e-05 0.00030723048123686565 -0.004167522019623485 -0.0010773315213597763 0.0060155509129936734 -0.0016178065739310221 4.9597019245616624e-06 4.9561691130093519e-05 0.0072306886124788054 -0.00067646710778497315 0.0023913532743049986 -0.00010849661920137312
leaf_weight=270805 9311 47 30 30 131 553139 64139 35 2037 56 26909
leaf_count=270805 9311 47 30 30 131 553139 64139 35 2037 56 26909
internal_value=2.73103e-13 -1.79763e-05 -1.72566e-05 0.00246911 -1.78073e-05 7.43161e-06 6.50747e-05 0.000333158 2.72134e-05 -7.27717e-08 -3.03649e-07
internal_weight=926669 271043 270996 60 270936 655626 75522 9346 66176 580104 580048
internal_count=926669 271043 270996 60 270936 655626 75522 9346 66176 580104 580048
is_linear=0
shrinkage=0.0177717


Tree=325
num_leaves=9
num_cat=0
split_feature=8 8 1 26 8 20 34 4
split_gain=0.402647 0.464573 1.59438 2.62085 0.982661 1.44248 0.53218 0.437694
threshold=31.500000000000004 15.083333492279055 364.50000000000006 1.5000000000000002 14.645833492279055 7.0178570747375497 0.56333547830581676 82.333332061767592
decision_type=2 2 2 2 2 2 2 2
left_child=1 4 6 -4 7 -6 -3 -1
right_child=-2 2 3 -5 5 -7 -8 -9
leaf_value=-1.8940592007417631e-07 -0.0018794592689909909 0.0002453148725944907 0.0065407747145942267 0.00055392187990813233 -0.0038354982168915981 0.00061201683828694729 -0.0018773087906234906 0.0010962718565484572
leaf_weight=925864 36 414 34 72 51 42 41 115
leaf_count=925864 36 414 34 72 51 42 41 115
internal_value=3.42809e-13 7.3018e-08 0.000511336 0.00247423 -2.36697e-07 -0.00182694 5.40455e-05 -5.32332e-08
internal_weight=926669 926633 561 106 926072 93 455 925979
internal_count=926669 926633 561 106 926072 93 455 925979
is_linear=0
shrinkage=0.0177717


Tree=326
num_leaves=15
num_cat=0
split_feature=10 71 21 35 66 2 55 17 22 30 15 24 15 34
split_gain=0.392809 2.33946 13.08 18.9436 3.83614 1.858 2.54303 1.14514 0.982515 4.63143 1.70157 0.777978 1.40666 1.148
threshold=3.5409667491912846 3.0131236314773564 8.5663428306579608 0.26131650805473333 0.05616573058068753 2.5000000000000004 1.0000000180025095e-35 1.0000000180025095e-35 12.450990200042726 1.9754259586334231 5.5337600708007821 9.2437348365783709 4.158466339111329 0.58658647537231456
decision_type=2 2 2 2 2 2 2 2 2 2 2 2 2 2
left_child=8 5 3 -3 -4 6 -2 -7 11 -10 -11 12 -1 -13
right_child=1 2 4 -5 -6 7 -8 -9 9 10 -12 13 -14 -15
leaf_value=-8.8864718001507464e-07 -0.00059548204018490579 -0.01873501509122296 -0.00039295329441417065 -0.0010623701255896114 0.0039619644514096294 -2.3455782375311191e-06 -0.0047526889599080356 0.0004985950356050442 0.0073503297792443861 6.6123317375912447e-05 0.0016594320469090135 -5.9617138945599365e-05 0.0001024369986884098 -0.00054452490277216313
leaf_weight=823513 659 30 3722 53 65 18230 50 1565 30 1413 249 31641 43828 1621
leaf_count=823513 659 30 3722 53 65 18230 50 1565 30 1413 249 31641 43828 1621
internal_value=-8.82603e-14 -7.03995e-05 -0.000471163 -0.00745007 -0.000318206 5.24211e-06 -0.000888656 3.7259e-05 1.90172e-06 0.000429752 0.000304832 1.0979e-06 4.33255e-06 -8.32488e-05
internal_weight=926669 24374 3870 83 3787 20504 709 19795 902295 1692 1662 900603 867341 33262
internal_count=926669 24374 3870 83 3787 20504 709 19795 902295 1692 1662 900603 867341 33262
is_linear=0
shrinkage=0.0177717


Tree=327
num_leaves=9
num_cat=0
split_feature=12 5 8 32 1 35 1 69
split_gain=0.391465 3.655 1.65758 0.428526 2.96598 0.886013 0.266363 0.0781541
threshold=50.350000381469734 3.3140207529067998 26.500000000000004 0.99588799476623546 1.0000000180025095e-35 0.73602500557899486 56.500000000000007 0.99633026123046886
decision_type=2 2 2 2 2 2 2 2
left_child=2 6 3 5 -5 -1 -2 -8
right_child=1 -3 -4 4 -6 -7 7 -9
leaf_value=7.4987689253990022e-07 -0.00059157502755562261 -0.0063870751003809794 0.0035734037332039409 0.0033625026356666771 0.00010606108380113125 -0.00018435197309584389 0.00081796020405953767 0.0021007645654501713
leaf_weight=913397 30 30 41 90 4780 8241 30 30
leaf_count=913397 30 30 41 90 4780 8241 30 30
internal_value=-3.19617e-13 -0.00101498 1.31453e-07 -2.66723e-08 0.000166242 -9.05246e-07 0.000775717 0.00145936
internal_weight=926669 120 926549 926508 4870 921638 90 60
internal_count=926669 120 926549 926508 4870 921638 90 60
is_linear=0
shrinkage=0.0177717


Tree=328
num_leaves=9
num_cat=0
split_feature=8 8 1 26 8 20 34 71
split_gain=0.401976 0.447409 1.53015 2.53588 0.94697 1.39407 0.503492 0.439926
threshold=31.500000000000004 15.083333492279055 364.50000000000006 1.5000000000000002 14.645833492279055 7.0178570747375497 0.56333547830581676 4.7292296886444101
decision_type=2 2 2 2 2 2 2 2
left_child=1 4 6 -4 7 -6 -3 -1
right_child=-2 2 3 -5 5 -7 -8 -9
leaf_value=-1.4798570249699529e-06 -0.0018778913372798902 0.00023986079080380137 0.0064248327675231259 0.00053582908125596152 -0.0037680210056072437 0.00060422867116960649 -0.001824757887544821 0.00010495519132980282
leaf_weight=913547 36 414 34 72 51 42 41 12432
leaf_count=913547 36 414 34 72 51 42 41 12432
internal_value=-2.80863e-13 7.29564e-08 0.000501803 0.00242475 -2.30984e-07 -0.00179346 5.38182e-05 -5.08824e-08
internal_weight=926669 926633 561 106 926072 93 455 925979
internal_count=926669 926633 561 106 926072 93 455 925979
is_linear=0
shrinkage=0.0177717


Tree=329
num_leaves=14
num_cat=0
split_feature=43 25 12 71 6 8 25 55 60 68 60 5 17
split_gain=0.388826 1.01074 2.09756 1.32813 16.9959 0.992957 0.709967 0.445412 2.05825 1.33443 0.830574 29.9424 0.718454
threshold=1.0000000180025095e-35 4.1190040111541757 2.7182540893554692 3.6941432952880864 1.0965619683265688 1.7171429991722109 4.0689902305603036 1.0000000180025095e-35 1.0000000180025095e-35 -0.051579724997282021 1.0000000180025095e-35 3.1567740440368657 1.2428609728813174
decision_type=2 2 2 2 2 2 2 2 2 2 2 2 2
left_child=7 3 -3 6 -5 -4 -2 10 9 -9 12 -12 -1
right_child=1 2 5 4 -6 -7 -8 8 -10 -11 11 -13 -14
leaf_value=-2.8217810102389228e-06 -0.0001340833244147657 0.0040381002069785343 0.0023390335720480603 -0.012382710398026128 0.0006091426285729963 9.5809163457921816e-05 -0.001918842704320168 0.00031635242826812961 0.0034514218235481542 1.9417748521949895e-05 0.0009594664895893972 -0.016432253071141784 0.00028339568744008151
leaf_weight=847612 8255 46 65 38 195 1513 71 5190 56 60521 293 35 2779
leaf_count=847612 8255 46 65 38 195 1513 71 5190 56 60521 293 35 2779
internal_value=-5.66282e-13 -0.000109212 0.000297259 -0.000186337 -0.0015097 0.000188211 -0.000149303 1.21345e-06 4.57727e-05 4.28703e-05 -2.23132e-06 -0.000896357 -1.88645e-06
internal_weight=926669 10183 1624 8559 233 1578 8326 916486 65767 65711 850719 328 850391
internal_count=926669 10183 1624 8559 233 1578 8326 916486 65767 65711 850719 328 850391
is_linear=0
shrinkage=0.0177717


Tree=330
num_leaves=12
num_cat=0
split_feature=10 60 3 15 8 28 8 4 71 49 71
split_gain=0.389053 2.9033 13.9234 2.06604 3.99134 2.71936 2.37594 1.20424 4.1575 1.92758 1.00452
threshold=2.7300317287445073 1.0000000180025095e-35 4.2555875778198251 4.9701025485992441 1.3141444921493532 10.064853191375734 23.590741157531742 5.0185184478759775 4.3127546310424814 1.0000000180025095e-35 4.1207323074340829
decision_type=2 2 2 2 2 2 2 2 2 2 2
left_child=3 7 -3 6 -5 -6 10 8 -2 -9 -1
right_child=1 2 -4 4 5 -7 -8 9 -10 -11 -12
leaf_value=1.0938838421361568e-06 -6.9583511709558598e-05 0.0033914588620606975 -0.01158917349413534 0.0063908349162610911 -0.00033106691963791284 0.0011044315068419381 -0.0045622931673021203 -3.4590063919017981e-06 -0.0014211903449652746 0.00035339996126936869 0.00017518958951092439
leaf_weight=790431 56713 43 36 37 728 975 36 61148 728 5186 10608
leaf_count=790431 56713 43 36 37 728 975 36 61148 728 5186 10608
internal_value=3.18518e-13 -2.93174e-05 -0.00343516 4.52293e-06 0.000616244 0.000490783 3.19422e-06 -2.71436e-05 -8.67136e-05 2.44403e-05 3.3994e-06
internal_weight=926669 123854 79 802815 1740 1703 801075 123775 57441 66334 801039
internal_count=926669 123854 79 802815 1740 1703 801075 123775 57441 66334 801039
is_linear=0
shrinkage=0.0177717


Tree=331
num_leaves=14
num_cat=0
split_feature=12 1 22 8 27 32 34 21 21 69 8 60 17
split_gain=0.395319 2.61839 13.3554 25.1615 4.20459 2.23614 4.14898 2.04471 4.78018 2.51733 0.67516 2.80114 1.36624
threshold=11.79655170440674 1.5000000000000002 5.343393325805665 4.9309520721435556 0.4903590083122254 0.99845400452613842 0.37182100117206579 9.724062919616701 9.6953320503234881 36.750000000000007 3.5751880407333378 1.0000000180025095e-35 0.81162449717521679
decision_type=2 2 2 2 2 2 2 2 2 2 2 2 2
left_child=5 2 3 -2 -4 10 -7 8 -3 -9 12 -12 -1
right_child=1 7 4 -5 -6 6 -8 9 -10 -11 11 -13 -14
leaf_value=-2.7171440527701279e-07 -0.019595672678009629 0.00055523293697968407 -0.0065010051577906536 -0.00051664825200141581 0.00023271150923083496 -0.00099543949610783567 0.0058176619008990862 -8.2485070273535465e-05 0.0068496532944857004 0.0033183873411447252 6.3811814223824339e-05 0.0053236551925964198 -0.0002666243281981365
leaf_weight=854516 34 411 31 61 530 55 58 18355 42 69 46349 32 6126
leaf_count=854516 34 411 31 61 530 55 58 18355 42 69 46349 32 6126
internal_value=-1.83242e-14 -7.91031e-05 -0.00118287 -0.00734493 -0.000139383 1.7033e-06 0.00250155 -4.07458e-05 0.00113882 -6.97484e-05 1.39186e-06 6.74408e-05 -2.1676e-06
internal_weight=926669 19533 656 95 561 907136 113 18877 453 18424 907023 46381 860642
internal_count=926669 19533 656 95 561 907136 113 18877 453 18424 907023 46381 860642
is_linear=0
shrinkage=0.0177717


Tree=332
num_leaves=13
num_cat=0
split_feature=27 60 67 12 6 69 34 2 27 17 4 60
split_gain=0.39342 7.79111 2.91144 3.78589 3.72869 0.855548 3.44846 6.02268 3.16808 0.958063 5.72271 1.72861
threshold=0.98492148518562328 1.0000000180025095e-35 -0.09470436722040175 5.6043479442596444 0.87409400939941417 4.6226265430450448 0.41106401383876806 65.500000000000014 0.95488852262496959 1.0602869987487795 3.6733335256576543 1.0000000180025095e-35
decision_type=2 2 2 2 2 2 2 2 2 2 2 2
left_child=5 2 4 -4 -2 9 8 -8 -7 11 -11 -1
right_child=1 -3 3 -5 -6 6 7 -9 -10 10 -12 -13
leaf_value=1.4915108216920992e-06 -0.00038660418550080306 -0.00810516192330904 -0.00068241473308490984 2.2558527019101181e-05 0.0001942049660431304 -8.4647020295464505e-05 0.0010460608237184955 0.009063966358413382 0.0020517077763972666 -0.0068222717677632857 -0.00021901334416051188 0.0012560730261344558
leaf_weight=888343 4468 38 4520 5144 15965 3711 650 31 233 42 3177 347
leaf_count=888343 4468 38 4520 5144 15965 3711 650 31 233 42 3177 347
internal_value=1.50894e-13 -6.31603e-05 -5.30066e-05 -0.000307168 6.72018e-05 2.12299e-06 0.00024321 0.00141105 4.15626e-05 8.72835e-07 -0.00030517 1.98138e-06
internal_weight=926669 30135 30097 9664 20433 896534 4625 681 3944 891909 3219 888690
internal_count=926669 30135 30097 9664 20433 896534 4625 681 3944 891909 3219 888690
is_linear=0
shrinkage=0.0177717


Tree=333
num_leaves=13
num_cat=0
split_feature=23 9 5 67 71 5 11 11 8 35 71 65
split_gain=0.388358 3.99013 0.501812 1.44124 1.44244 0.604111 2.41411 1.33352 0.412848 0.144371 0.490225 0.170102
threshold=6.1495356559753427 3.2951241731643681 5.8721139430999765 -0.067103773355483995 4.8491616249084482 4.1666352748870858 5.800605535507203 5.9622857570648202 10.781745910644533 0.51805400848388683 5.3661370277404794 0.14885086566209796
decision_type=2 2 2 2 2 2 2 2 2 2 2 2
left_child=2 -2 5 8 -5 7 -7 -1 -4 11 -11 -3
right_child=1 9 3 4 -6 6 -8 -9 -10 10 -12 -13
leaf_value=1.6013106819756652e-06 -0.0065178202260214677 -0.00012515493647900181 -0.00019670874085168417 0.00064461775184107724 0.0032615750049975831 -0.00010585889130533892 -0.0050708572213393043 0.0035741702096673098 0.0019385780721327419 0.00029095496888825089 -0.0022764247581829973 0.0012343755098026524
leaf_weight=910836 32 934 612 255 90 13690 31 33 30 55 41 30
leaf_count=910836 32 934 612 255 90 13690 31 33 30 55 41 30
internal_value=5.64323e-13 -0.000334949 3.95175e-07 0.000400903 0.0013273 -3.23665e-08 -0.000117076 1.73074e-06 -9.6929e-05 -0.000148297 -0.00080553 -8.28459e-05
internal_weight=926669 1092 925577 987 345 924590 13721 910869 642 1060 96 964
internal_count=926669 1092 925577 987 345 924590 13721 910869 642 1060 96 964
is_linear=0
shrinkage=0.0177717


Tree=334
num_leaves=9
num_cat=0
split_feature=8 8 1 26 8 20 34 25
split_gain=0.389048 0.436967 1.47867 2.42629 0.914229 1.34412 0.482673 0.432564
threshold=31.500000000000004 15.083333492279055 364.50000000000006 1.5000000000000002 14.645833492279055 7.0178570747375497 0.56333547830581676 6.0556118488311776
decision_type=2 2 2 2 2 2 2 2
left_child=1 4 6 -4 7 -6 -3 -1
right_child=-2 2 3 -5 5 -7 -8 -9
leaf_value=6.2930316461895354e-07 -0.0018474467201397922 0.00023768324542797084 0.0062989309521853639 0.0005385821552193323 -0.0037010462543242582 0.00059215394777027133 -0.0017837998161065846 -0.00021672237893745073
leaf_weight=923078 36 414 34 72 51 42 41 2901
leaf_count=923078 36 414 34 72 51 42 41 2901
internal_value=-5.51434e-14 7.17739e-08 0.000495912 0.00238624 -2.28598e-07 -0.00176218 5.55276e-05 -5.1638e-08
internal_weight=926669 926633 561 106 926072 93 455 925979
internal_count=926669 926633 561 106 926072 93 455 925979
is_linear=0
shrinkage=0.0177717


Tree=335
num_leaves=15
num_cat=0
split_feature=35 27 10 11 5 2 12 63 29 35 22 21 71 15
split_gain=0.38627 4.13691 8.46183 15.3909 3.04026 1.58767 5.43849 1.31682 19.6157 7.14216 1.02316 6.33645 3.11012 0.811539
threshold=0.1803029999136925 0.93181201815605175 3.3364613056182866 2.9174053668975835 3.4811217784881596 10.500000000000002 12.839743614196779 1.0000000180025095e-35 1.3323209881782534 0.36492000520229345 2.3636615276336674 6.9087588787078866 3.2202074527740483 3.1063134670257573
decision_type=2 2 2 2 2 2 2 2 2 2 2 2 2 2
left_child=1 5 4 -4 -3 6 -1 8 9 -2 12 -12 -9 -7
right_child=7 2 3 -5 -6 13 -8 10 -10 -11 11 -13 -14 -15
leaf_value=-0.00026846545148885998 0.00082012158947206929 -0.001181821580111594 0.0005893314728009295 -0.015626341700862023 0.0048410520208552969 4.4717399323806214e-06 -0.0052611463391046553 -1.1032947618927433e-05 -0.012667658013184776 -0.00027541327331858051 -0.0062312368409324038 3.3624137926458288e-05 -0.00095357872221848875 -7.3362414899449493e-05
leaf_weight=4418 3989 225 38 36 30 236048 70 370372 37 3554 51 255144 1109 51548
leaf_count=4418 3989 225 38 36 30 236048 70 370372 37 3554 51 255144 1109 51548
internal_value=9.28569e-14 -1.68985e-05 -0.00200861 -0.00729937 -0.000473248 -1.4655e-05 -0.000346337 7.79076e-06 0.000240626 0.000303944 4.97448e-06 3.23721e-05 -1.38468e-05 -9.47906e-06
internal_weight=926669 292413 329 74 255 292084 4488 634256 7580 7543 626676 255195 371481 287596
internal_count=926669 292413 329 74 255 292084 4488 634256 7580 7543 626676 255195 371481 287596
is_linear=0
shrinkage=0.0177717


Tree=336
num_leaves=15
num_cat=0
split_feature=28 34 66 63 69 71 28 71 2 60 19 11 29 5
split_gain=0.383485 2.30492 4.00078 3.30819 1.41119 7.8096 0.910431 2.18056 14.026 1.71263 23.1173 1.66718 1.3119 0.829466
threshold=12.016354084014894 0.53046399354934703 0.059039535000920303 1.0000000180025095e-35 36.750000000000007 2.9080713987350468 9.5597567558288592 2.5984133481979375 1.0000000180025095e-35 1.0000000180025095e-35 2.5795441865921025 3.3842465877532963 0.65051501989364635 5.2284276485443124
decision_type=2 2 2 2 2 2 2 2 2 2 2 2 2 2
left_child=6 4 3 -3 13 -6 7 11 -9 12 -11 -1 -8 -2
right_child=1 2 -4 -5 5 -7 9 8 -10 10 -12 -13 -14 -15
leaf_value=-1.4367175206752311e-06 -5.9076424383023179e-06 -0.0049136887966682724 -0.0052162392500620502 -0.00035041080607863716 0.002040382807680383 -0.0095183620694892571 0.00015006041893107175 -0.0073543549292601597 -0.00025244343772520486 -0.0097823229096440176 0.006470647221231556 -0.00022770941596008095 1.8909938231412902e-05 -0.00074670081734937632
leaf_weight=681421 49816 51 56 3106 48 30 28670 93 1580 59 52 10442 150763 482
leaf_count=681421 49816 51 56 3106 48 30 28670 93 1580 59 52 10442 150763 482
internal_value=1.01152e-13 -4.61457e-05 -0.000507651 -0.000424129 -1.67107e-05 -0.00240529 2.83239e-06 -6.40135e-06 -0.00064723 3.85001e-05 -0.00216832 -4.85176e-06 3.98653e-05 -1.30066e-05
internal_weight=926669 53589 3213 3157 50376 78 873080 693536 1673 179544 111 691863 179433 50298
internal_count=926669 53589 3213 3157 50376 78 873080 693536 1673 179544 111 691863 179433 50298
is_linear=0
shrinkage=0.0177717


Tree=337
num_leaves=13
num_cat=0
split_feature=42 18 32 32 73 66 2 27 60 69 8 17
split_gain=0.383622 2.04256 2.59289 2.27115 2.70004 1.42443 0.87932 0.546608 4.96485 2.96808 0.845631 0.885653
threshold=1.0000000180025095e-35 1.0000000180025095e-35 0.99660599231719982 0.99168199300766002 0.52304551005363475 -0.065281283110380159 2.5000000000000004 0.98492148518562328 1.0000000180025095e-35 16.545454978942875 26.500000000000004 1.0602869987487795
decision_type=2 2 2 2 2 2 2 2 2 2 2 2
left_child=7 2 6 5 -5 -3 -2 10 9 -9 11 -1
right_child=1 3 -4 4 -6 -7 -8 8 -10 -11 -12 -13
leaf_value=2.0014407244785138e-06 0.0017882096687399976 0.0028103465653377697 -0.0038391108569138838 0.0040962085313617494 0.00051081143473174432 0.00026695698134314731 1.5520266688172218e-05 -4.8858235731422825e-05 -0.0065829088946497598 -0.0016792876190451303 0.0024932176501964989 -0.00029685612044085468
leaf_weight=879624 89 73 55 123 144 1470 12637 28874 37 357 43 3143
leaf_count=879624 89 73 55 123 144 1470 12637 28874 37 357 43 3143
internal_value=6.38804e-13 9.04052e-05 1.12768e-05 0.000649156 0.00216251 0.000387286 2.79177e-05 -1.44626e-06 -7.70058e-05 -6.87708e-05 1.05878e-06 9.37389e-07
internal_weight=926669 14591 12781 1810 267 1543 12726 912078 29268 29231 882810 882767
internal_count=926669 14591 12781 1810 267 1543 12726 912078 29268 29231 882810 882767
is_linear=0
shrinkage=0.0177717


Tree=338
num_leaves=15
num_cat=0
split_feature=16 72 2 73 32 17 17 50 73 72 29 2 68 21
split_gain=0.385383 2.69801 4.92372 8.66008 2.76787 2.17438 1.98199 1.6433 4.74865 9.55864 1.53867 3.38893 1.45957 0.510981
threshold=1.2172845005989077 17.361248016357425 7.5000000000000009 0.55852749943733226 0.99809950590133678 1.0000000180025095e-35 0.38907550275325781 1.0000000180025095e-35 0.34078051149845129 4.1256866455078134 1.0206965208053591 1.0000000180025095e-35 -0.051579724997282021 12.568441867828371
decision_type=2 2 2 2 2 2 2 2 2 2 2 2 2 2
left_child=1 4 3 -3 6 -4 -1 10 9 -9 12 -12 -2 -10
right_child=7 2 5 -5 -6 -7 -8 8 13 -11 11 -13 -14 -15
leaf_value=-2.0772901058353634e-06 0.00020948312264988222 -0.0029957971356257599 -0.00032030131140317239 0.00023680229376429646 0.0053940703630774847 0.00058017913086964607 -0.00047586838984839332 0.0096388734029238428 -0.00026847710093964644 0.00090310376729072709 -0.001208276252685745 -2.1329667395934963e-05 3.4613453771911636e-05 0.0020938164255376161
leaf_weight=630751 17020 558 4601 493 30 1038 2801 53 431 156 764 136029 131913 31
leaf_count=630751 17020 558 4601 493 30 1038 2801 53 431 156 764 136029 131913 31
internal_value=3.46408e-13 -7.66507e-06 -0.000362689 -0.00147946 -3.91636e-06 -0.000154545 -4.17197e-06 1.71361e-05 0.000895587 0.00311839 1.50732e-05 -2.79589e-05 5.45975e-05 -0.000109968
internal_weight=926669 640272 6690 1051 633582 5639 633552 286397 671 209 285726 136793 148933 462
internal_count=926669 640272 6690 1051 633582 5639 633552 286397 671 209 285726 136793 148933 462
is_linear=0
shrinkage=0.0177717


Tree=339
num_leaves=8
num_cat=0
split_feature=8 12 69 48 12 19 15
split_gain=0.383979 0.432618 2.75724 2.57538 0.802386 1.28468 0.750054
threshold=31.500000000000004 24.828571319580082 1.6820991039276125 1.0000000180025095e-35 24.108823776245121 4.3622887134552011 5.9853553771972665
decision_type=2 2 2 2 2 2 2
left_child=1 4 3 -3 6 -6 -1
right_child=-2 2 -4 -5 5 -7 -8
leaf_value=3.6532092057223915e-07 -0.0018353717661726131 8.8872619542751383e-05 0.0056198013770687978 0.0050286684760258663 -0.00043542973294316903 -0.0043217716543305649 -0.0004234097287340163
leaf_weight=923385 36 1701 30 34 128 34 1321
leaf_count=923385 36 1701 30 34 128 34 1321
internal_value=8.23141e-14 7.13049e-08 0.00027804 0.000185676 -4.59166e-07 -0.00125108 -2.40068e-07
internal_weight=926669 926633 1765 1735 924868 162 924706
internal_count=926669 926633 1765 1735 924868 162 924706
is_linear=0
shrinkage=0.0177717


Tree=340
num_leaves=15
num_cat=0
split_feature=5 67 27 15 5 61 17 4 60 19 71 70 35 71
split_gain=0.379577 1.43405 1.26031 1.03621 0.603601 2.10166 6.08737 2.00628 1.24018 10.5605 0.861324 0.33356 0.221175 0.233032
threshold=5.8721139430999765 -0.067103773355483995 0.50820448994636547 4.8521330356597909 4.1666352748870858 1.0000000180025095e-35 1.161109507083893 82.333332061767592 1.0000000180025095e-35 2.5795441865921025 5.6912615299224862 0.1611774563789368 0.73602500557899486 5.3661370277404794
decision_type=2 2 2 2 2 2 2 2 2 2 2 2 2 2
left_child=4 12 11 -4 8 6 -6 -7 10 -10 -1 -3 13 -2
right_child=1 2 3 -5 5 7 -8 -9 9 -11 -12 -13 -14 -15
leaf_value=2.3426786786299093e-07 -3.8094569245034849e-05 -0.00059151515255963791 0.00085925528779352649 0.0034877601644484808 -0.00044110617708626089 -9.0855772224489903e-05 -0.006455441498469364 0.0038464154641129848 -0.00031940281966086928 0.0075991737558593463 0.00041566544314529461 0.00095208168270672321 0.0011178561405242652 -0.00086186664182396819
leaf_weight=909712 569 91 90 100 340 13442 63 41 315 64 1579 86 43 134
leaf_count=909712 569 91 90 100 340 13442 63 41 315 64 1579 86 43 134
internal_value=1.0684e-13 0.000327998 0.00123749 0.00224268 -3.94424e-07 -0.000116682 -0.00138131 -7.88831e-05 1.3768e-06 0.00101777 9.54088e-07 0.000158481 -0.000119434 -0.000195115
internal_weight=926669 1113 367 190 925556 13886 403 13483 911670 379 911291 177 746 703
internal_count=926669 1113 367 190 925556 13886 403 13483 911670 379 911291 177 746 703
is_linear=0
shrinkage=0.0177717


Tree=341
num_leaves=9
num_cat=0
split_feature=12 5 8 5 5 29 1 69
split_gain=0.38315 3.52859 1.6014 0.408328 1.7565 1.46355 0.263274 0.0758406
threshold=50.350000381469734 3.3140207529067998 26.500000000000004 5.3205649852752694 5.2548844814300546 1.0206965208053591 56.500000000000007 0.99633026123046886
decision_type=2 2 2 2 2 2 2 2
left_child=2 6 3 4 -1 -5 -2 -8
right_child=1 -3 -4 5 -6 -7 7 -9
leaf_value=-2.2515720473222116e-07 -0.00060402218006724948 -0.0062825291727273951 0.0035123194051042165 0.00095248729561030329 -0.0013339006377293154 -9.0451576192113355e-06 0.00080314963665194499 0.0020668247514084512
leaf_weight=923390 30 30 41 651 312 2155 30 30
leaf_count=923390 30 30 41 651 312 2155 30 30
internal_value=-2.25333e-13 -0.00100414 1.30049e-07 -2.53727e-08 -6.75634e-07 0.000214033 0.000755317 0.00143499
internal_weight=926669 120 926549 926508 923702 2806 90 60
internal_count=926669 120 926549 926508 923702 2806 90 60
is_linear=0
shrinkage=0.0177717


Tree=342
num_leaves=8
num_cat=0
split_feature=8 12 69 48 12 19 15
split_gain=0.389162 0.412566 2.64728 2.48088 0.775515 1.23856 0.730474
threshold=31.500000000000004 24.828571319580082 1.6820991039276125 1.0000000180025095e-35 24.108823776245121 4.3622887134552011 5.9853553771972665
decision_type=2 2 2 2 2 2 2
left_child=1 4 3 -3 6 -6 -1
right_child=-2 2 -4 -5 5 -7 -8
leaf_value=3.6658692370521614e-07 -0.0018477191461621948 8.6007787632690546e-05 0.0055056782421583688 0.0049343294760655944 -0.00042907249547082638 -0.0042450184229473713 -0.00041784070766765565
leaf_weight=923385 36 1701 30 34 128 34 1321
leaf_count=923385 36 1701 30 34 128 34 1321
internal_value=3.16044e-13 7.17848e-08 0.000271522 0.000181018 -4.46246e-07 -0.00122995 -2.30848e-07
internal_weight=926669 926633 1765 1735 924868 162 924706
internal_count=926669 926633 1765 1735 924868 162 924706
is_linear=0
shrinkage=0.0177717


Tree=343
num_leaves=13
num_cat=0
split_feature=0 73 5 32 60 66 30 10 4 71 66 71
split_gain=0.378674 2.46822 1.17656 6.98162 1.10438 0.86672 2.33259 5.66029 3.11131 0.707014 3.64865 1.35587
threshold=1.0000000180025095e-35 14.097233295440676 2.4414010047912602 0.92900449037551891 1.0000000180025095e-35 -0.022426406852900978 2.828981995582581 1.1636388301849367 57.589284896850593 2.7073619365692143 -0.013877217192202805 2.5984133481979375
decision_type=2 2 2 2 2 2 2 2 2 2 2 2
left_child=1 2 4 -4 -1 6 8 -8 -2 11 -11 -7
right_child=5 -3 3 -5 -6 9 7 -9 -10 10 -12 -13
leaf_value=-1.9404047017628129e-05 3.5432987497576029e-05 -0.0037820735523597052 -3.3686639704120427e-05 0.0046949591758184018 0.0024765671634532625 4.9058695735448365e-06 0.004936662649130715 0.00032217980695038576 -0.0048035372569265366 -0.00079391677183748334 -3.1618588555372368e-05 0.00048375122204837327
leaf_weight=270158 51810 55 658 116 56 548132 85 6837 42 2075 44771 1874
leaf_count=270158 51810 55 658 116 56 548132 85 6837 42 2075 44771 1874
internal_value=-4.51899e-13 -1.76689e-05 -1.69049e-05 0.000674999 -1.88868e-05 7.30452e-06 7.24197e-05 0.000378844 3.15134e-05 8.92417e-07 -6.53839e-05 6.53741e-06
internal_weight=926669 271043 270988 774 270214 655626 58774 6922 51852 596852 46846 550006
internal_count=926669 271043 270988 774 270214 655626 58774 6922 51852 596852 46846 550006
is_linear=0
shrinkage=0.0177717


Tree=344
num_leaves=13
num_cat=0
split_feature=32 60 38 58 2 32 71 1 74 17 29 60
split_gain=0.379933 5.33754 4.33467 11.566 4.0124 2.49376 7.62482 7.03229 1.77469 0.915578 7.99063 1.20007
threshold=0.97681450843811046 1.0000000180025095e-35 1.0000000180025095e-35 1.0000000180025095e-35 1.0000000180025095e-35 0.97191047668457042 4.7292296886444101 140.50000000000003 1.5000000000000002 0.73856049776077282 0.38907550275325781 1.0000000180025095e-35
decision_type=2 2 2 2 2 2 2 2 2 2 2 2
left_child=5 2 4 -4 -2 9 8 -8 -7 11 -11 -1
right_child=1 -3 3 -5 -6 6 7 -9 -10 10 -12 -13
leaf_value=1.4763325565153324e-06 -0.0039729364749844787 -0.006461645697319808 -0.00050260218867286238 -0.0067166243785714346 1.123595086521224e-05 -0.0011132944539378397 0.0016021445641792185 0.012661906442968628 0.00037213436414209851 -0.0051513578757468445 -0.00012316216345485429 0.0010423220068256453
leaf_weight=870662 80 41 2728 98 38495 267 46 30 5228 101 8543 350
leaf_count=870662 80 41 2728 98 38495 267 46 30 5228 101 8543 350
internal_value=1.16338e-13 -5.25931e-05 -4.62461e-05 -0.000718092 2.97325e-06 2.46215e-06 0.00037728 0.00596784 0.000299958 8.8373e-08 -0.000181914 1.89458e-06
internal_weight=926669 41442 41401 2826 38575 885227 5571 76 5495 879656 8644 871012
internal_count=926669 41442 41401 2826 38575 885227 5571 76 5495 879656 8644 871012
is_linear=0
shrinkage=0.0177717


Tree=345
num_leaves=12
num_cat=0
split_feature=29 22 71 27 15 71 73 8 20 69 4
split_gain=0.377429 3.74002 10.0551 4.05359 12.1265 4.46762 0.992084 0.641082 0.606135 2.59666 1.68851
threshold=1.0000000180025095e-35 11.567092418670656 2.3414356708526616 0.98658648133277904 3.9047638177871709 4.1207323074340829 1.3017615079879763 31.500000000000004 6.5119049549102792 3.7670542001724248 27.519230842590336
decision_type=2 2 2 2 2 2 2 2 2 2 2
left_child=1 3 6 5 -5 -1 -3 8 10 -10 -2
right_child=7 2 -4 4 -6 -7 -8 -9 9 -11 -12
leaf_value=3.8042013189328454e-05 -1.7226943425687088e-06 -0.0023677573478978154 0.011882666224225454 -0.012893570644625006 -0.00066954370032311578 0.0027058811750424179 0.0014561531230548081 -0.0024430778353750036 0.00014198320719322871 0.0044747664358434514 -0.00027950892230961522
leaf_weight=52738 860226 30 31 30 176 199 75 34 6119 44 6967
leaf_count=52738 860226 30 31 30 176 199 75 34 6119 44 6967
internal_value=-1.64149e-13 4.5921e-05 0.00298928 3.83886e-05 -0.00244974 4.80709e-05 0.000363607 -2.8013e-06 -2.7063e-06 0.000172917 -3.95442e-06
internal_weight=926669 53279 136 53143 206 52937 105 873390 873356 6163 867193
internal_count=926669 53279 136 53143 206 52937 105 873390 873356 6163 867193
is_linear=0
shrinkage=0.0177717


Tree=346
num_leaves=13
num_cat=0
split_feature=13 32 71 69 38 27 17 27 2 11 35 19
split_gain=0.378931 3.21173 2.7959 13.8362 1.82 6.04114 6.23088 4.10216 2.10848 3.20677 1.7713 1.74516
threshold=2.4401209354400639 0.99873849749565136 3.2202074527740483 1.9943438172340395 1.0000000180025095e-35 0.78193101286888134 1.0000000180025095e-35 0.76987150311470043 1.5000000000000002 1.0000000180025095e-35 0.41733001172542578 3.0000733137130742
decision_type=2 2 2 2 2 2 2 2 2 2 2 2
left_child=1 2 11 -4 8 7 -7 -6 9 -2 -10 -1
right_child=4 -3 3 -5 5 6 -8 -9 10 -11 -12 -13
leaf_value=1.348808805575648e-06 -0.0039090347878053804 0.0056236967423368388 -0.00025048137908449951 -0.0058780082987245786 0.00016011828532101009 -0.00038222846592421905 -0.0021654483352486951 0.0048055377428245834 -6.1613299407625731e-06 0.001050913904922591 0.0001074872435469778 -0.00017691996492013936
leaf_weight=679676 43 32 6459 141 3805 2769 797 61 153832 967 60289 17798
leaf_count=679676 43 32 6459 141 3805 2769 797 61 153832 967 60289 17798
internal_value=2.56596e-13 -6.38933e-06 -6.64522e-06 -0.000370706 2.02135e-05 -0.000253211 -0.000780778 0.000233416 2.96593e-05 0.000839748 2.58381e-05 -3.20022e-06
internal_weight=926669 704106 704074 6600 222563 7432 3566 3866 215131 1010 214121 697474
internal_count=926669 704106 704074 6600 222563 7432 3566 3866 215131 1010 214121 697474
is_linear=0
shrinkage=0.0177717


Tree=347
num_leaves=14
num_cat=0
split_feature=15 9 65 41 28 5 71 21 12 24 32 19 5
split_gain=0.382906 2.77324 5.62862 2.05959 6.65879 2.35524 1.82059 1.55921 1.54015 1.32433 2.56715 1.15909 0.634485
threshold=4.5911979675292978 5.6190409660339364 0.030568544752895836 1.0000000180025095e-35 12.424160003662111 4.7492611408233651 1.7939023375511172 9.7516632080078143 5.7171428203582773 9.2437348365783709 0.96391448378562938 4.0676238536834726 2.1383330821990971
decision_type=2 2 2 2 2 2 2 2 2 2 2 2 2
left_child=1 9 12 5 8 7 -7 -2 -5 11 -11 -1 -3
right_child=3 2 -4 4 -6 6 -8 -9 -10 10 -12 -13 -14
leaf_value=5.307061244794046e-07 0.00030418845786034279 -0.0022936243515870344 -0.0092784809534065746 -0.0013747750591297152 -0.008750522376127336 5.3994681012003088e-05 0.0010480221235120567 -6.1639741190571963e-06 -7.0377448399234078e-05 -6.6573519234398791e-05 -0.00064963889482936947 0.00046273831084167957 0.00024294318041599353
leaf_weight=859201 6054 51 30 393 31 1024 1348 32884 1049 20101 2706 1717 80
leaf_count=859201 6054 51 30 393 31 1024 1348 32884 1049 20101 2706 1717 80
internal_value=4.06264e-13 -2.51334e-06 -0.00233474 5.1925e-05 -0.000601072 7.5209e-05 0.000618897 4.2089e-05 -0.000425876 -2.08845e-06 -0.000135753 1.45252e-06 -0.000744575
internal_weight=926669 883886 161 42783 1473 41310 2372 38938 1442 883725 22807 860918 131
internal_count=926669 883886 161 42783 1473 41310 2372 38938 1442 883725 22807 860918 131
is_linear=0
shrinkage=0.0177717


Tree=348
num_leaves=14
num_cat=0
split_feature=43 15 10 9 27 66 36 72 30 4 17 35 27
split_gain=0.378644 1.00132 4.33385 1.49099 1.18035 0.60029 0.438724 1.11933 4.70893 1.89602 1.11876 2.29986 1.25469
threshold=1.0000000180025095e-35 3.7842893600463872 3.400815606117249 3.8412939310073857 0.86584800481796276 -0.040474906563758843 1.0000000180025095e-35 29.047111511230472 2.4385420083999638 29.022727966308597 1.0000000180025095e-35 0.034639000892639167 0.98318150639534008
decision_type=2 2 2 2 2 2 2 2 2 2 2 2 2
left_child=6 2 4 -3 -2 -5 7 9 -9 -1 12 -12 -8
right_child=1 3 -4 5 -6 -7 10 8 -10 -11 11 -13 -14
leaf_value=-3.7158890794534457e-06 -9.0387240785679536e-05 0.0039519111752761718 -0.0065231836822388645 0.0012116753156265038 -0.00076651038673339062 9.3988646270631488e-05 2.2737313906962729e-05 0.0052380859363095507 0.0002439019996599383 -0.0004616742481461999 0.0048403466294048474 0.00014486131228889215 -0.00023345765983745186
leaf_weight=765047 7367 34 34 167 917 1664 119400 61 2652 2866 33 20068 6359
leaf_count=765047 7367 34 34 167 917 1664 119400 61 2652 2866 33 20068 6359
internal_value=2.43011e-13 -0.000107773 -0.000191219 0.000264403 -0.000165231 0.000195929 1.19745e-06 -4.152e-06 0.000356193 -5.42508e-06 2.94603e-05 0.00015257 9.78282e-06
internal_weight=926669 10183 8318 1865 8284 1831 916486 770626 2713 767913 145860 20101 125759
internal_count=926669 10183 8318 1865 8284 1831 916486 770626 2713 767913 145860 20101 125759
is_linear=0
shrinkage=0.0177717


Tree=349
num_leaves=14
num_cat=0
split_feature=27 35 36 63 30 60 5 60 65 65 1 29 2
split_gain=0.374864 2.10036 14.3475 1.8043 9.32557 1.75537 1.40519 0.811592 8.49699 1.11743 0.750897 6.59222 0.919631
threshold=0.53093749284744274 0.044763000681996352 1.0000000180025095e-35 1.0000000180025095e-35 2.9649665355682377 1.0000000180025095e-35 1.7005987167358401 1.0000000180025095e-35 0.079103916883468642 0.020693564787507061 7.5000000000000009 0.38907550275325781 4.5000000000000009
decision_type=2 2 2 2 2 2 2 2 2 2 2 2 2
left_child=7 2 6 4 -3 -5 -2 10 9 -9 11 -1 -12
right_child=1 3 -4 5 -6 -7 -8 8 -10 -11 12 -13 -14
leaf_value=-0.0011101209337621488 0.00040097376974594445 0.0002326145987695137 0.012321769053595853 8.7939474011707035e-06 0.0063763203927306028 -0.0017664894954190784 -0.0038871461387229608 0.001020688710583471 0.0098625225570024011 -0.0016774311506639516 0.0013839907299749545 0.00020544192787164204 -7.7206152326750103e-06
leaf_weight=1769 109 6371 34 350333 79 176 31 99 30 95 150 3760 563633
leaf_count=1769 109 6371 34 350333 79 176 31 99 30 95 150 3760 563633
internal_value=2.18725e-13 1.42741e-05 0.00196635 1.33226e-05 0.000307863 7.90253e-06 -0.000548538 -8.95074e-06 0.00106057 -0.000300556 -9.37155e-06 -0.000215472 -7.35034e-06
internal_weight=926669 357133 174 356959 6450 350509 140 569536 224 194 569312 5529 563783
internal_count=926669 357133 174 356959 6450 350509 140 569536 224 194 569312 5529 563783
is_linear=0
shrinkage=0.0177717


end of trees

feature_importances:
Column_30=195
Column_71=195
Column_69=194
Column_8=193
Column_29=191
Column_2=180
Column_1=153
Column_5=147
Column_60=142
Column_32=137
Column_12=131
Column_27=127
Column_17=115
Column_65=115
Column_4=109
Column_10=106
Column_63=99
Column_72=95
Column_35=91
Column_19=90
Column_28=82
Column_66=82
Column_15=81
Column_34=70
Column_21=56
Column_68=56
Column_22=54
Column_9=52
Column_25=50
Column_67=48
Column_24=39
Column_36=39
Column_70=37
Column_11=36
Column_20=36
Column_0=34
Column_3=34
Column_31=32
Column_61=30
Column_48=25
Column_6=22
Column_23=22
Column_18=21
Column_13=17
Column_16=17
Column_54=15
Column_73=15
Column_55=13
Column_41=12
Column_43=10
Column_75=10
Column_26=9
Column_74=8
Column_38=6
Column_50=6
Column_49=5
Column_37=3
Column_42=3
Column_40=2
Column_39=1
Column_53=1
Column_58=1

parameters:
[boosting: gbdt]
[objective: regression]
[metric: l2]
[tree_learner: serial]
[device_type: cpu]
[data_sample_strategy: bagging]
[data: ]
[valid: ]
[num_iterations: 350]
[learning_rate: 0.0177717]
[num_leaves: 31]
[num_threads: 2]
[seed: 42]
[deterministic: 0]
[force_col_wise: 0]
[force_row_wise: 0]
[histogram_pool_size: -1]
[max_depth: 4]
[min_data_in_leaf: 30]
[min_sum_hessian_in_leaf: 0.001]
[bagging_fraction: 1]
[pos_bagging_fraction: 1]
[neg_bagging_fraction: 1]
[bagging_freq: 0]
[bagging_seed: 400]
[bagging_by_query: 0]
[feature_fraction: 1]
[feature_fraction_bynode: 1]
[feature_fraction_seed: 30056]
[extra_trees: 0]
[extra_seed: 12879]
[early_stopping_round: 0]
[early_stopping_min_delta: 0]
[first_metric_only: 0]
[max_delta_step: 0]
[lambda_l1: 0]
[lambda_l2: 0]
[linear_lambda: 0]
[min_gain_to_split: 0]
[drop_rate: 0.1]
[max_drop: 50]
[skip_drop: 0.5]
[xgboost_dart_mode: 0]
[uniform_drop: 0]
[drop_seed: 17869]
[top_rate: 0.2]
[other_rate: 0.1]
[min_data_per_group: 100]
[max_cat_threshold: 32]
[cat_l2: 10]
[cat_smooth: 10]
[max_cat_to_onehot: 4]
[top_k: 20]
[monotone_constraints: ]
[monotone_constraints_method: basic]
[monotone_penalty: 0]
[feature_contri: ]
[forcedsplits_filename: ]
[refit_decay_rate: 0.9]
[cegb_tradeoff: 1]
[cegb_penalty_split: 0]
[cegb_penalty_feature_lazy: ]
[cegb_penalty_feature_coupled: ]
[path_smooth: 0]
[interaction_constraints: ]
[verbosity: -1]
[saved_feature_importance_type: 0]
[use_quantized_grad: 0]
[num_grad_quant_bins: 4]
[quant_train_renew_leaf: 0]
[stochastic_rounding: 1]
[linear_tree: 0]
[max_bin: 255]
[max_bin_by_feature: ]
[min_data_in_bin: 3]
[bin_construct_sample_cnt: 200000]
[data_random_seed: 175]
[is_enable_sparse: 1]
[enable_bundle: 1]
[use_missing: 1]
[zero_as_missing: 0]
[feature_pre_filter: 1]
[pre_partition: 0]
[two_round: 0]
[header: 0]
[label_column: ]
[weight_column: ]
[group_column: ]
[ignore_column: ]
[categorical_feature: ]
[forcedbins_filename: ]
[precise_float_parser: 0]
[parser_config_file: ]
[objective_seed: 16083]
[num_class: 1]
[is_unbalance: 0]
[scale_pos_weight: 1]
[sigmoid: 1]
[boost_from_average: 1]
[reg_sqrt: 0]
[alpha: 0.9]
[fair_c: 1]
[poisson_max_delta_step: 0.7]
[tweedie_variance_power: 1.5]
[lambdarank_truncation_level: 30]
[lambdarank_norm: 1]
[label_gain: ]
[lambdarank_position_bias_regularization: 0]
[eval_at: ]
[multi_error_top_k: 1]
[auc_mu_weights: ]
[num_machines: 1]
[local_listen_port: 12400]
[time_out: 120]
[machine_list_filename: ]
[machines: ]
[gpu_platform_id: -1]
[gpu_device_id: -1]
[gpu_use_dp: 0]
[num_gpu: 1]

end of parameters

pandas_categorical:null
