tree
version=v4
num_class=1
num_tree_per_iteration=1
label_index=0
max_feature_idx=29
objective=regression
feature_names=Column_0 Column_1 Column_2 Column_3 Column_4 Column_5 Column_6 Column_7 Column_8 Column_9 Column_10 Column_11 Column_12 Column_13 Column_14 Column_15 Column_16 Column_17 Column_18 Column_19 Column_20 Column_21 Column_22 Column_23 Column_24 Column_25 Column_26 Column_27 Column_28 Column_29
feature_infos=[0:5] [0:365] [0:12.775347709655762] [0:275.83334350585938] [0:9.5535755157470703] [0:3.6173150539398193] [0:5] [0:58.400001525878906] [0:8.1696195602416992] [0:6.4390840530395508] [0:4.7345681190490723] [0:8.1696195602416992] [0:3.9432969093322754] [0:6.8504271507263184] [0:23] [0:33.201171875] [-5.80914306640625:19.059770584106445] [-5.80914306640625:19.059770584106445] [0:12.02228832244873] [0:100] [0:0.99958997964859009] [0:33.605037689208984] [0:0.99958997964859009] [0:0.84322202205657959] [0:1] [0:1] [0:1] [0:1] [-0.34807071089744568:0.32741904258728027] [-0.58666634559631348:0.64896172285079956]
tree_sizes=1643 1694 1691 1697 1696 1493 1486 1688 1492 1588 1591 1487 1591 1491 1577 1596 1488 1483 1595 1596 1486 1478 1590 1593 1479 1595 1592 1560 1593 1554 1596 1581 1587 1592 1562 1593 1595 1556 1591 1564 1593 1591 1565 1586 1586 1552 1587 1589 1458 1581 1560 1586 1684 1666 1476 1670 1669 1676 1669 1563 1689 1573 1684 1580 1465 1584 1667 1598 1568 1681 1393 1577 1270 1582 1477 1279 1503 1270 1583 1274 1589 1575 1508 1277 1579 1272 1524 1466 1272 1185 1400 1557 1465 1403 1658 1375 1396 1271 1399 1555 1550 1577 1545 1398 1534 1368 1278 1391 1555 1548 1391 1584 1389 1547 1400 1468 1296 1588 1543 1187 1386 1280 1287 1542 1583 1283 1299 1543 1383 1292 1557 1576 1288 1188 986 1492 1565 1380 1540 986 1287 1288 1497 1256 1545 1576 1343 1363 1190 1674 1178 1252 1388 1682 1550 1606 1345 1177 1676 1368 1257 1477 1558 1604 1371 1563 1258 1705 1185 1374 1337 1372 1581 1687 1366 1259 1249 1621 1268 1375 1676 1461 1164 1503 1456 1615 1658 1166 1589 1459 1167 1583 1459 1168 1568 1617 1502 1455 1681 1354 1250 1458 1379 1618 1678 1178 1466 1241 1677 1667 1354 1237 1669 1611 1261 1461 1594 1269 1456 1608 1585 1360 978 1670 1456 1542 1620 1486 1560 1557 1174 1372 1678 1429 1618 1262 1458 1678 1267 1677 1620 1468 1168 1600 1184 1379 1243 1615 1187 1478 1587 1242 1422 1466 1268 1566 1526 1579 1375 1679 1461 1672 1428 1166 1623 1484 1455 1256 1295 1275 1470 1587 1614 1442 1591 1465 1263 1457 1586 1431 1276 1475 1264 1709 1351 1293 1663 1428 1544 1489 1378 1363 1417 1583 1435 1265 1375 1366 1683 1551

Tree=0
num_leaves=16
num_cat=0
split_feature=22 27 23 19 1 29 21 18 1 9 29 29 28 22 7
split_gain=11.7371 18.1567 13.1802 7.58351 5.95569 7.1385 5.89666 4.92478 4.22073 13.4852 4.16613 2.24907 1.49105 9.36979 1.44221
threshold=0.77267900109291088 1.0000000180025095e-35 0.41733001172542578 65.000000000000014 1.5000000000000002 -0.051579724997282021 13.471391201019289 2.9700856208801274 1.0000000180025095e-35 1.863218426704407 -0.15134296566247937 -0.0375798363238573 -0.018445014022290703 1.0000000180025095e-35 17.82499980926514
decision_type=2 2 2 2 2 2 2 2 2 2 2 2 2 2 2
left_child=7 2 3 -2 10 -6 -4 12 9 -9 -3 -10 13 -1 -14
right_child=1 4 6 -5 5 -7 -8 8 11 -11 -12 -13 14 -15 -16
leaf_value=0.0073638993652363153 0.0074821545702855475 0.0064685339480453309 0.007936909970537016 0.01031526833022157 0.0078201814243925548 0.0073723694399542676 0.002877204181224861 0.00239853725357707 0.0075407161391240424 0.0070697396915556559 0.0076192546235459204 0.0073357568222151472 0.0072411568946696469 0.0065602637018885249 0.0096038589981813811
leaf_weight=54742 257 2427 2530 925 8312 85762 50 150 12785 1070 925 104961 648445 3273 55
leaf_count=54742 257 2427 2530 925 8312 85762 50 150 12785 1070 925 104961 648445 3273 55
internal_value=0.0072805 0.00742881 0.00842339 0.00969927 0.0073904 0.00741194 0.00783885 0.00726232 0.00734917 0.00649541 0.00678608 0.00735801 0.0072477 0.00731856 0.00724136
internal_weight=926669 101188 3762 1182 97426 94074 2580 825481 118966 1220 3352 117746 706515 58015 648500
internal_count=926669 101188 3762 1182 97426 94074 2580 825481 118966 1220 3352 117746 706515 58015 648500
is_linear=0
shrinkage=1


Tree=1
num_leaves=16
num_cat=0
split_feature=22 27 23 19 1 1 21 18 1 9 29 29 28 22 7
split_gain=11.3971 17.6307 12.7985 7.36384 5.78317 6.94414 5.72585 4.78212 4.09846 13.0946 4.04544 2.18392 1.44786 9.09837 1.40043
threshold=0.77267900109291088 1.0000000180025095e-35 0.41733001172542578 65.000000000000014 1.5000000000000002 6.5000000000000009 13.471391201019289 2.9700856208801274 1.0000000180025095e-35 1.863218426704407 -0.15134296566247937 -0.0375798363238573 -0.018445014022290703 1.0000000180025095e-35 17.82499980926514
decision_type=2 2 2 2 2 2 2 2 2 2 2 2 2 2 2
left_child=7 2 3 -2 10 -6 -4 12 9 -9 -3 -10 13 -1 -14
right_child=1 4 6 -5 5 -7 -8 8 11 -11 -12 -13 14 -15 -16
leaf_value=8.2182654017202462e-05 0.00019871256283581328 -0.00080011926673447778 0.00064683304324922872 0.0029904913304491022 0.00036930551206160411 6.3988976470786199e-05 -0.0043390513530483163 -0.0048107344420994782 0.00025641965275904698 -0.00020768517401664361 0.00033381224030725989 5.4450715834974347e-05 -3.8768991791342852e-05 -0.00070972784125348859 0.0022894610300281627
leaf_weight=54742 257 2427 2530 925 20191 73883 50 150 12785 1070 925 104961 648445 3273 55
leaf_count=54742 257 2427 2530 925 20191 73883 50 150 12785 1070 925 104961 648445 3273 55
internal_value=-7.71908e-13 0.000146144 0.00112621 0.00238348 0.0001083 0.000129519 0.000550207 -1.79145e-05 6.76638e-05 -0.000773634 -0.000487206 7.63807e-05 -3.23245e-05 3.75059e-05 -3.85715e-05
internal_weight=926669 101188 3762 1182 97426 94074 2580 825481 118966 1220 3352 117746 706515 58015 648500
internal_count=926669 101188 3762 1182 97426 94074 2580 825481 118966 1220 3352 117746 706515 58015 648500
is_linear=0
shrinkage=0.0145901


Tree=2
num_leaves=16
num_cat=0
split_feature=22 27 23 11 1 29 21 18 1 9 29 29 28 22 7
split_gain=11.067 17.12 12.4277 7.19919 5.61565 6.93412 5.55999 4.64359 3.97974 12.7153 3.92826 2.12066 1.40592 8.83481 1.35987
threshold=0.77267900109291088 1.0000000180025095e-35 0.41733001172542578 1.7682158946990969 1.5000000000000002 -0.051579724997282021 13.471391201019289 2.9700856208801274 1.0000000180025095e-35 1.863218426704407 -0.15134296566247937 -0.0375798363238573 -0.018445014022290703 1.0000000180025095e-35 17.82499980926514
decision_type=2 2 2 2 2 2 2 2 2 2 2 2 2 2 2
left_child=7 2 3 -2 10 -6 -4 12 9 -9 -3 -10 13 -1 -14
right_child=1 4 6 -5 5 -7 -8 8 11 -11 -12 -13 14 -15 -16
leaf_value=8.0983614799761929e-05 0.0029144155984917111 -0.00078844542233385065 0.00063739574616551232 5.685080130500225e-05 0.00052998755431731687 8.8632691246111689e-05 -0.0042757441502484367 -0.0047405455594049283 0.00025267846561324717 -0.00020465496269839081 0.00032894193734914483 5.3656264706671122e-05 -3.8203346706791315e-05 -0.00069937284665299725 0.0022560576904830836
leaf_weight=54742 948 2427 2530 234 8312 85762 50 150 12785 1070 925 104961 648445 3273 55
leaf_count=54742 948 2427 2530 234 8312 85762 50 150 12785 1070 925 104961 648445 3273 55
internal_value=-8.13614e-13 0.000144012 0.00110978 0.0023487 0.00010672 0.000127629 0.00054218 -1.76531e-05 6.66766e-05 -0.000762346 -0.000480097 7.52663e-05 -3.18529e-05 3.69587e-05 -3.80088e-05
internal_weight=926669 101188 3762 1182 97426 94074 2580 825481 118966 1220 3352 117746 706515 58015 648500
internal_count=926669 101188 3762 1182 97426 94074 2580 825481 118966 1220 3352 117746 706515 58015 648500
is_linear=0
shrinkage=0.0145901


Tree=3
num_leaves=16
num_cat=0
split_feature=22 27 23 19 20 1 1 18 1 9 29 29 28 22 7
split_gain=10.7464 16.6241 12.0677 7.01847 5.54808 5.45298 6.74535 4.50908 3.86446 12.3469 3.81447 2.05923 1.36519 8.57889 1.32048
threshold=0.77267900109291088 1.0000000180025095e-35 0.41733001172542578 65.000000000000014 0.80645248293876659 1.5000000000000002 6.5000000000000009 2.9700856208801274 1.0000000180025095e-35 1.863218426704407 -0.15134296566247937 -0.0375798363238573 -0.018445014022290703 1.0000000180025095e-35 17.82499980926514
decision_type=2 2 2 2 2 2 2 2 2 2 2 2 2 2 2
left_child=7 2 3 -2 -4 10 -7 12 9 -9 -3 -10 13 -1 -14
right_child=1 5 4 -5 -6 6 -8 8 11 -11 -12 -13 14 -15 -16
leaf_value=7.9802038699127595e-05 0.00018151921924812825 -0.00077694196803414911 -0.0029260827773173715 0.0029070425667277163 0.00066655648415127821 0.00036209667866748968 6.1181931152875599e-05 -0.0046713806686362212 0.00024899185080147533 -0.00020166915367411301 0.00032414262634972125 5.2873419604756452e-05 -3.7645962953247431e-05 -0.00068916887961730595 0.0022231416263186784
leaf_weight=54742 257 2427 95 925 2485 20191 73883 150 12785 1070 925 104961 648445 3273 55
leaf_count=54742 257 2427 95 925 2485 20191 73883 150 12785 1070 925 104961 648445 3273 55
internal_value=-3.49774e-12 0.000141911 0.00109359 0.00231444 0.000534269 0.000105163 0.000125767 -1.73955e-05 6.57038e-05 -0.000751224 -0.000473093 7.41682e-05 -3.13881e-05 3.64194e-05 -3.74542e-05
internal_weight=926669 101188 3762 1182 2580 97426 94074 825481 118966 1220 3352 117746 706515 58015 648500
internal_count=926669 101188 3762 1182 2580 97426 94074 825481 118966 1220 3352 117746 706515 58015 648500
is_linear=0
shrinkage=0.0145901


Tree=4
num_leaves=16
num_cat=0
split_feature=22 27 23 11 21 1 29 18 1 9 29 29 28 22 7
split_gain=10.4351 16.1425 11.7182 6.86172 5.39855 5.29502 6.73559 4.37847 3.75252 11.9893 3.70397 1.99958 1.32564 8.33039 1.28222
threshold=0.77267900109291088 1.0000000180025095e-35 0.41733001172542578 1.7682158946990969 13.471391201019289 1.5000000000000002 -0.051579724997282021 2.9700856208801274 1.0000000180025095e-35 1.863218426704407 -0.15134296566247937 -0.0375798363238573 -0.018445014022290703 1.0000000180025095e-35 17.82499980926514
decision_type=2 2 2 2 2 2 2 2 2 2 2 2 2 2 2
left_child=7 2 3 -2 -4 10 -7 12 9 -9 -3 -10 13 -1 -14
right_child=1 5 4 -5 -6 6 -8 8 11 -11 -12 -13 14 -15 -16
leaf_value=7.8637743733892153e-05 0.0028329619729819729 -0.00076560637835870087 0.00062029773748146296 4.3176665707576535e-05 -0.0042209893630073573 0.00052048869674773735 8.5497953362332138e-05 -0.0046032249055364405 0.00024535908070223895 -0.00019872667742334367 0.00031941335367649884 5.2101990707359006e-05 -3.7096706868239782e-05 -0.00067911397605440371 0.0021907057358510752
leaf_weight=54742 948 2427 2530 234 50 8312 85762 150 12785 1070 925 104961 648445 3273 55
leaf_count=54742 948 2427 2530 234 50 8312 85762 150 12785 1070 925 104961 648445 3273 55
internal_value=-3.28032e-12 0.00013984 0.00107763 0.00228067 0.000526474 0.000103628 0.000123932 -1.71417e-05 6.47452e-05 -0.000740263 -0.00046619 7.30861e-05 -3.09302e-05 3.58881e-05 -3.69078e-05
internal_weight=926669 101188 3762 1182 2580 97426 94074 825481 118966 1220 3352 117746 706515 58015 648500
internal_count=926669 101188 3762 1182 2580 97426 94074 825481 118966 1220 3352 117746 706515 58015 648500
is_linear=0
shrinkage=0.0145901


Tree=5
num_leaves=14
num_cat=0
split_feature=1 29 13 20 11 20 22 20 22 7 20 15 29
split_gain=10.1937 4.22064 7.14229 7.63884 4.17313 3.85883 4.67496 17.0254 14.3326 2.04301 1.69239 0.844104 0.727619
threshold=23.500000000000004 -0.041332654654979699 5.2135236263275155 0.81874048709869396 4.2487926483154306 1.0000000180025095e-35 0.77267900109291088 0.88366597890853893 1.0000000180025095e-35 26.500000000000004 0.54610800743103038 13.090047836303713 0.061169026419520385
decision_type=2 2 2 2 2 2 2 2 2 2 2 2 2
left_child=5 2 4 -4 -2 11 8 -8 -7 10 -3 12 -1
right_child=1 9 3 -5 -6 6 7 -9 -10 -11 -12 -13 -14
leaf_value=0.00091615845895267548 5.4880371251696041e-05 -4.0759397618937552e-05 4.5905358422696689e-05 0.008112458796008833 0.00046578485050048477 7.6627428271264654e-05 0.0013573179650555362 0.00016270929209217397 -0.0012424267473965557 -0.0031005475043261949 5.3959221093056619e-06 0.0026368093721963245 0.00032980321016997982
leaf_weight=1331 52606 517549 51 49 5846 48722 2695 44036 1819 46 251188 50 681
leaf_count=1331 52606 517549 51 49 5846 48722 2695 44036 1819 46 251188 50 681
internal_value=-4.43265e-12 -1.67675e-05 0.000102642 0.00399852 9.59764e-05 0.000139654 0.000126414 0.000231603 2.91539e-05 -2.58619e-05 -2.5678e-05 0.000764231 0.000717695
internal_weight=926669 827335 58552 100 58452 99334 97272 46731 50541 768783 768737 2062 2012
internal_count=926669 827335 58552 100 58452 99334 97272 46731 50541 768783 768737 2062 2012
is_linear=0
shrinkage=0.0145901


Tree=6
num_leaves=14
num_cat=0
split_feature=1 29 13 20 11 20 22 20 22 7 20 15 10
split_gain=9.89838 4.09838 6.9354 7.41756 4.05224 3.74705 4.53954 16.5368 13.9174 1.98383 1.64337 0.819653 0.714396
threshold=23.500000000000004 -0.041332654654979699 5.2135236263275155 0.81874048709869396 4.2487926483154306 1.0000000180025095e-35 0.77267900109291088 0.87764400243759166 1.0000000180025095e-35 26.500000000000004 0.54610800743103038 13.090047836303713 1.5622525215148928
decision_type=2 2 2 2 2 2 2 2 2 2 2 2 2
left_child=5 2 4 -4 -2 11 8 -8 -7 10 -3 12 -1
right_child=1 9 3 -5 -6 6 7 -9 -10 -11 -12 -13 -14
leaf_value=0.00088622506313950234 5.40796667428777e-05 -4.0164711142436744e-05 4.5235578681989632e-05 0.0079940975298952565 0.00045898901033743846 7.55094415128751e-05 0.0013841386854031869 0.00016305552062528765 -0.0012242997308010214 -0.0030553103395363585 5.3171948752661003e-06 0.0025983382088170621 0.0002849728874745758
leaf_weight=1413 52606 517549 51 49 5846 48722 2494 44237 1819 46 251188 50 599
leaf_count=1413 52606 517549 51 49 5846 48722 2494 44237 1819 46 251188 50 599
internal_value=-2.03864e-12 -1.65229e-05 0.000101144 0.00394018 9.45761e-05 0.000137616 0.000124569 0.000228224 2.87286e-05 -2.54846e-05 -2.53033e-05 0.00075308 0.000707224
internal_weight=926669 827335 58552 100 58452 99334 97272 46731 50541 768783 768737 2062 2012
internal_count=926669 827335 58552 100 58452 99334 97272 46731 50541 768783 768737 2062 2012
is_linear=0
shrinkage=0.0145901


Tree=7
num_leaves=16
num_cat=0
split_feature=22 27 23 19 20 1 29 18 1 9 29 9 28 22 7
split_gain=9.63283 15.1857 11.0986 6.59926 5.4782 5.18977 6.46144 4.16152 3.6602 11.642 3.59447 1.96655 1.2333 7.66478 1.26083
threshold=0.77267900109291088 1.0000000180025095e-35 0.41733001172542578 65.000000000000014 0.80645248293876659 1.5000000000000002 -0.051579724997282021 2.9700856208801274 1.0000000180025095e-35 1.863218426704407 -0.15134296566247937 2.3353749513626103 -0.018445014022290703 1.0000000180025095e-35 17.82499980926514
decision_type=2 2 2 2 2 2 2 2 2 2 2 2 2 2 2
left_child=7 2 3 -2 -4 10 -7 12 9 -9 -3 -10 13 -1 -14
right_child=1 5 4 -5 -6 6 -8 8 11 -11 -12 -13 14 -15 -16
leaf_value=7.5543151974212557e-05 0.00014649577648843099 -0.00075984902188651273 -0.0029309522789530361 0.0027893692054743414 0.0006389915166101674 0.00050773842887546214 8.1692008437711782e-05 -0.0045382829975499596 7.1811647067694164e-06 -0.00019804701406946049 0.00030901115232976115 0.00012679012021748814 -3.5865118040364053e-05 -0.00065130580783804377 0.0021732719204995104
leaf_weight=54742 257 2427 95 925 2485 8312 85762 150 54330 1070 925 63416 648445 3273 55
leaf_count=54742 257 2427 95 925 2485 8312 85762 150 54330 1070 925 63416 648445 3273 55
internal_value=-2.19934e-12 0.000134357 0.00104393 0.00221473 0.00050754 9.9235e-05 0.000119336 -1.64696e-05 6.33628e-05 -0.000731683 -0.000464892 7.16005e-05 -2.99121e-05 3.45369e-05 -3.56778e-05
internal_weight=926669 101188 3762 1182 2580 97426 94074 825481 118966 1220 3352 117746 706515 58015 648500
internal_count=926669 101188 3762 1182 2580 97426 94074 825481 118966 1220 3352 117746 706515 58015 648500
is_linear=0
shrinkage=0.0145901


Tree=8
num_leaves=14
num_cat=0
split_feature=1 29 13 20 11 20 22 22 20 7 20 15 29
split_gain=9.48964 3.88771 6.72738 7.19736 3.90895 3.64307 4.31191 16.5724 14.0007 1.93566 1.56028 0.796535 0.696116
threshold=23.500000000000004 -0.041332654654979699 5.2135236263275155 0.81874048709869396 4.2487926483154306 1.0000000180025095e-35 0.75246649980545055 1.0000000180025095e-35 0.88366597890853893 26.500000000000004 0.54610800743103038 13.090047836303713 0.061169026419520385
decision_type=2 2 2 2 2 2 2 2 2 2 2 2 2
left_child=5 2 4 -4 -2 11 7 -7 -8 10 -3 12 -1
right_child=1 9 3 -5 -6 6 8 -9 -10 -11 -12 -13 -14
leaf_value=0.00089052401224616986 5.2181868618457327e-05 -3.9208233966957599e-05 4.2755032323623134e-05 0.0078727392496304449 0.00044986782830308303 7.4429214001680934e-05 0.0011849529046065242 -0.0014805609805838128 0.00015644580482572151 -0.0030177270907015621 5.1089735985090972e-06 0.0025606589676942398 0.00031700236438188197
leaf_weight=1331 52606 517549 51 49 5846 48722 3010 1504 44036 46 251188 50 681
leaf_count=1331 52606 517549 51 49 5846 48722 3010 1504 44036 46 251188 50 681
internal_value=-2.43863e-12 -1.61781e-05 9.84245e-05 0.00387945 9.19559e-05 0.000134745 0.00012188 2.78656e-05 0.00022225 -2.49065e-05 -2.47274e-05 0.00074161 0.000696405
internal_weight=926669 827335 58552 100 58452 99334 97272 50226 47046 768783 768737 2062 2012
internal_count=926669 827335 58552 100 58452 99334 97272 50226 47046 768783 768737 2062 2012
is_linear=0
shrinkage=0.0145901


Tree=9
num_leaves=15
num_cat=0
split_feature=1 29 13 20 13 27 29 22 22 23 10 8 7 18
split_gain=9.21475 3.77509 6.53251 6.98887 3.83759 3.6094 15.3722 11.0319 18.1492 10.6605 5.34287 3.51734 1.87959 1.53394
threshold=23.500000000000004 -0.041332654654979699 5.2135236263275155 0.81874048709869396 3.2795954942703252 1.0000000180025095e-35 -0.30358715355396265 0.77267900109291088 1.0000000180025095e-35 0.41733001172542578 2.3414335250854497 3.9937802553176884 26.500000000000004 2.6735538244247441
decision_type=2 2 2 2 2 2 2 2 2 2 2 2 2 2
left_child=5 2 4 -4 -2 7 11 8 -1 -9 -8 -7 13 -3
right_child=1 12 3 -5 -6 6 10 9 -10 -11 -12 -13 -14 -15
leaf_value=0.00048284821458872089 5.7059364247480075e-05 -3.3370215715295589e-05 4.2131267776671754e-05 0.007757875386786595 0.00050711695875737097 -0.00038811805685653702 2.8879324602851338e-05 0.0021681413340511142 -0.0012789538651088314 0.00049498498191972496 0.00026100813823330107 -0.0012112652153276403 -0.0029736983156560559 2.281037925310119e-05
leaf_weight=4820 54094 645538 51 49 4358 2753 41252 1182 1678 2580 43223 1846 46 123199
leaf_count=4820 54094 645538 51 49 4358 2753 41252 1182 1678 2580 43223 1846 46 123199
internal_value=1.29643e-12 -1.59421e-05 9.69885e-05 0.00382285 9.06143e-05 0.000132779 0.00010293 0.000391915 2.78922e-05 0.00102068 0.000147652 -0.000718522 -2.45431e-05 -2.43666e-05
internal_weight=926669 827335 58552 100 58452 99334 89074 10260 6498 3762 84475 4599 768783 768737
internal_count=926669 827335 58552 100 58452 99334 89074 10260 6498 3762 84475 4599 768783 768737
is_linear=0
shrinkage=0.0145901


Tree=10
num_leaves=15
num_cat=0
split_feature=22 27 23 11 20 24 14 1 18 1 9 11 7 28
split_gain=8.96899 14.09 10.3517 6.39601 5.3577 4.96157 11.0701 5.99477 3.89943 3.51338 11.3261 1.93575 1.16971 1.15207
threshold=0.77267900109291088 1.0000000180025095e-35 0.41733001172542578 1.7682158946990969 0.80645248293876659 1.0000000180025095e-35 6.8964285850524911 6.5000000000000009 2.9700856208801274 1.0000000180025095e-35 1.863218426704407 5.9853553771972665 17.82499980926514 -0.018445014022290703
decision_type=2 2 2 2 2 2 2 2 2 2 2 2 2 2
left_child=8 2 3 -2 -4 7 -7 -3 12 10 -10 -11 13 -1
right_child=1 5 4 -5 -6 6 -8 -9 9 11 -12 -13 -14 -15
leaf_value=3.3218508234551171e-05 0.0026697290143059974 0.00034067831618776555 -0.0029126999319623792 -2.3719731300147288e-05 0.00061776076156746726 -0.00018976791295205009 -0.0041698069588986149 5.9528789336740633e-05 -0.0044721461307824185 7.3388885524633394e-05 -0.00019120569505882339 -0.00082048219404971877 0.0020610725289812023 -3.4645843022939432e-05
leaf_weight=58013 948 21053 95 234 2485 6984 152 69237 150 117228 1070 518 57 648445
leaf_count=58013 948 21053 95 234 2485 6984 152 69237 150 117228 1070 518 57 648445
internal_value=6.03649e-13 0.000129645 0.00100579 0.00213651 0.000487763 9.58137e-05 -0.000274545 0.000125085 -1.5892e-05 6.13857e-05 -0.000717551 6.94565e-05 -2.89043e-05 -2.9073e-05
internal_weight=926669 101188 3762 1182 2580 97426 7136 90290 825481 118966 1220 117746 706515 706458
internal_count=926669 101188 3762 1182 2580 97426 7136 90290 825481 118966 1220 117746 706515 706458
is_linear=0
shrinkage=0.0145901


Tree=11
num_leaves=14
num_cat=0
split_feature=1 29 13 20 11 20 18 5 22 7 20 15 10
split_gain=8.73285 3.62763 6.36474 6.79279 3.72925 3.52295 4.03283 4.53711 3.57801 1.83147 1.47695 0.775572 0.679679
threshold=23.500000000000004 -0.041332654654979699 5.2135236263275155 0.81874048709869396 4.2487926483154306 1.0000000180025095e-35 4.0517470836639413 1.0000000180025095e-35 0.75246649980545055 26.500000000000004 0.54610800743103038 13.090047836303713 1.5622525215148928
decision_type=2 2 2 2 2 2 2 2 2 2 2 2 2
left_child=5 2 4 -4 -2 11 8 -8 -7 10 -3 12 -1
right_child=1 9 3 -5 -6 6 7 -9 -10 -11 -12 -13 -14
leaf_value=0.00085602781333292269 5.004251473048849e-05 -3.786563428010939e-05 4.5583175958251808e-05 0.0076523232963278016 0.00043847967829345789 -2.0345298208007186e-05 -0.00074651721031676567 0.00035450836965536401 0.00017784515454349778 -0.0029351083913501824 5.2519247888249561e-06 0.0025209904277640476 0.00026956702564683737
leaf_weight=1413 52606 517549 51 49 5846 42470 833 18287 35682 46 251188 50 599
leaf_count=1413 52606 517549 51 49 5846 42470 833 18287 35682 46 251188 50 599
internal_value=8.99714e-13 -1.55196e-05 9.51834e-05 0.00377289 8.88915e-05 0.00012926 0.00011661 0.00030654 7.01429e-05 -2.3951e-05 -2.37768e-05 0.000726037 0.00068143
internal_weight=926669 827335 58552 100 58452 99334 97272 19120 78152 768783 768737 2062 2012
internal_count=926669 827335 58552 100 58452 99334 97272 19120 78152 768783 768737 2062 2012
is_linear=0
shrinkage=0.0145901


Tree=12
num_leaves=15
num_cat=0
split_feature=22 27 23 19 21 1 29 18 1 9 29 11 7 28
split_gain=8.49541 13.6478 10.053 6.25356 5.22949 4.88072 6.16073 3.73547 3.4194 10.996 3.33916 1.89256 1.14308 1.08192
threshold=0.77267900109291088 1.0000000180025095e-35 0.41733001172542578 65.000000000000014 13.471391201019289 1.5000000000000002 -0.051579724997282021 2.9700856208801274 1.0000000180025095e-35 1.863218426704407 -0.15134296566247937 5.9853553771972665 17.82499980926514 -0.018445014022290703
decision_type=2 2 2 2 2 2 2 2 2 2 2 2 2 2
left_child=7 2 3 -2 -4 10 -7 12 9 -9 -3 -10 13 -1
right_child=1 5 4 -5 -6 6 -8 8 11 -11 -12 -13 -14 -15
leaf_value=3.1995835064958908e-05 8.9409850478321405e-05 -0.0007384817459701327 0.00057030687774491204 0.0026621304664165859 -0.0041945724608390116 0.00049162956802094684 7.5615268555449892e-05 -0.0044077694950283349 7.2019149239120874e-05 -0.00018965804201370241 0.00029172063878037189 -0.00081182244344554615 0.0020378452337880032 -3.3769793861622396e-05
leaf_weight=58013 257 2427 2530 925 50 8312 85762 150 117228 1070 925 518 57 648445
leaf_count=58013 257 2427 2530 925 50 8312 85762 150 117228 1070 925 518 57 648445
internal_value=-3.61785e-13 0.000126176 0.000988463 0.00210275 0.000477964 9.28796e-05 0.000112373 -1.54667e-05 6.01688e-05 -0.000708278 -0.000454193 6.81309e-05 -2.82025e-05 -2.83692e-05
internal_weight=926669 101188 3762 1182 2580 97426 94074 825481 118966 1220 3352 117746 706515 706458
internal_count=926669 101188 3762 1182 2580 97426 94074 825481 118966 1220 3352 117746 706515 706458
is_linear=0
shrinkage=0.0145901


Tree=13
num_leaves=14
num_cat=0
split_feature=1 29 13 20 13 20 18 5 22 7 20 15 10
split_gain=8.36063 3.44929 6.1886 6.58652 3.64177 3.43012 3.91075 4.4032 3.38819 1.78625 1.40145 0.75347 0.659165
threshold=23.500000000000004 -0.041332654654979699 5.2135236263275155 0.81874048709869396 3.2795954942703252 1.0000000180025095e-35 4.0517470836639413 1.0000000180025095e-35 0.75246649980545055 26.500000000000004 0.54610800743103038 13.090047836303713 1.5622525215148928
decision_type=2 2 2 2 2 2 2 2 2 2 2 2 2
left_child=5 2 4 -4 -2 11 8 -8 -7 10 -3 12 -1
right_child=1 9 3 -5 -6 6 7 -9 -10 -11 -12 -13 -14
leaf_value=0.00084331319210478851 5.3870552245791805e-05 -3.6958744973838499e-05 4.894721680221508e-05 0.0075393001537081821 0.00049229535154199713 -1.9820569757471309e-05 -0.00073637450980727293 0.00034828144943167854 0.00017304111551849979 -0.0028983970498055005 5.0422295692457393e-06 0.0024845290164922738 0.00026577031708924557
leaf_weight=1413 54094 517549 51 49 4358 42470 833 18287 35682 46 251188 50 599
leaf_count=1413 54094 517549 51 49 4358 42470 833 18287 35682 46 251188 50 599
internal_value=-6.45646e-13 -1.51853e-05 9.27623e-05 0.00371922 8.65581e-05 0.000126476 0.000113993 0.000301026 6.82346e-05 -2.34068e-05 -2.32348e-05 0.000715337 0.000671371
internal_weight=926669 827335 58552 100 58452 99334 97272 19120 78152 768783 768737 2062 2012
internal_count=926669 827335 58552 100 58452 99334 97272 19120 78152 768783 768737 2062 2012
is_linear=0
shrinkage=0.0145901


Tree=14
num_leaves=15
num_cat=0
split_feature=1 2 5 1 27 29 13 20 11 5 14 27 7 20
split_gain=8.11845 3.3536 3.79026 14.8959 4.60102 3.34938 6.00934 6.39572 3.5438 2.59175 5.33181 2.03154 1.7345 1.36085
threshold=23.500000000000004 4.5695295333862314 1.9111495018005373 1.0000000180025095e-35 1.0000000180025095e-35 -0.041332654654979699 5.2135236263275155 0.81874048709869396 4.2487926483154306 1.0000000180025095e-35 4.2330315113067636 1.0000000180025095e-35 26.500000000000004 0.54610800743103038
decision_type=2 2 2 2 2 2 2 2 2 2 2 2 2 2
left_child=1 2 4 -4 -1 6 8 -8 -2 10 -3 -11 13 -7
right_child=5 9 3 -5 -6 12 7 -9 -10 11 -12 -13 -14 -15
leaf_value=0.00039238444440136246 4.7424502007574506e-05 0.00016870368536920749 -0.0070634338414326502 -0.00025722054480680802 5.8438660961308944e-05 -3.6419509946176023e-05 4.8233061522455489e-05 0.0074293011283008232 0.00042608023877864298 0.001723495799628164 -0.0031640098752149198 0.00034121244426428635 -0.0028561092755305792 4.9686652710023694e-06
leaf_weight=9972 52606 411 76 689 73626 517549 51 49 5846 230 136 14194 46 251188
leaf_count=9972 52606 411 76 689 73626 517549 51 49 5846 230 136 14194 46 251188
internal_value=3.37323e-12 0.00012463 8.89183e-05 -0.000933393 9.82734e-05 -1.49637e-05 9.14089e-05 0.00366496 8.52953e-05 0.00032587 -0.000659905 0.000363254 -2.30653e-05 -2.28958e-05
internal_weight=926669 99334 84363 765 83598 827335 58552 100 58452 14971 547 14424 768783 768737
internal_count=926669 99334 84363 765 83598 827335 58552 100 58452 14971 547 14424 768783 768737
is_linear=0
shrinkage=0.0145901


Tree=15
num_leaves=15
num_cat=0
split_feature=22 27 23 11 20 1 29 18 1 9 29 11 7 22
split_gain=7.92179 13.0664 9.76595 6.0957 5.20082 4.76089 5.89396 3.5269 3.34529 10.6707 3.23649 1.86252 1.12391 1.07402
threshold=0.77267900109291088 1.0000000180025095e-35 0.41733001172542578 1.7682158946990969 0.80645248293876659 1.5000000000000002 -0.051579724997282021 2.9700856208801274 1.0000000180025095e-35 1.863218426704407 -0.15134296566247937 5.9853553771972665 17.82499980926514 1.0000000180025095e-35
decision_type=2 2 2 2 2 2 2 2 2 2 2 2 2 2
left_child=7 2 3 -2 -4 10 -7 12 9 -9 -3 -10 13 -1
right_child=1 5 4 -5 -6 6 -8 8 11 -11 -12 -13 -14 -15
leaf_value=-2.404140462793449e-05 0.0025843786488178341 -0.00073093716278544135 -0.0028879048952596856 -4.5076819431103897e-05 0.00059048582230622081 0.00047946918759386557 7.2561826024734302e-05 -0.0043458650437876905 7.0290824955682751e-05 -0.00019062577354291298 0.00028330313640898051 -0.00080650968388263407 0.0020213407606953625 -0.00012170369429107817
leaf_weight=681614 948 2427 95 234 2485 8312 85762 150 117228 1070 925 518 57 24844
leaf_count=681614 948 2427 95 234 2485 8312 85762 150 117228 1070 925 518 57 24844
internal_value=-1.34854e-12 0.000121842 0.000965563 0.00206383 0.000462406 8.92623e-05 0.000108515 -1.49354e-05 5.85582e-05 -0.000701516 -0.000451053 6.64335e-05 -2.73106e-05 -2.74759e-05
internal_weight=926669 101188 3762 1182 2580 97426 94074 825481 118966 1220 3352 117746 706515 706458
internal_count=926669 101188 3762 1182 2580 97426 94074 825481 118966 1220 3352 117746 706515 706458
is_linear=0
shrinkage=0.0145901


Tree=16
num_leaves=14
num_cat=0
split_feature=1 20 18 12 29 13 20 13 22 7 20 15 29
split_gain=7.78013 3.32179 3.72825 4.2059 3.2164 5.8416 6.20134 3.44906 3.21044 1.69173 1.29692 0.733449 0.636132
threshold=23.500000000000004 1.0000000180025095e-35 4.0517470836639413 1.0602869987487795 -0.041332654654979699 5.2135236263275155 0.81874048709869396 3.2795954942703252 0.75246649980545055 26.500000000000004 0.54610800743103038 13.090047836303713 0.061169026419520385
decision_type=2 2 2 2 2 2 2 2 2 2 2 2 2
left_child=1 11 8 -4 5 7 -7 -2 -3 10 -6 12 -1
right_child=4 2 3 -5 9 6 -8 -9 -10 -11 -12 -13 -14
leaf_value=0.0008436833070231103 5.1752327297005791e-05 -2.0670254115900591e-05 -0.00054649597579875379 0.00034816163579241686 -3.5622565877981245e-05 5.1574460145510702e-05 0.0073196125533143983 0.00047841972354722626 0.00016706419541021359 -0.002820483603797328 4.7817109920476502e-06 0.0024470225470821856 0.00029542832652476467
leaf_weight=1331 54094 42470 1193 17927 517549 51 49 4358 35682 46 251188 50 681
leaf_count=1331 54094 42470 1193 17927 517549 51 49 4358 35682 46 251188 50 681
internal_value=9.29489e-13 0.000122006 0.000109722 0.000292339 -1.46486e-05 8.9591e-05 0.00361291 8.35633e-05 6.5044e-05 -2.25877e-05 -2.24203e-05 0.000701494 0.000658116
internal_weight=926669 99334 97272 19120 827335 58552 100 58452 78152 768783 768737 2062 2012
internal_count=926669 99334 97272 19120 827335 58552 100 58452 78152 768783 768737 2062 2012
is_linear=0
shrinkage=0.0145901


Tree=17
num_leaves=14
num_cat=0
split_feature=1 20 18 5 5 28 13 28 2 7 16 15 10
split_gain=7.55476 3.22557 3.62026 4.12269 3.20601 3.12446 4.67168 6.0778 3.20413 1.64272 1.42747 0.712203 0.629045
threshold=23.500000000000004 1.0000000180025095e-35 4.0517470836639413 1.0000000180025095e-35 2.2911455631256108 -0.022426406852900978 4.9947521686553964 -0.13119563832879064 1.8688347935676577 26.500000000000004 11.83407497406006 13.090047836303713 1.5622525215148928
decision_type=2 2 2 2 2 2 2 2 2 2 2 2 2
left_child=1 11 4 -4 -3 6 8 -8 -2 10 -7 12 -1
right_child=5 2 3 -5 -6 9 7 -9 -10 -11 -12 -13 -14
leaf_value=0.00081648188675763074 -2.1044179781497446e-05 6.7697898094956624e-05 -0.00071573884862971375 0.00033379902811058512 -0.0023596587580998587 -2.3709625436007888e-05 0.0069352577387873189 0.00066823718321914821 0.00019523673776924267 -0.0027793324053791203 0.0002235446905165858 0.0024113203200682334 0.00025228888093260462
leaf_weight=1413 30733 78036 833 18287 116 763656 48 105 27744 46 5003 50 599
leaf_count=1413 30733 78036 833 18287 116 763656 48 105 27744 46 5003 50 599
internal_value=2.92749e-12 0.000120226 0.000108121 0.000288074 6.4095e-05 -1.44349e-05 8.82305e-05 0.00263436 8.15688e-05 -2.22653e-05 -2.21003e-05 0.000691259 0.000648514
internal_weight=926669 99334 97272 19120 78152 827335 58630 153 58477 768705 768659 2062 2012
internal_count=926669 99334 97272 19120 78152 827335 58630 153 58477 768705 768659 2062 2012
is_linear=0
shrinkage=0.0145901


Tree=18
num_leaves=15
num_cat=0
split_feature=22 27 23 19 21 24 14 1 18 1 9 11 7 22
split_gain=7.40438 12.6476 9.4861 5.96094 5.07803 4.66051 10.7877 5.49097 3.33118 3.26736 10.3564 1.83359 1.10483 1.04589
threshold=0.77267900109291088 1.0000000180025095e-35 0.41733001172542578 65.000000000000014 13.471391201019289 1.0000000180025095e-35 6.8964285850524911 4.5000000000000009 2.9700856208801274 1.0000000180025095e-35 1.863218426704407 5.9853553771972665 17.82499980926514 1.0000000180025095e-35
decision_type=2 2 2 2 2 2 2 2 2 2 2 2 2 2
left_child=8 2 3 -2 -4 7 -7 -3 12 10 -10 -11 13 -1
right_child=1 5 4 -5 -6 6 -8 -9 9 11 -12 -13 -14 -15
leaf_value=-2.3241018960492413e-05 6.4627632009433018e-05 0.00037825287104770563 0.00054298324374584103 0.0025764351053130237 -0.0041523847734130231 -0.0001895154786451885 -0.0041184469445242544 6.5101167489211748e-05 -0.0042844709386017721 6.8596133867590277e-05 -0.00019087158544971809 -0.00080136657761619855 0.0020047226302265949 -0.00011961583622272991
leaf_weight=681614 257 14131 2530 925 50 6984 152 76159 150 117228 1070 518 57 24844
leaf_count=681614 257 14131 2530 925 50 6984 152 76159 150 117228 1070 518 57 24844
internal_value=-3.07264e-12 0.000117796 0.000947884 0.0020303 0.000451988 8.57425e-05 -0.000273203 0.000114112 -1.44395e-05 5.69858e-05 -0.000694183 6.47689e-05 -2.64663e-05 -2.66302e-05
internal_weight=926669 101188 3762 1182 2580 97426 7136 90290 825481 118966 1220 117746 706515 706458
internal_count=926669 101188 3762 1182 2580 97426 7136 90290 825481 118966 1220 117746 706515 706458
is_linear=0
shrinkage=0.0145901


Tree=19
num_leaves=15
num_cat=0
split_feature=22 27 23 11 20 1 29 18 1 9 29 9 7 22
split_gain=7.1899 12.2812 9.21132 5.80962 5.04907 4.60287 5.65835 3.23468 3.17271 10.0564 3.07662 1.82497 1.07283 1.01559
threshold=0.77267900109291088 1.0000000180025095e-35 0.41733001172542578 1.7682158946990969 0.80645248293876659 1.5000000000000002 -0.051579724997282021 2.9700856208801274 1.0000000180025095e-35 1.863218426704407 -0.15134296566247937 2.3353749513626103 17.82499980926514 1.0000000180025095e-35
decision_type=2 2 2 2 2 2 2 2 2 2 2 2 2 2
left_child=7 2 3 -2 -4 10 -7 12 9 -9 -3 -10 13 -1
right_child=1 5 4 -5 -6 6 -8 8 11 -11 -12 -13 -14 -15
leaf_value=-2.2901931211976409e-05 0.0025088653316658479 -0.00071966517413734525 -0.0028556753900958721 -5.8146377618000605e-05 0.00057159097493960287 0.0004668862454770571 6.8194809663473018e-05 -0.0042219600590955282 1.7667589039461164e-06 -0.00018808668352112031 0.00026920834099486722 0.00011698978236171598 0.001975473614835166 -0.00011787061849561095
leaf_weight=681614 948 2427 95 234 2485 8312 85762 150 54330 1070 925 63416 57 24844
leaf_count=681614 948 2427 95 234 2485 8312 85762 150 54330 1070 925 63416 57 24844
internal_value=-2.94866e-12 0.000116077 0.000934054 0.00200068 0.000445393 8.44915e-05 0.000103422 -1.42288e-05 5.61544e-05 -0.000684055 -0.000446781 6.38239e-05 -2.60802e-05 -2.62417e-05
internal_weight=926669 101188 3762 1182 2580 97426 94074 825481 118966 1220 3352 117746 706515 706458
internal_count=926669 101188 3762 1182 2580 97426 94074 825481 118966 1220 3352 117746 706515 706458
is_linear=0
shrinkage=0.0145901


Tree=20
num_leaves=14
num_cat=0
split_feature=1 20 18 12 5 29 13 20 11 7 20 15 29
split_gain=7.07824 3.16276 3.50508 3.99746 3.10619 3.01041 5.5595 5.95604 3.29281 1.60837 1.21754 0.691595 0.611889
threshold=23.500000000000004 1.0000000180025095e-35 4.0517470836639413 1.0602869987487795 2.2911455631256108 -0.041332654654979699 5.2135236263275155 0.81874048709869396 4.2487926483154306 26.500000000000004 0.54610800743103038 13.090047836303713 0.061169026419520385
decision_type=2 2 2 2 2 2 2 2 2 2 2 2 2
left_child=1 11 4 -4 -3 6 8 -8 -2 10 -7 12 -1
right_child=5 2 3 -5 -6 9 7 -9 -10 -11 -12 -13 -14
leaf_value=0.00082169309506694365 4.4488768799020436e-05 6.4612360303819723e-05 -0.00053633242577834025 0.00033587480383010974 -0.0023246555479302673 -3.4281490998486788e-05 3.3876802380247618e-05 0.0071567180488483727 0.00040948912105259511 -0.0027497453199951064 4.8667254653282819e-06 0.0023768122187963567 0.00028398684398532229
leaf_weight=1331 52606 78036 1193 17927 116 517549 51 49 5846 46 251188 50 681
leaf_count=1331 52606 78036 1193 17927 116 517549 51 49 5846 46 251188 50 681
internal_value=2.30046e-12 0.000116372 0.000104386 0.000281453 6.1066e-05 -1.39722e-05 8.68742e-05 0.00352407 8.09938e-05 -2.16529e-05 -2.14896e-05 0.000681818 0.000639696
internal_weight=926669 99334 97272 19120 78152 827335 58552 100 58452 768783 768737 2062 2012
internal_count=926669 99334 97272 19120 78152 827335 58552 100 58452 768783 768737 2062 2012
is_linear=0
shrinkage=0.0145901


Tree=21
num_leaves=14
num_cat=0
split_feature=1 20 2 5 28 13 28 2 5 7 16 15 10
split_gain=6.8732 3.07114 3.41065 3.57236 2.9279 4.43219 5.82891 3.04568 2.41284 1.56177 1.37149 0.671562 0.60514
threshold=23.500000000000004 1.0000000180025095e-35 4.5695295333862314 1.9111495018005373 -0.022426406852900978 4.9947521686553964 -0.13119563832879064 1.8688347935676577 0.73856049776077282 26.500000000000004 11.83407497406006 13.090047836303713 1.5622525215148928
decision_type=2 2 2 2 2 2 2 2 2 2 2 2 2
left_child=1 11 3 -3 5 7 -7 -2 -4 10 -6 12 -1
right_child=4 2 8 -5 9 6 -8 -9 -10 -11 -12 -13 -14
leaf_value=0.00079510844858995456 -2.091701554744946e-05 7.5364476356634617e-05 -0.0003345646562791605 -0.00092697005907514435 -2.2765053751760624e-05 0.0067775424657681741 0.00064017945408714326 0.00018994834393725417 0.00035939266684433847 -0.0027096264217030264 0.00021959282363747588 0.0023421344256827335 0.00024173926795673274
leaf_weight=1413 30733 81570 1156 764 763656 48 105 27744 13782 46 5003 50 599
leaf_count=1413 30733 81570 1156 764 763656 48 105 27744 13782 46 5003 50 599
internal_value=2.95178e-13 0.000114674 0.000102863 6.60635e-05 -1.37684e-05 8.56153e-05 0.00256563 7.91266e-05 0.00030569 -2.13485e-05 -2.11876e-05 0.00067187 0.000630363
internal_weight=926669 99334 97272 82334 827335 58630 153 58477 14938 768705 768659 2062 2012
internal_count=926669 99334 97272 82334 827335 58630 153 58477 14938 768705 768659 2062 2012
is_linear=0
shrinkage=0.0145901


Tree=22
num_leaves=15
num_cat=0
split_feature=22 27 23 19 21 1 1 18 1 9 29 11 7 22
split_gain=6.78797 11.9081 8.94691 5.68172 4.93066 4.49055 5.50285 3.05448 3.10132 9.76017 2.98686 1.80787 1.05415 0.988849
threshold=0.77267900109291088 1.0000000180025095e-35 0.41733001172542578 65.000000000000014 13.471391201019289 1.5000000000000002 4.5000000000000009 2.9700856208801274 1.0000000180025095e-35 1.863218426704407 -0.15134296566247937 5.9853553771972665 17.82499980926514 1.0000000180025095e-35
decision_type=2 2 2 2 2 2 2 2 2 2 2 2 2 2
left_child=7 2 3 -2 -4 10 -7 12 9 -9 -3 -10 13 -1
right_child=1 5 4 -5 -6 6 -8 8 11 -11 -12 -13 -14 -15
leaf_value=-2.2206509040575544e-05 5.0364349556365178e-05 -0.00071194003607154223 0.00052631176618642085 0.0025026364970570599 -0.0041004240729599481 0.00037600540842776785 5.520461879954916e-05 -0.0041626631342153841 6.5952325046048028e-05 -0.0001886569195780425 0.00026240072741874149 -0.00079788905533285763 0.0019587130277180886 -0.0001159164610214864
leaf_weight=681614 257 2427 2530 925 50 13248 80826 150 117228 1070 925 518 57 24844
leaf_count=681614 257 2427 2530 925 50 13248 80826 150 117228 1070 925 518 57 24844
internal_value=1.32217e-12 0.000112786 0.000918243 0.00196944 0.000436646 8.16838e-05 0.000100381 -1.38253e-05 5.45693e-05 -0.000677264 -0.000443066 6.2152e-05 -2.53419e-05 -2.5502e-05
internal_weight=926669 101188 3762 1182 2580 97426 94074 825481 118966 1220 3352 117746 706515 706458
internal_count=926669 101188 3762 1182 2580 97426 94074 825481 118966 1220 3352 117746 706515 706458
is_linear=0
shrinkage=0.0145901


Tree=23
num_leaves=15
num_cat=0
split_feature=22 27 23 11 20 1 29 18 1 9 29 11 7 22
split_gain=6.59134 11.5632 8.68774 5.5371 4.90185 4.36047 5.41637 2.966 3.01148 9.47744 2.90033 1.7555 1.02361 0.960204
threshold=0.77267900109291088 1.0000000180025095e-35 0.41733001172542578 1.7682158946990969 0.80645248293876659 1.5000000000000002 -0.051579724997282021 2.9700856208801274 1.0000000180025095e-35 1.863218426704407 -0.15134296566247937 5.9853553771972665 17.82499980926514 1.0000000180025095e-35
decision_type=2 2 2 2 2 2 2 2 2 2 2 2 2 2
left_child=7 2 3 -2 -4 10 -7 12 9 -9 -3 -10 13 -1
right_child=1 5 4 -5 -6 6 -8 8 11 -11 -12 -13 -14 -15
leaf_value=-2.1882519939902119e-05 0.00243683760886225 -0.00070155277892679062 -0.0028223109524661001 -6.9245517612590476e-05 0.00055461997674451135 0.00045452483421323152 6.4451619071654627e-05 -0.0041019295073581336 6.4990065959730746e-05 -0.00018590441581434883 0.00025857228630393742 -0.00078624780255875471 0.0019301352521041138 -0.00011422521147006952
leaf_weight=681614 948 2427 95 234 2485 8312 85762 150 117228 1070 925 518 57 24844
leaf_count=681614 948 2427 95 234 2485 8312 85762 150 117228 1070 925 518 57 24844
internal_value=-3.02173e-12 0.00011114 0.000904846 0.00194071 0.000430276 8.04921e-05 9.89169e-05 -1.36236e-05 5.37731e-05 -0.000667383 -0.000436602 6.12452e-05 -2.49722e-05 -2.51299e-05
internal_weight=926669 101188 3762 1182 2580 97426 94074 825481 118966 1220 3352 117746 706515 706458
internal_count=926669 101188 3762 1182 2580 97426 94074 825481 118966 1220 3352 117746 706515 706458
is_linear=0
shrinkage=0.0145901


Tree=24
num_leaves=14
num_cat=0
split_feature=1 20 18 5 5 29 13 20 13 7 9 15 29
split_gain=6.45737 3.00902 3.33302 3.87333 3.00322 2.81386 5.29702 5.70757 3.15941 1.53005 1.16225 0.65213 0.588568
threshold=23.500000000000004 1.0000000180025095e-35 4.0517470836639413 1.0000000180025095e-35 2.2911455631256108 -0.041332654654979699 5.2135236263275155 0.81874048709869396 3.2795954942703252 26.500000000000004 4.3950660228729257 13.090047836303713 0.061169026419520385
decision_type=2 2 2 2 2 2 2 2 2 2 2 2 2
left_child=1 11 4 -4 -3 6 8 -8 -2 10 -7 12 -1
right_child=5 2 3 -5 -6 9 7 -9 -10 -11 -12 -13 -14
leaf_value=0.0008002756635933474 4.7967529950187991e-05 6.0703754137738413e-05 -0.0007008543315421479 0.00031644735884413575 -0.0022886281249744895 -2.1526500585627122e-05 2.2611541428459406e-05 0.0069952958096446017 0.00045632653073215815 -0.0026816102245402883 0.00033126392803715585 0.0023086056869836519 0.00027291565758791699
leaf_weight=1331 54094 78036 833 18287 116 766744 51 49 4358 46 1993 50 681
leaf_count=1331 54094 78036 833 18287 116 766744 51 49 4358 46 1993 50 681
internal_value=3.0904e-13 0.000111151 9.94598e-05 0.000272127 5.72167e-05 -1.33454e-05 8.41534e-05 0.00343923 7.84135e-05 -2.07711e-05 -2.06119e-05 0.000662683 0.000621781
internal_weight=926669 99334 97272 19120 78152 827335 58552 100 58452 768783 768737 2062 2012
internal_count=926669 99334 97272 19120 78152 827335 58552 100 58452 768783 768737 2062 2012
is_linear=0
shrinkage=0.0145901


Tree=25
num_leaves=15
num_cat=0
split_feature=22 27 23 19 21 24 14 1 18 1 9 9 7 22
split_gain=6.31459 11.2211 8.43777 5.41559 4.78751 4.27527 10.4796 5.09576 2.84705 2.93525 9.20058 1.73653 1.00011 0.932095
threshold=0.77267900109291088 1.0000000180025095e-35 0.41733001172542578 65.000000000000014 13.471391201019289 1.0000000180025095e-35 6.8964285850524911 6.5000000000000009 2.9700856208801274 1.0000000180025095e-35 1.863218426704407 2.3353749513626103 17.82499980926514 1.0000000180025095e-35
decision_type=2 2 2 2 2 2 2 2 2 2 2 2 2 2
left_child=8 2 3 -2 -4 7 -7 -3 12 10 -10 -11 13 -1
right_child=1 5 4 -5 -6 6 -8 -9 9 11 -12 -13 -14 -15
leaf_value=-2.1409610252292914e-05 3.7916472449704332e-05 0.0003045334807826683 0.00051132046327126315 0.0024320673000217717 -0.0040477547700956389 -0.00018271584235323284 -0.0040551436427078728 4.5321073976539137e-05 -0.0040432823147407634 -4.6096385434085948e-07 -0.00018487975120390216 0.0001119353716008771 0.0019080739817804203 -0.00011239062272262641
leaf_weight=681614 257 21053 2530 925 50 6984 152 69237 150 54330 1070 63416 57 24844
leaf_count=681614 257 21053 2530 925 50 6984 152 69237 150 54330 1070 63416 57 24844
internal_value=2.47599e-12 0.000108782 0.000890659 0.00191151 0.000422966 7.85906e-05 -0.0002652 0.000105762 -1.33346e-05 5.26969e-05 -0.000659274 6.00738e-05 -2.44532e-05 -2.46091e-05
internal_weight=926669 101188 3762 1182 2580 97426 7136 90290 825481 118966 1220 117746 706515 706458
internal_count=926669 101188 3762 1182 2580 97426 7136 90290 825481 118966 1220 117746 706515 706458
is_linear=0
shrinkage=0.0145901


Tree=26
num_leaves=15
num_cat=0
split_feature=22 27 23 11 20 1 29 18 1 9 29 11 7 22
split_gain=6.13168 10.896 8.19335 5.27732 4.75909 4.18993 5.23 2.76458 2.85023 8.93407 2.76151 1.72123 0.971136 0.905095
threshold=0.77267900109291088 1.0000000180025095e-35 0.41733001172542578 1.7682158946990969 0.80645248293876659 1.5000000000000002 -0.051579724997282021 2.9700856208801274 1.0000000180025095e-35 1.863218426704407 -0.15134296566247937 5.9853553771972665 17.82499980926514 1.0000000180025095e-35
decision_type=2 2 2 2 2 2 2 2 2 2 2 2 2 2
left_child=7 2 3 -2 -4 10 -7 12 9 -9 -3 -10 13 -1
right_child=1 5 4 -5 -6 6 -8 8 11 -11 -12 -13 -14 -15
leaf_value=-2.1097246020009145e-05 0.0023679726189056523 -0.00068796938108081195 -0.0027880785824275106 -7.8615197398121224e-05 0.00053931544346496642 0.00044494140966871038 6.163775187948156e-05 -0.0039842906406265186 6.2905428647621163e-05 -0.00018218237062918148 0.00024889536804859242 -0.00077998076529198256 0.0018802351087044685 -0.00011075085594449155
leaf_weight=681614 948 2427 95 234 2485 8312 85762 150 117228 1070 925 518 57 24844
leaf_count=681614 948 2427 95 234 2485 8312 85762 150 117228 1070 925 518 57 24844
internal_value=-4.23591e-13 0.000107195 0.000877664 0.00188362 0.000416795 7.7444e-05 9.55049e-05 -1.314e-05 5.1928e-05 -0.000649655 -0.000429437 5.91973e-05 -2.40964e-05 -2.42501e-05
internal_weight=926669 101188 3762 1182 2580 97426 94074 825481 118966 1220 3352 117746 706515 706458
internal_count=926669 101188 3762 1182 2580 97426 94074 825481 118966 1220 3352 117746 706515 706458
is_linear=0
shrinkage=0.0145901


Tree=27
num_leaves=15
num_cat=0
split_feature=1 9 10 19 20 18 28 13 28 2 2 7 16 15
split_gain=6.03784 2.96768 5.06218 8.69593 2.91101 3.32776 2.7112 4.21554 5.57929 2.86267 1.97241 1.49773 1.31004 0.664328
threshold=23.500000000000004 4.1198248863220224 2.4273229837417607 2.5000000000000004 1.0000000180025095e-35 4.0517470836639413 -0.022426406852900978 4.9947521686553964 -0.13119563832879064 1.8688347935676577 2.6735538244247441 26.500000000000004 11.83407497406006 13.090047836303713
decision_type=2 2 2 2 2 2 2 2 2 2 2 2 2 2
left_child=1 4 3 -3 13 -6 7 9 -9 -2 -4 12 -8 -1
right_child=6 2 10 -5 5 -7 11 8 -10 -11 -12 -13 -14 -15
leaf_value=0.00062160519055914681 -2.0588891464437598e-05 -0.0038265342700661417 0.0032427669251076084 -0.00039698416951480987 6.3647704229241391e-05 0.00028094132904413194 -2.1582933105252975e-05 0.0066221097941683311 0.00061760164617214515 0.00018384286379928804 0.00012759273475244158 -0.0026527875437717288 0.00021528279994748872 0.00234121561398236
leaf_weight=1991 30733 218 46 566 77109 18627 763656 48 105 27744 728 46 5003 49
leaf_count=1991 30733 218 46 566 77109 18627 763656 48 105 27744 728 46 5003 49
internal_value=4.87961e-13 0.00010748 -0.000524276 -0.00135061 0.000117547 0.000105926 -1.29046e-05 8.27305e-05 0.00250137 7.64023e-05 0.000312732 -2.01988e-05 -2.00412e-05 0.00066291
internal_weight=926669 99334 1558 784 97776 95736 827335 58630 153 58477 774 768705 768659 2040
internal_count=926669 99334 1558 784 97776 95736 827335 58630 153 58477 774 768705 768659 2040
is_linear=0
shrinkage=0.0145901


Tree=28
num_leaves=15
num_cat=0
split_feature=22 27 23 19 21 24 14 1 18 1 9 11 7 22
split_gain=5.88091 10.574 7.95791 5.15843 4.64876 4.07923 10.1854 4.91975 2.64563 2.77533 8.71127 1.68028 0.94862 0.877542
threshold=0.77267900109291088 1.0000000180025095e-35 0.41733001172542578 65.000000000000014 13.471391201019289 1.0000000180025095e-35 6.8964285850524911 4.5000000000000009 2.9700856208801274 1.0000000180025095e-35 1.7047813534736636 5.9853553771972665 17.82499980926514 1.0000000180025095e-35
decision_type=2 2 2 2 2 2 2 2 2 2 2 2 2 2
left_child=8 2 3 -2 -4 7 -7 -3 12 10 -10 -11 13 -1
right_child=1 5 4 -5 -6 6 -8 -9 9 11 -12 -13 -14 -15
leaf_value=-2.0634026479100965e-05 2.6808226356962225e-05 0.00035223808675866047 0.00049684422588206097 0.0023634250739237627 -0.0039956800331594029 -0.000178825770393172 -0.0039965062244140146 5.5821900043455191e-05 -0.0049584883077254324 6.1621197793056902e-05 -0.00028942579239749045 -0.00077117833138828809 0.0018585396500725884 -0.00010891244249651463
leaf_weight=681614 257 14131 2530 925 50 6984 152 76159 92 117228 1128 518 57 24844
leaf_count=681614 257 14131 2530 925 50 6984 152 76159 92 117228 1128 518 57 24844
internal_value=-1.01927e-12 0.00010498 0.000863979 0.00185538 0.00040978 7.56721e-05 -0.000260144 0.000102213 -1.28685e-05 5.07843e-05 -0.000641519 5.79575e-05 -2.35867e-05 -2.37385e-05
internal_weight=926669 101188 3762 1182 2580 97426 7136 90290 825481 118966 1220 117746 706515 706458
internal_count=926669 101188 3762 1182 2580 97426 7136 90290 825481 118966 1220 117746 706515 706458
is_linear=0
shrinkage=0.0145901


Tree=29
num_leaves=15
num_cat=0
split_feature=1 9 10 19 22 1 20 29 13 20 11 2 7 9
split_gain=5.73241 2.88088 4.91553 8.44628 2.85527 4.55163 2.99916 2.63327 5.05868 5.48763 3.01616 1.91488 1.45922 1.12298
threshold=23.500000000000004 4.1198248863220224 2.4273229837417607 2.5000000000000004 0.99588799476623546 15.500000000000002 1.0000000180025095e-35 -0.041332654654979699 5.2135236263275155 0.81874048709869396 4.2487926483154306 2.6735538244247441 26.500000000000004 4.3950660228729257
decision_type=2 2 2 2 2 2 2 2 2 2 2 2 2 2
left_child=1 4 3 -3 6 -6 -1 8 10 -10 -2 -4 13 -9
right_child=7 2 11 -5 5 -7 -8 12 9 -11 -12 -13 -14 -15
leaf_value=0.00065352521905313074 4.1197050467901043e-05 -0.0037721239228696709 0.003194055542532073 -0.00039216139598288703 0.00061062965533518912 -0.0040122890324014232 8.7967548055526288e-05 -2.0500972196098193e-05 1.0329479578703747e-05 0.0068473478181343018 0.00039052803059670124 0.00012465362134392684 -0.0026182813334032686 0.00032627914547675235
leaf_weight=2040 52606 218 46 566 3144 46 92546 766744 51 49 5846 728 46 1993
leaf_count=2040 52606 218 46 566 3144 46 92546 766744 51 49 5846 728 46 1993
internal_value=2.55199e-13 0.000104726 -0.000517723 -0.001332 0.000114645 0.000543967 0.000100165 -1.2574e-05 8.17442e-05 0.00336047 7.61349e-05 0.000307073 -1.97574e-05 -1.96019e-05
internal_weight=926669 99334 1558 784 97776 3190 94586 827335 58552 100 58452 774 768783 768737
internal_count=926669 99334 1558 784 97776 3190 94586 827335 58552 100 58452 774 768783 768737
is_linear=0
shrinkage=0.0145901


Tree=30
num_leaves=15
num_cat=0
split_feature=22 27 23 11 20 1 29 29 18 1 9 9 7 22
split_gain=5.63456 10.2544 7.72842 5.02259 4.62112 4.02483 5.01488 2.62713 2.55077 2.69863 8.4881 1.67064 0.926586 0.851931
threshold=0.77267900109291088 1.0000000180025095e-35 0.41733001172542578 1.7682158946990969 0.80645248293876659 1.5000000000000002 -0.051579724997282021 -0.15134296566247937 2.9700856208801274 1.0000000180025095e-35 1.863218426704407 2.3353749513626103 17.82499980926514 1.0000000180025095e-35
decision_type=2 2 2 2 2 2 2 2 2 2 2 2 2 2
left_child=8 2 3 -2 -4 7 -7 -3 12 10 -10 -11 13 -1
right_child=1 5 4 -5 -6 6 -8 -9 9 11 -12 -13 -14 -15
leaf_value=-2.0211556524491486e-05 0.0022997135627699098 -0.00067506194036698927 -0.002755481547832899 -8.7096861547611797e-05 0.00052332689408491327 0.00043377221867165416 5.8434222148138179e-05 0.0002387238685843153 -0.0038831069722702677 -2.3967408164073429e-06 -0.00017710949931590096 0.00010784664770575518 0.0018370186046942937 -0.00010719224053437115
leaf_weight=681614 948 2427 95 234 2485 8312 85762 925 150 54330 1070 63416 57 24844
leaf_count=681614 948 2427 95 234 2485 8312 85762 925 150 54330 1070 63416 57 24844
internal_value=9.41965e-14 0.000102758 0.000850198 0.0018272 0.000402596 7.3896e-05 9.15976e-05 -0.000422898 -1.25961e-05 4.99051e-05 -0.000632765 5.69785e-05 -2.31203e-05 -2.32704e-05
internal_weight=926669 101188 3762 1182 2580 97426 94074 3352 825481 118966 1220 117746 706515 706458
internal_count=926669 101188 3762 1182 2580 97426 94074 3352 825481 118966 1220 117746 706515 706458
is_linear=0
shrinkage=0.0145901


Tree=31
num_leaves=15
num_cat=0
split_feature=1 2 5 1 27 28 13 28 18 5 14 27 7 16
split_gain=5.49127 2.82593 3.54018 14.1792 3.4808 2.54072 3.99938 5.35119 2.72404 2.2439 5.13403 2.04856 1.42354 1.2541
threshold=23.500000000000004 4.5695295333862314 1.9111495018005373 1.0000000180025095e-35 1.0000000180025095e-35 -0.022426406852900978 4.9947521686553964 -0.13119563832879064 1.0000000180025095e-35 1.0000000180025095e-35 4.2330315113067636 1.0000000180025095e-35 26.500000000000004 11.83407497406006
decision_type=2 2 2 2 2 2 2 2 2 2 2 2 2 2
left_child=1 2 4 -4 -1 6 8 -8 -2 10 -3 -11 13 -7
right_child=5 9 3 -5 -6 12 7 -9 -10 11 -12 -13 -14 -15
leaf_value=0.00033457236604105071 -2.2011092288433416e-05 0.00018308653313990405 -0.0068990433493412925 -0.00025858744571094445 4.411110558930201e-05 -2.0722619273216097e-05 0.0064717141834466536 0.00059122833094706658 0.00017727342449484992 0.0016879427162875093 -0.0030872300530865801 0.00029988181995204186 -0.0025859244628960933 0.00021103115890890758
leaf_weight=9972 30272 411 76 689 73626 763656 48 105 28205 230 136 14194 46 5003
leaf_count=9972 30272 411 76 689 73626 763656 48 105 28205 230 136 14194 46 5003
internal_value=2.94752e-12 0.0001025 6.97176e-05 -0.000918293 7.87588e-05 -1.23066e-05 8.02729e-05 0.00243609 7.41091e-05 0.000287231 -0.000630009 0.000322015 -1.93678e-05 -1.92142e-05
internal_weight=926669 99334 84363 765 83598 827335 58630 153 58477 14971 547 14424 768705 768659
internal_count=926669 99334 84363 765 83598 827335 58630 153 58477 14971 547 14424 768705 768659
is_linear=0
shrinkage=0.0145901


Tree=32
num_leaves=15
num_cat=0
split_feature=22 27 23 19 21 1 1 14 18 1 9 11 7 22
split_gain=5.40306 9.83792 7.50741 4.91341 4.51452 3.9076 4.96161 2.59827 2.44195 2.63327 8.27494 1.65564 0.905102 0.831466
threshold=0.77267900109291088 1.0000000180025095e-35 0.41733001172542578 65.000000000000014 13.471391201019289 1.5000000000000002 4.5000000000000009 7.915032386779786 2.9700856208801274 1.0000000180025095e-35 1.7046654820442202 5.9853553771972665 17.82499980926514 1.0000000180025095e-35
decision_type=2 2 2 2 2 2 2 2 2 2 2 2 2 2
left_child=8 2 3 -2 -4 7 -7 -3 12 10 -10 -11 13 -1
right_child=1 5 4 -5 -6 6 -8 -9 9 11 -12 -13 -14 -15
leaf_value=-1.9758361204761901e-05 1.1042911711699773e-05 -0.00035363427080326281 0.00047737104388236018 0.0022914908500622833 -0.0039498168380784956 0.00035151543801145284 4.6899408590321095e-05 -0.0030149706154802172 -0.0048579291203184414 5.9442798556545614e-05 -0.00028439216602267137 -0.00076722913831006514 0.0018158159943894941 -0.00010568797294621914
leaf_weight=681614 257 3272 2530 925 50 13248 80826 80 91 117228 1129 518 57 24844
leaf_count=681614 257 3272 2530 925 50 13248 80826 80 91 117228 1129 518 57 24844
internal_value=3.6579e-12 0.000100625 0.000832729 0.00179566 0.000391573 7.23552e-05 8.97971e-05 -0.000417151 -1.23346e-05 4.88189e-05 -0.000625533 5.5806e-05 -2.26319e-05 -2.27802e-05
internal_weight=926669 101188 3762 1182 2580 97426 94074 3352 825481 118966 1220 117746 706515 706458
internal_count=926669 101188 3762 1182 2580 97426 94074 3352 825481 118966 1220 117746 706515 706458
is_linear=0
shrinkage=0.0145901


Tree=33
num_leaves=15
num_cat=0
split_feature=22 27 23 11 20 24 14 1 18 1 11 9 7 22
split_gain=5.24655 9.55295 7.28994 4.787 4.48618 3.83013 9.81293 4.62685 2.37121 2.55699 8.0655 1.61182 0.878884 0.812308
threshold=0.77267900109291088 1.0000000180025095e-35 0.41733001172542578 1.7682158946990969 0.80645248293876659 1.0000000180025095e-35 6.8964285850524911 6.5000000000000009 2.9700856208801274 1.0000000180025095e-35 2.7411983013153081 2.3353749513626103 17.82499980926514 0.66230899095535289
decision_type=2 2 2 2 2 2 2 2 2 2 2 2 2 2
left_child=8 2 3 -2 -4 7 -7 -3 12 10 -10 -11 13 -1
right_child=1 5 4 -5 -6 6 -8 -9 9 11 -12 -13 -14 -15
leaf_value=-2.0579492065911008e-05 0.0022307595149102513 0.00028642284703401025 -0.0027257653113382883 -9.9400020306673529e-05 0.00050481519522678031 -0.00017428402627748813 -0.0039215148190307591 3.9424585480276098e-05 -0.0048711656296314011 -3.3289092252679952e-06 -0.00028564774981146507 0.00010495655118563009 0.0017893231060437352 -0.000153450741818723
leaf_weight=696524 948 21053 95 234 2485 6984 152 69237 88 54330 1132 63416 57 9934
leaf_count=696524 948 21053 95 234 2485 6984 152 69237 88 54330 1132 63416 57 9934
internal_value=-4.29365e-13 9.91565e-05 0.000820579 0.00176946 0.00038586 7.12996e-05 -0.000254102 9.70174e-05 -1.21547e-05 4.81066e-05 -0.000616406 5.49918e-05 -2.23017e-05 -2.24479e-05
internal_weight=926669 101188 3762 1182 2580 97426 7136 90290 825481 118966 1220 117746 706515 706458
internal_count=926669 101188 3762 1182 2580 97426 7136 90290 825481 118966 1220 117746 706515 706458
is_linear=0
shrinkage=0.0145901


Tree=34
num_leaves=15
num_cat=0
split_feature=1 20 2 5 28 13 28 2 10 7 16 10 2 9
split_gain=5.09649 2.8193 3.06517 3.34551 2.46179 3.89354 5.20487 2.64494 2.26415 1.39324 1.2077 0.643458 1.43917 0.89764
threshold=23.500000000000004 1.0000000180025095e-35 4.5695295333862314 1.9111495018005373 -0.022426406852900978 4.9947521686553964 -0.13119563832879064 1.8688347935676577 2.3414335250854497 26.500000000000004 11.83407497406006 2.6915230751037602 3.8815106153488164 3.5709289312362675
decision_type=2 2 2 2 2 2 2 2 2 2 2 2 2 2
left_child=1 11 3 -3 5 7 -7 -2 -4 10 -6 13 -13 -1
right_child=4 2 8 -5 9 6 -8 -9 -10 -11 -12 12 -14 -15
leaf_value=0.00062432015551934473 -2.0037366746115256e-05 6.1544836896633841e-05 -0.00029437619671295902 -0.00090844252087264837 -2.0134937956982175e-05 0.0063837731344530023 0.00058424418010640249 0.00017646653962453374 0.0003359115434860888 -0.0025578974490422174 0.00020729125268182457 0.0031118787649267034 -0.00011644591382463463 -0.0012032685541171402
leaf_weight=1884 30733 81570 1332 764 763656 48 105 27744 13606 46 5003 66 53 59
leaf_count=1884 30733 81570 1332 764 763656 48 105 27744 13606 46 5003 66 53 59
internal_value=-1.0508e-12 9.87467e-05 8.74297e-05 5.25441e-05 -1.1856e-05 7.92742e-05 0.0024037 7.31925e-05 0.00027971 -1.88066e-05 -1.86547e-05 0.000632608 0.00167405 0.000568825
internal_weight=926669 99334 97272 82334 827335 58630 153 58477 14938 768705 768659 2062 119 1943
internal_count=926669 99334 97272 82334 827335 58630 153 58477 14938 768705 768659 2062 119 1943
is_linear=0
shrinkage=0.0145901


Tree=35
num_leaves=15
num_cat=0
split_feature=22 27 23 19 21 1 29 29 18 1 9 11 7 22
split_gain=5.03637 9.26646 7.07931 4.68311 4.3835 3.75266 4.81344 2.49747 2.26932 2.48979 7.96099 1.62182 0.857934 0.791386
threshold=0.77267900109291088 1.0000000180025095e-35 0.41733001172542578 65.000000000000014 13.471391201019289 1.5000000000000002 -0.051579724997282021 -0.15134296566247937 2.9700856208801274 1.0000000180025095e-35 1.863218426704407 5.9853553771972665 17.82499980926514 1.0000000180025095e-35
decision_type=2 2 2 2 2 2 2 2 2 2 2 2 2 2
left_child=8 2 3 -2 -4 7 -7 -3 12 10 -10 -11 13 -1
right_child=1 5 4 -5 -6 6 -8 -9 9 11 -12 -13 -14 -15
leaf_value=-1.9031615147396828e-05 4.5434558266716376e-07 -0.00065585140797416134 0.00046382349312782604 0.0022268182617700347 -0.0038986465562265032 0.00042203836063988884 5.4316024561312104e-05 0.00023510033855679048 -0.0037564815452148554 5.7437187202573131e-05 -0.00016739952576807352 -0.00076074751430995659 0.0017680675341909238 -0.00010286459478770883
leaf_weight=681614 257 2427 2530 925 50 8312 85762 925 150 117228 1070 518 57 24844
leaf_count=681614 257 2427 2530 925 50 8312 85762 925 150 117228 1070 518 57 24844
internal_value=1.2312e-12 9.715e-05 0.000807673 0.00174274 0.000379279 6.97139e-05 8.68065e-05 -0.000409989 -1.19087e-05 4.70436e-05 -0.00060868 5.38377e-05 -2.18354e-05 -2.19798e-05
internal_weight=926669 101188 3762 1182 2580 97426 94074 3352 825481 118966 1220 117746 706515 706458
internal_count=926669 101188 3762 1182 2580 97426 94074 3352 825481 118966 1220 117746 706515 706458
is_linear=0
shrinkage=0.0145901


Tree=36
num_leaves=15
num_cat=0
split_feature=22 27 23 11 20 24 14 1 18 1 9 23 7 22
split_gain=4.89047 8.99804 6.87425 4.56245 4.35577 3.6581 9.53259 4.46994 2.20358 2.41767 7.77591 1.58166 0.833082 0.774061
threshold=0.77267900109291088 1.0000000180025095e-35 0.41733001172542578 1.7682158946990969 0.80645248293876659 1.0000000180025095e-35 6.8964285850524911 4.5000000000000009 2.9700856208801274 1.0000000180025095e-35 1.7046654820442202 0.51561501622200023 17.82499980926514 0.66230899095535289
decision_type=2 2 2 2 2 2 2 2 2 2 2 2 2 2
left_child=8 2 3 -2 -4 7 -7 -3 12 10 -10 -11 13 -1
right_child=1 5 4 -5 -6 6 -8 -9 9 11 -12 -13 -14 -15
leaf_value=-1.9835201954547692e-05 0.0021676688569800436 0.00033215157904887448 -0.0026923215594534602 -0.00010718316496577206 0.000490959616985385 -0.00017064339470745319 -0.0038639596431535648 4.9610888265687405e-05 -0.0047025922616233664 3.6054046149609935e-05 -0.00026910481058569112 0.00022127243083409079 0.0017422712583947144 -0.00014954065223695006
leaf_weight=696524 948 14131 95 234 2485 6984 152 76159 91 106940 1129 10806 57 9934
leaf_count=696524 948 14131 95 234 2485 6984 152 76159 91 106940 1129 10806 57 9934
internal_value=3.84751e-13 9.57326e-05 0.000795889 0.00171732 0.000373746 6.86968e-05 -0.000249313 9.38304e-05 -1.1735e-05 4.63572e-05 -0.000599799 5.30522e-05 -2.15168e-05 -2.16591e-05
internal_weight=926669 101188 3762 1182 2580 97426 7136 90290 825481 118966 1220 117746 706515 706458
internal_count=926669 101188 3762 1182 2580 97426 7136 90290 825481 118966 1220 117746 706515 706458
is_linear=0
shrinkage=0.0145901


Tree=37
num_leaves=15
num_cat=0
split_feature=1 9 10 19 20 18 29 13 20 13 2 7 9 15
split_gain=4.76797 2.7963 4.7444 8.19855 2.72349 3.07175 2.37087 4.71939 5.21409 2.82127 1.86326 1.36357 1.0762 0.643481
threshold=23.500000000000004 4.1198248863220224 2.4273229837417607 2.5000000000000004 1.0000000180025095e-35 4.0517470836639413 -0.041332654654979699 5.2135236263275155 0.81874048709869396 3.2795954942703252 2.6735538244247441 26.500000000000004 4.3950660228729257 13.090047836303713
decision_type=2 2 2 2 2 2 2 2 2 2 2 2 2 2
left_child=1 4 3 -3 13 -6 7 9 -9 -2 -4 12 -8 -1
right_child=6 2 10 -5 5 -7 11 8 -10 -11 -12 -13 -14 -15
leaf_value=0.000592136750284726 4.3839595395232118e-05 -0.0037217829017480142 0.0031403865783828219 -0.00039175740723091176 5.3423069350085597e-05 0.00026219110795496099 -1.9013513338524228e-05 -2.0683173690081826e-05 0.0066437566007958313 0.00042972799651093136 0.00011263503594685532 -0.0025301996678186835 0.00032046654753129764 0.0022845510456275617
leaf_weight=1991 54094 218 46 566 77109 18627 766744 51 49 4358 728 46 1993 49
leaf_count=1991 54094 218 46 566 77109 18627 766744 51 49 4358 728 46 1993 49
internal_value=-5.35133e-13 9.5511e-05 -0.000517733 -0.00131771 0.000105283 9.40423e-05 -1.14675e-05 7.80281e-05 0.00324489 7.26102e-05 0.000292579 -1.82837e-05 -1.81334e-05 0.000632788
internal_weight=926669 99334 1558 784 97776 95736 827335 58552 100 58452 774 768783 768737 2040
internal_count=926669 99334 1558 784 97776 95736 827335 58552 100 58452 774 768783 768737 2040
is_linear=0
shrinkage=0.0145901


Tree=38
num_leaves=15
num_cat=0
split_feature=22 27 23 19 21 1 29 2 18 1 11 11 7 22
split_gain=4.68885 8.73401 6.67679 4.46062 4.25646 3.60059 4.6476 2.48182 2.11284 2.35415 7.65796 1.58435 0.814111 0.754185
threshold=0.77267900109291088 1.0000000180025095e-35 0.41733001172542578 65.000000000000014 13.471391201019289 1.5000000000000002 -0.051579724997282021 5.6716020107269296 2.9700856208801274 1.0000000180025095e-35 2.7411983013153081 5.9853553771972665 17.82499980926514 1.0000000180025095e-35
decision_type=2 2 2 2 2 2 2 2 2 2 2 2 2 2
left_child=8 2 3 -2 -4 7 -7 -3 12 10 -10 -11 13 -1
right_child=1 5 4 -5 -6 6 -8 -9 9 11 -12 -13 -14 -15
leaf_value=-1.8331454907054484e-05 -8.7546911645748321e-06 -0.00045212708845769573 0.00045081984465354631 0.0021640798301955583 -0.0038479717338425657 0.00041325120834505568 5.1919039022320547e-05 0.0027911724521626534 -0.0047380912274234341 5.5557062417266339e-05 -0.00026992469179686805 -0.00075312162019139752 0.0017225212696620642 -0.00010017030432771368
leaf_weight=681614 257 3301 2530 925 50 8312 85762 51 88 117228 1132 518 57 24844
leaf_count=681614 257 3301 2530 925 50 8312 85762 51 88 117228 1132 518 57 24844
internal_value=-1.77697e-12 9.37384e-05 0.000783546 0.00169164 0.00036751 6.71022e-05 8.38449e-05 -0.000402781 -1.14905e-05 4.5393e-05 -0.000592219 5.19994e-05 -2.10688e-05 -2.12095e-05
internal_weight=926669 101188 3762 1182 2580 97426 94074 3352 825481 118966 1220 117746 706515 706458
internal_count=926669 101188 3762 1182 2580 97426 94074 3352 825481 118966 1220 117746 706515 706458
is_linear=0
shrinkage=0.0145901


Tree=39
num_leaves=15
num_cat=0
split_feature=1 9 10 19 20 18 28 13 28 2 2 7 16 15
split_gain=4.57034 2.71194 4.60405 7.95381 2.65344 2.97398 2.28397 3.69881 4.98444 2.50271 1.80876 1.32958 1.16005 0.62485
threshold=23.500000000000004 4.1198248863220224 2.4273229837417607 2.5000000000000004 1.0000000180025095e-35 4.0517470836639413 -0.022426406852900978 4.9947521686553964 -0.13119563832879064 1.8688347935676577 2.6735538244247441 26.500000000000004 11.83407497406006 13.090047836303713
decision_type=2 2 2 2 2 2 2 2 2 2 2 2 2 2
left_child=1 4 3 -3 13 -6 7 9 -9 -2 -4 12 -8 -1
right_child=6 2 10 -5 5 -7 11 8 -10 -11 -12 -13 -14 -15
leaf_value=0.00058375217214202567 -2.0066338241340217e-05 -0.0036663860608520333 0.003093671857503053 -0.00038643979753999854 5.2071289831193134e-05 0.00025749005887728058 -1.9224549191578957e-05 0.0062369867223499862 0.00056159302350098858 0.00017108117968367238 0.00011053178019727613 -0.0024983294358680778 0.00020366949007215993 0.0022514867440028784
leaf_weight=1991 30733 218 46 566 77109 18627 763656 48 105 27744 728 46 5003 49
leaf_count=1991 30733 218 46 566 77109 18627 763656 48 105 27744 728 46 5003 49
internal_value=-2.30104e-12 9.35106e-05 -0.000510411 -0.00129847 0.000103134 9.20389e-05 -1.12274e-05 7.65499e-05 0.00234211 7.06223e-05 0.000287824 -1.79222e-05 -1.77738e-05 0.000623811
internal_weight=926669 99334 1558 784 97776 95736 827335 58630 153 58477 774 768705 768659 2040
internal_count=926669 99334 1558 784 97776 95736 827335 58630 153 58477 774 768705 768659 2040
is_linear=0
shrinkage=0.0145901


Tree=40
num_leaves=15
num_cat=0
split_feature=22 27 23 11 20 24 14 1 18 1 9 11 7 22
split_gain=4.49737 8.47738 6.485 4.3421 4.22929 3.51698 9.29717 4.31277 2.02053 2.29168 7.47494 1.54638 0.79539 0.737718
threshold=0.77267900109291088 1.0000000180025095e-35 0.41733001172542578 1.7682158946990969 0.80645248293876659 1.0000000180025095e-35 6.8964285850524911 4.5000000000000009 2.9700856208801274 1.0000000180025095e-35 1.863218426704407 5.9853553771972665 17.82499980926514 0.66230899095535289
decision_type=2 2 2 2 2 2 2 2 2 2 2 2 2 2
left_child=8 2 3 -2 -4 7 -7 -3 12 10 -10 -11 13 -1
right_child=1 5 4 -5 -6 6 -8 -9 9 11 -12 -13 -14 -15
leaf_value=-1.8978683401448892e-05 0.0021057049234127667 0.00032430035131000715 -0.0026598365368632432 -0.00011353396118415522 0.00047688439187121599 -0.00016856089951390959 -0.0038159861231586438 4.6771428751022746e-05 -0.0036349171972637332 5.4406591644629861e-05 -0.00015712441213245679 -0.00074452111687573267 0.0017028061838728346 -0.00014560256947963163
leaf_weight=696524 948 14131 95 234 2485 6984 152 76159 150 117228 1070 518 57 9934
leaf_count=696524 948 14131 95 234 2485 6984 152 76159 150 117228 1070 518 57 9934
internal_value=-2.48964e-12 9.18045e-05 0.000771402 0.00166636 0.000361385 6.55625e-05 -0.000246253 9.02066e-05 -1.12535e-05 4.43736e-05 -0.000584722 5.08919e-05 -2.06202e-05 -2.07592e-05
internal_weight=926669 101188 3762 1182 2580 97426 7136 90290 825481 118966 1220 117746 706515 706458
internal_count=926669 101188 3762 1182 2580 97426 7136 90290 825481 118966 1220 117746 706515 706458
is_linear=0
shrinkage=0.0145901


Tree=41
num_leaves=15
num_cat=0
split_feature=22 27 23 19 21 1 29 2 18 23 29 13 7 22
split_gain=4.3671 8.23181 6.29715 4.24871 4.1331 3.45482 4.49511 2.41216 1.962 2.24703 4.57692 2.09278 0.77235 0.717794
threshold=0.77267900109291088 1.0000000180025095e-35 0.41733001172542578 65.000000000000014 13.471391201019289 1.5000000000000002 -0.051579724997282021 5.6716020107269296 2.9700856208801274 0.12140300124883653 -0.025648757815361019 4.1305117607116708 17.82499980926514 1.0000000180025095e-35
decision_type=2 2 2 2 2 2 2 2 2 2 2 2 2 2
left_child=8 2 3 -2 -4 7 -7 -3 12 10 -10 -11 13 -1
right_child=1 5 4 -5 -6 6 -8 -9 9 11 -12 -13 -14 -15
leaf_value=-1.7648611169981555e-05 -1.7466001609667571e-05 -0.00044431605966942911 0.00043820621482847951 0.0021031274358442186 -0.0037978363550879362 0.00040496329673982503 4.9608458929755231e-05 0.0027531414548522897 -0.0014563820528761518 3.8230766559382978e-05 -8.2783014656255617e-05 0.00028245160499718145 0.0016779620997266777 -9.7488624389791267e-05
leaf_weight=681614 257 3301 2530 925 50 8312 85762 51 616 107128 3193 8029 57 24844
leaf_count=681614 257 3301 2530 925 50 8312 85762 51 616 107128 3193 8029 57 24844
internal_value=5.25995e-13 9.0465e-05 0.000760147 0.00164205 0.000356112 6.46059e-05 8.10062e-05 -0.000395667 -1.10893e-05 4.37262e-05 -0.000304925 5.52584e-05 -2.03193e-05 -2.04563e-05
internal_weight=926669 101188 3762 1182 2580 97426 94074 3352 825481 118966 3809 115157 706515 706458
internal_count=926669 101188 3762 1182 2580 97426 94074 3352 825481 118966 3809 115157 706515 706458
is_linear=0
shrinkage=0.0145901


Tree=42
num_leaves=15
num_cat=0
split_feature=1 20 2 5 27 28 13 28 4 7 16 10 2 10
split_gain=4.27174 2.63556 2.83812 3.24756 2.26091 2.19907 3.59669 4.84707 2.46104 1.30193 1.11523 0.619816 1.3948 0.864778
threshold=23.500000000000004 1.0000000180025095e-35 4.5695295333862314 1.9111495018005373 1.0000000180025095e-35 -0.022426406852900978 4.9947521686553964 -0.13119563832879064 3.1984648704528813 26.500000000000004 11.83407497406006 2.6915230751037602 3.8815106153488164 1.5622525215148928
decision_type=2 2 2 2 2 2 2 2 2 2 2 2 2 2
left_child=1 11 3 -3 -4 6 8 -8 -2 10 -7 13 -13 -1
right_child=5 2 4 -5 -6 9 7 -9 -10 -11 -12 12 -14 -15
leaf_value=0.00072979981359584645 4.2598187118830848e-05 5.4761649387816158e-05 0.0016574098923116374 -0.00090092059696740123 0.00024135400921914061 -1.8699236520167538e-05 0.0061501767314952431 0.0005535331566043143 0.00040330800977032057 -0.0024719028766850208 0.00019984664648963003 0.0030441962736944364 -0.00013397205541346085 3.4122878128601344e-05
leaf_weight=1424 54127 81570 244 764 14694 763656 48 105 4350 46 5003 66 53 519
leaf_count=1424 54127 81570 244 764 14694 763656 48 105 4350 46 5003 66 53 519
internal_value=1.9752e-12 9.04044e-05 7.94624e-05 4.58936e-05 0.000264484 -1.08544e-05 7.5276e-05 0.00230934 6.94307e-05 -1.74237e-05 -1.72768e-05 0.000606577 0.00162871 0.000543976
internal_weight=926669 99334 97272 82334 14938 827335 58630 153 58477 768705 768659 2062 119 1943
internal_count=926669 99334 97272 82334 14938 827335 58630 153 58477 768705 768659 2062 119 1943
is_linear=0
shrinkage=0.0145901


Tree=43
num_leaves=15
num_cat=0
split_feature=22 27 23 11 20 24 14 1 18 1 11 11 7 12
split_gain=4.19317 7.97516 6.1211 4.13841 4.10467 3.38382 9.04384 4.18549 1.87933 2.23737 7.33887 1.52088 0.754178 0.71099
threshold=0.77267900109291088 1.0000000180025095e-35 0.41733001172542578 1.7682158946990969 0.80645248293876659 1.0000000180025095e-35 6.8964285850524911 6.5000000000000009 2.9700856208801274 1.0000000180025095e-35 2.7411983013153081 5.9853553771972665 17.82499980926514 2.7856855392456059
decision_type=2 2 2 2 2 2 2 2 2 2 2 2 2 2
left_child=8 2 3 -2 -4 7 -7 -3 12 10 -10 -11 13 -1
right_child=1 5 4 -5 -6 6 -8 -9 9 11 -12 -13 -14 -15
leaf_value=-2.044104821323421e-05 0.0020462073053110074 0.00026751075167211278 -0.0026269205380152157 -0.00012035491469823886 0.00046324263828297898 -0.0001660369759452084 -0.0037634257837965081 3.2588504567492477e-05 -0.0046373927049363599 5.2708154519034684e-05 -0.00026330564326721177 -0.00073960615324258319 0.0016582839744894856 0.0005077079584121227
leaf_weight=705915 948 21053 95 234 2485 6984 152 69237 88 117228 1132 518 57 543
leaf_count=705915 948 21053 95 234 2485 6984 152 69237 88 117228 1132 518 57 543
internal_value=1.32718e-12 8.86452e-05 0.000747805 0.00161729 0.000349458 6.31925e-05 -0.000242663 8.73655e-05 -1.08662e-05 4.2782e-05 -0.000578814 4.92225e-05 -1.98997e-05 -2.00351e-05
internal_weight=926669 101188 3762 1182 2580 97426 7136 90290 825481 118966 1220 117746 706515 706458
internal_count=926669 101188 3762 1182 2580 97426 7136 90290 825481 118966 1220 117746 706515 706458
is_linear=0
shrinkage=0.0145901


Tree=44
num_leaves=15
num_cat=0
split_feature=22 27 23 19 21 1 29 2 18 23 10 25 7 22
split_gain=4.0717 7.74414 5.9438 4.04958 4.01272 3.31761 4.35155 2.34507 1.82489 2.17813 4.50551 2.03837 0.732331 0.703322
threshold=0.77267900109291088 1.0000000180025095e-35 0.41733001172542578 65.000000000000014 13.471391201019289 1.5000000000000002 -0.051579724997282021 5.6716020107269296 2.9700856208801274 0.12140300124883653 3.5022906064987187 1.0000000180025095e-35 17.82499980926514 0.66230899095535289
decision_type=2 2 2 2 2 2 2 2 2 2 2 2 2 2
left_child=8 2 3 -2 -4 7 -7 -3 12 10 -10 -11 13 -1
right_child=1 5 4 -5 -6 6 -8 -9 9 11 -12 -13 -14 -15
leaf_value=-1.8004246611700498e-05 -2.6462939753339974e-05 -0.00043673746403211317 0.00042524843294002403 0.0020438397872633986 -0.0037486476427438628 0.00039708392416066689 4.7449480491148584e-05 0.0027159403457280252 -0.00038517648971073175 5.0492127759825245e-05 0.0026939271198832843 0.0013013309179543612 0.0016340894365242202 -0.00014164098126503457
leaf_weight=696524 257 3301 2530 925 50 8312 85762 51 3705 114879 104 278 57 9934
leaf_count=696524 257 3301 2530 925 50 8312 85762 51 3705 114879 104 278 57 9934
internal_value=-1.26799e-13 8.73519e-05 0.000736894 0.0015937 0.000344359 6.22705e-05 7.83418e-05 -0.00038877 -1.07077e-05 4.21578e-05 -0.000301105 5.35118e-05 -1.96094e-05 -1.97428e-05
internal_weight=926669 101188 3762 1182 2580 97426 94074 3352 825481 118966 3809 115157 706515 706458
internal_count=926669 101188 3762 1182 2580 97426 94074 3352 825481 118966 3809 115157 706515 706458
is_linear=0
shrinkage=0.0145901


Tree=45
num_leaves=15
num_cat=0
split_feature=1 9 10 19 22 1 20 29 13 20 11 2 7 9
split_gain=3.98374 2.63216 4.45468 7.71553 2.56486 4.41323 2.72165 2.12065 4.41161 4.94771 2.66252 1.75792 1.27343 1.03559
threshold=23.500000000000004 4.1198248863220224 2.4273229837417607 2.5000000000000004 0.99588799476623546 15.500000000000002 0.033314500004053123 -0.041332654654979699 5.2135236263275155 0.81874048709869396 4.2487926483154306 2.6735538244247441 26.500000000000004 4.3950660228729257
decision_type=2 2 2 2 2 2 2 2 2 2 2 2 2 2
left_child=1 4 3 -3 6 -6 -1 8 10 -10 -2 -4 13 -9
right_child=7 2 11 -5 5 -7 -8 12 9 -11 -12 -13 -14 -15
leaf_value=0.00048231744518619207 3.6095064903822902e-05 -0.0036150173783054038 0.003043648468603027 -0.0003845746035797676 0.00056932944224757226 -0.0039827619439402415 6.7719513607477573e-05 -1.7646666959774237e-05 -4.5051332453182035e-05 0.0064469204291309236 0.0003643089247988365 0.00010272787991288666 -0.0024443981281145905 0.00031536584812632168
leaf_weight=3500 52606 218 46 566 3144 46 91086 766744 51 49 5846 728 46 1993
leaf_count=3500 52606 218 46 566 3144 46 91086 766744 51 49 5846 728 46 1993
internal_value=3.83564e-13 8.73037e-05 -0.00050767 -0.00128284 9.67842e-05 0.000503688 8.3061e-05 -1.04821e-05 7.41592e-05 0.00313601 6.89209e-05 0.000277511 -1.69286e-05 -1.67833e-05
internal_weight=926669 99334 1558 784 97776 3190 94586 827335 58552 100 58452 774 768783 768737
internal_count=926669 99334 1558 784 97776 3190 94586 827335 58552 100 58452 774 768783 768737
is_linear=0
shrinkage=0.0145901


Tree=46
num_leaves=15
num_cat=0
split_feature=22 27 23 20 11 24 14 1 18 1 9 9 7 12
split_gain=3.90243 7.51216 5.77247 3.98569 3.94119 3.25333 8.79941 4.07959 1.75967 2.17149 7.23089 1.51228 0.715186 0.689577
threshold=0.77267900109291088 1.0000000180025095e-35 0.41733001172542578 0.80645248293876659 1.7682158946990969 1.0000000180025095e-35 6.8964285850524911 4.5000000000000009 2.9700856208801274 1.0000000180025095e-35 1.7047813534736636 2.3353749513626103 17.82499980926514 2.7856855392456059
decision_type=2 2 2 2 2 2 2 2 2 2 2 2 2 2
left_child=8 2 4 -4 -2 7 -7 -3 12 10 -10 -11 13 -1
right_child=1 5 3 -5 -6 6 -8 -9 9 11 -12 -13 -14 -15
leaf_value=-1.9755559716771774e-05 0.0019881900996361079 0.00031219400788649372 -0.0025945039706700215 0.00045054385726801734 -0.00012611607526839737 -0.000163502531143408 -0.00371194595819988 4.2271732704508153e-05 -0.0045040381454508407 -8.7166181585120955e-06 -0.00025016308575468484 9.6171738979109538e-05 0.0016150014308221369 0.00050037929806061245
leaf_weight=705915 948 14131 95 2485 234 6984 152 76159 92 54330 1128 63416 57 543
leaf_count=705915 948 14131 95 2485 234 6984 152 76159 92 54330 1128 63416 57 543
internal_value=-1.74642e-12 8.55169e-05 0.000725257 0.00033842 0.00156962 6.0814e-05 -0.000239086 8.45164e-05 -1.04827e-05 4.14295e-05 -0.000570947 4.77745e-05 -1.92239e-05 -1.93558e-05
internal_weight=926669 101188 3762 2580 1182 97426 7136 90290 825481 118966 1220 117746 706515 706458
internal_count=926669 101188 3762 2580 1182 97426 7136 90290 825481 118966 1220 117746 706515 706458
is_linear=0
shrinkage=0.0145901


Tree=47
num_leaves=15
num_cat=0
split_feature=22 27 23 21 19 18 18 11 18 23 29 13 7 22
split_gain=3.78939 7.29455 5.60526 3.89664 3.85705 3.21028 4.75967 2.12998 1.7087 2.11433 4.44638 2.00362 0.694469 0.68329
threshold=0.77267900109291088 1.0000000180025095e-35 0.41733001172542578 13.471391201019289 65.000000000000014 5.3399362564086923 5.3302974700927743 4.4069731235504159 2.9700856208801274 0.12140300124883653 -0.025648757815361019 4.1305117607116708 17.82499980926514 1.0000000180025095e-35
decision_type=2 2 2 2 2 2 2 2 2 2 2 2 2 2
left_child=8 2 4 -4 -2 6 -3 -7 12 10 -10 -11 13 -1
right_child=1 5 3 -5 -6 7 -8 -9 9 11 -12 -13 -14 -15
leaf_value=-1.6333946622741352e-05 -3.4457471586838467e-05 4.7139167945970238e-05 0.00041319325246691913 -0.0036998852015091266 0.0019860318963788176 -0.00011537474940081554 -0.0045012813793129502 0.000753024230731004 -0.0014322921945758771 3.5350544535090073e-05 -7.8422990279305351e-05 0.00027431198135877762 0.0015914385598250656 -9.4231404948119605e-05
leaf_weight=681614 257 94290 2530 50 925 818 49 2269 616 107128 3193 8029 57 24844
leaf_count=681614 257 94290 2530 50 925 818 49 2269 616 107128 3193 8029 57 24844
internal_value=1.19644e-12 8.42692e-05 0.000714675 0.000333482 0.00154672 5.99268e-05 4.47767e-05 0.000522914 -1.03298e-05 4.0825e-05 -0.000297374 5.20115e-05 -1.89434e-05 -1.90734e-05
internal_weight=926669 101188 3762 2580 1182 97426 94339 3087 825481 118966 3809 115157 706515 706458
internal_count=926669 101188 3762 2580 1182 97426 94339 3087 825481 118966 3809 115157 706515 706458
is_linear=0
shrinkage=0.0145901


Tree=48
num_leaves=14
num_cat=0
split_feature=1 9 0 4 20 11 28 13 28 4 7 16 4
split_gain=3.7036 2.58042 2.90448 2.54527 2.71568 2.23416 2.06067 3.40913 4.66051 2.34375 1.24713 1.0524 0.783582
threshold=23.500000000000004 4.663691759109498 1.5000000000000002 4.6001451015472421 0.033314500004053123 4.7062268257141122 -0.022426406852900978 4.9947521686553964 -0.13119563832879064 3.1984648704528813 26.500000000000004 11.83407497406006 3.1984648704528813
decision_type=2 2 2 2 2 2 2 2 2 2 2 2 2
left_child=1 3 -3 4 -1 -5 7 9 -9 -2 11 -8 -4
right_child=6 2 12 5 -6 -7 10 8 -10 -11 -12 -13 -14
leaf_value=0.00047659697507384066 4.1392909964591104e-05 -0.0033857605368918277 -9.5767725200900877e-06 0.00016328867905291691 6.350707690214138e-05 0.0011690684173490831 -1.7704061827403828e-05 0.0060144966834761761 0.00052661506042684758 0.00039340224730379962 -0.0024187340044590226 0.00019459584387678905 -0.0018452569270266787
leaf_weight=3515 54127 91 231 1040 93536 858 763656 48 105 4350 46 5003 63
leaf_count=3515 54127 91 231 1040 93536 858 763656 48 105 4350 46 5003 63
internal_value=2.21278e-12 8.41781e-05 -0.00110797 8.88166e-05 7.84684e-05 0.000617956 -1.01068e-05 7.3269e-05 0.0022483 6.75783e-05 -1.6466e-05 -1.63223e-05 -0.000402937
internal_weight=926669 99334 385 98949 97051 1898 827335 58630 153 58477 768705 768659 294
internal_count=926669 99334 385 98949 97051 1898 827335 58630 153 58477 768705 768659 294
is_linear=0
shrinkage=0.0145901


Tree=49
num_leaves=15
num_cat=0
split_feature=22 27 23 20 11 1 29 2 18 1 11 11 7 22
split_gain=3.63925 7.07318 5.44256 3.87007 3.75626 3.1893 4.17083 2.25758 1.64157 2.1015 7.05587 1.50414 0.678289 0.670691
threshold=0.77267900109291088 1.0000000180025095e-35 0.41733001172542578 0.80645248293876659 1.7682158946990969 1.5000000000000002 -0.051579724997282021 5.6716020107269296 2.9700856208801274 1.0000000180025095e-35 2.7411983013153081 5.9853553771972665 17.82499980926514 0.66230899095535289
decision_type=2 2 2 2 2 2 2 2 2 2 2 2 2 2
left_child=8 2 4 -4 -2 7 -7 -3 12 10 -10 -11 13 -1
right_child=1 5 3 -5 -6 6 -8 -9 9 11 -12 -13 -14 -15
leaf_value=-1.6996513362902709e-05 0.001931860299184627 -0.00043068346393672081 -0.0025623416955367954 0.00043821528892907987 -0.00013224484946034942 0.00038642306571521555 4.412608023287944e-05 0.0026626236190187679 -0.00454196657578965 4.9725148811401545e-05 -0.0002530453431515499 -0.00073821602316969835 0.0015729468105917818 -0.00013773111599201202
leaf_weight=696524 948 3301 95 2485 234 8312 85762 51 88 117228 1132 518 57 9934
leaf_count=696524 948 3301 95 2485 234 8312 85762 51 88 117228 1132 518 57 9934
internal_value=-1.13078e-12 8.25829e-05 0.000703349 0.00032773 0.00152323 5.86127e-05 7.43701e-05 -0.000383619 -1.01231e-05 4.00168e-05 -0.00056241 4.62588e-05 -1.85658e-05 -1.86942e-05
internal_weight=926669 101188 3762 2580 1182 97426 94074 3352 825481 118966 1220 117746 706515 706458
internal_count=926669 101188 3762 2580 1182 97426 94074 3352 825481 118966 1220 117746 706515 706458
is_linear=0
shrinkage=0.0145901


Tree=50
num_leaves=15
num_cat=0
split_feature=1 9 10 19 20 18 29 13 20 11 10 7 9 15
split_gain=3.55137 2.52254 4.29204 7.48903 2.46589 2.7418 1.98509 4.19448 4.75067 2.53152 1.73897 1.21577 0.997322 0.606974
threshold=23.500000000000004 4.1198248863220224 2.4273229837417607 2.5000000000000004 1.0000000180025095e-35 4.0517470836639413 -0.041332654654979699 5.2135236263275155 0.81874048709869396 4.2487926483154306 2.5333899259567265 26.500000000000004 4.3950660228729257 13.090047836303713
decision_type=2 2 2 2 2 2 2 2 2 2 2 2 2 2
left_child=1 4 3 -3 13 -6 7 9 -9 -2 -4 12 -8 -1
right_child=6 2 10 -5 5 -7 11 8 -10 -11 -12 -13 -14 -15
leaf_value=0.0005541687565685312 3.4878428097799113e-05 -0.0035585997091297714 0.0019880422879782222 -0.00037592691739605285 4.2639548170601037e-05 0.00023987685902216694 -1.6839269548631471e-05 -5.9526551696490642e-05 0.0063018596342721981 0.00035491611915704425 -7.7963934234264929e-06 -0.002388002625520024 0.00030996318609695275 0.0021978736083562113
leaf_weight=1991 52606 218 108 566 77109 18627 766744 51 49 5846 666 46 1993 49
leaf_count=1991 52606 218 108 566 77109 18627 766744 51 49 5846 666 46 1993 49
internal_value=9.48175e-13 8.24299e-05 -0.000500021 -0.0012609 9.17109e-05 8.10153e-05 -9.89695e-06 7.19943e-05 0.00305755 6.68866e-05 0.000270693 -1.61339e-05 -1.5992e-05 0.00059365
internal_weight=926669 99334 1558 784 97776 95736 827335 58552 100 58452 774 768783 768737 2040
internal_count=926669 99334 1558 784 97776 95736 827335 58552 100 58452 774 768783 768737 2040
is_linear=0
shrinkage=0.0145901


Tree=51
num_leaves=15
num_cat=0
split_feature=22 27 23 21 19 24 14 1 18 1 9 1 7 12
split_gain=3.48939 6.86724 5.2861 3.78383 3.67365 3.12888 8.58095 3.93512 1.57384 2.05329 5.95892 1.47601 0.662922 0.668143
threshold=0.77267900109291088 1.0000000180025095e-35 0.41733001172542578 13.471391201019289 65.000000000000014 1.0000000180025095e-35 6.8964285850524911 4.5000000000000009 2.9700856208801274 3.5000000000000004 1.7177274823188784 23.500000000000004 17.82499980926514 2.7856855392456059
decision_type=2 2 2 2 2 2 2 2 2 2 2 2 2 2
left_child=8 2 4 -4 -2 7 -7 -3 12 10 -10 -11 13 -1
right_child=1 5 3 -5 -6 6 -8 -9 9 11 -12 -13 -14 -15
leaf_value=-1.8699676854700799e-05 -4.259030264799292e-05 0.00030410044597769782 0.00040089467289235642 -0.0036522101412970382 0.001929277914325691 -0.00016222276284638657 -0.0036663403694423037 3.9000669507663067e-05 -0.0025996326591449384 0.00018712149796911885 -0.00015002746212699605 2.9123940583318499e-05 0.001555201598095008 0.00049328786024833711
leaf_weight=705915 257 14131 2530 50 925 6984 152 76159 230 14363 2613 101760 57 543
leaf_count=705915 257 14131 2530 50 925 6984 152 76159 230 14363 2613 101760 57 543
internal_value=-2.51561e-12 8.08647e-05 0.000692528 0.000322346 0.00150054 5.7246e-05 -0.000236862 8.04906e-05 -9.91245e-06 3.91821e-05 -0.000348202 4.86663e-05 -1.81792e-05 -1.83062e-05
internal_weight=926669 101188 3762 2580 1182 97426 7136 90290 825481 118966 2843 116123 706515 706458
internal_count=926669 101188 3762 2580 1182 97426 7136 90290 825481 118966 2843 116123 706515 706458
is_linear=0
shrinkage=0.0145901


Tree=52
num_leaves=16
num_cat=0
split_feature=22 27 23 20 11 1 29 2 18 23 10 25 13 1 14
split_gain=3.38831 6.66832 5.13298 3.75776 3.5773 3.05921 4.02898 2.19439 1.52825 2.04619 4.37259 1.97861 0.653231 2.35093 0.95099
threshold=0.77267900109291088 1.0000000180025095e-35 0.41733001172542578 0.80645248293876659 1.7682158946990969 1.5000000000000002 -0.051579724997282021 5.6716020107269296 2.9700856208801274 0.12140300124883653 3.5022906064987187 1.0000000180025095e-35 2.853687167167664 3.5000000000000004 7.915032386779786
decision_type=2 2 2 2 2 2 2 2 2 2 2 2 2 2 2
left_child=8 2 4 -4 -2 7 -7 -3 12 10 -10 -11 14 -14 -1
right_child=1 5 3 -5 -6 6 -8 -9 9 11 -12 -13 13 -15 -16
leaf_value=-1.6575617974329257e-05 0.0018774225390803772 -0.00042310933299124587 -0.0025301833105952827 0.00042651371063900749 -0.00013691347100945202 0.00037854413463198695 4.2118234633678317e-05 0.0026266021032055674 -0.000376916055321989 4.6640151139370171e-05 0.0026564260214272991 0.0012790066014092265 -0.0012798828591952746 -8.7286399754389304e-05 0.00049024494789280746
leaf_weight=692804 948 3301 95 2485 234 8312 85762 51 3705 114879 104 278 362 12560 789
leaf_count=692804 948 3301 95 2485 234 8312 85762 51 3705 114879 104 278 362 12560 789
internal_value=-2.28684e-13 7.96849e-05 0.000682424 0.000317643 0.00147865 5.64108e-05 7.18435e-05 -0.000376709 -9.76782e-06 3.86105e-05 -0.000294094 4.96152e-05 -1.7914e-05 -0.000120696 -1.59991e-05
internal_weight=926669 101188 3762 2580 1182 97426 94074 3352 825481 118966 3809 115157 706515 12922 693593
internal_count=926669 101188 3762 2580 1182 97426 94074 3352 825481 118966 3809 115157 706515 12922 693593
is_linear=0
shrinkage=0.0145901


Tree=53
num_leaves=16
num_cat=0
split_feature=1 20 22 22 20 7 7 14 29 13 29 11 11 9 13
split_gain=3.31706 4.58472 8.96276 12.88 6.7472 4.58148 17.0932 3.66948 2.73134 5.14528 9.34917 3.27805 1.50354 2.94116 2.41743
threshold=6.5000000000000009 0.25871449708938604 0.75246649980545055 1.0000000180025095e-35 0.85908600687980663 2.2052630186080937 2.5400644540786748 1.1937500238418581 -0.041332654654979699 5.2135236263275155 -0.10704680904746054 4.2487926483154306 5.9853553771972665 4.3950660228729257 4.7433989048004159
decision_type=2 2 2 2 2 2 2 2 2 2 2 2 2 2 2
left_child=1 5 3 -3 -4 7 -7 -1 9 11 -11 -2 14 -14 -10
right_child=8 2 4 -5 -6 6 -8 -9 12 10 -12 -13 13 -15 -16
leaf_value=0.00066883391205670617 4.3337584584055556e-05 -6.5865138310704355e-05 0.0010388774507419922 -0.0015228017000146843 0.00016815130422409685 -0.0087758724542755691 0.00087888920743242973 0.0022435579085974197 -1.3614479606781089e-05 0.0079219787801674841 -0.00036331604011774515 0.00037675676714003694 -0.0010288309924457086 0.00080190534638626375 0.00050096882564711043
leaf_weight=1890 55280 10442 2046 1474 25570 50 178 378 819208 50 69 7081 757 248 1948
leaf_count=1890 55280 10442 2046 1474 25570 50 178 378 819208 50 69 7081 757 248 1948
internal_value=-1.21289e-12 0.000126644 8.83537e-05 -0.000246087 0.000232661 0.000733097 -0.00123838 0.000931288 -6.01669e-06 8.69806e-05 0.0031179 8.11968e-05 -1.3084e-05 -0.000577067 -1.23938e-05
internal_weight=926669 42028 39532 11916 27616 2496 228 2268 884641 62480 119 62361 822161 1005 821156
internal_count=926669 42028 39532 11916 27616 2496 228 2268 884641 62480 119 62361 822161 1005 821156
is_linear=0
shrinkage=0.0145901


Tree=54
num_leaves=14
num_cat=0
split_feature=1 9 0 4 20 11 28 13 28 18 7 16 28
split_gain=3.23761 2.4638 2.80381 2.43952 2.57506 2.16071 1.86166 3.15396 4.33546 2.23943 1.18496 1.00603 0.762542
threshold=23.500000000000004 4.663691759109498 1.5000000000000002 4.6001451015472421 0.033314500004053123 4.7062268257141122 -0.022426406852900978 4.9947521686553964 -0.13119563832879064 1.0000000180025095e-35 26.500000000000004 11.83407497406006 0.0079708946868777292
decision_type=2 2 2 2 2 2 2 2 2 2 2 2 2
left_child=1 3 -3 4 -1 -5 7 9 -9 -2 11 -8 -4
right_child=6 2 12 5 -6 -7 10 8 -10 -11 -12 -13 -14
leaf_value=0.00046078979604812279 -2.2827198012628287e-05 -0.0033241595013771899 -0.0014129361433294675 0.00015413712097551183 5.8537057978961515e-05 0.0011432457441216102 -1.6704852864412473e-05 0.0057943332883398403 0.00050128703699819802 0.00015786306352212821 -0.0023571202958722168 0.00019086521894904615 0.00014809752400292439
leaf_weight=3515 30272 91 102 1040 93536 858 763656 48 105 28205 46 5003 192
leaf_count=3515 30272 91 102 1040 93536 858 763656 48 105 28205 46 5003 192
internal_value=-1.60925e-12 7.87044e-05 -0.00108619 8.32369e-05 7.31059e-05 0.000601268 -9.44965e-06 6.97982e-05 0.00216185 6.43245e-05 -1.5494e-05 -1.53538e-05 -0.000393486
internal_weight=926669 99334 385 98949 97051 1898 827335 58630 153 58477 768705 768659 294
internal_count=926669 99334 385 98949 97051 1898 827335 58630 153 58477 768705 768659 294
is_linear=0
shrinkage=0.0145901


Tree=55
num_leaves=16
num_cat=0
split_feature=22 27 23 20 19 24 14 10 8 15 3 7 7 23 14
split_gain=3.17786 6.34551 4.91911 3.67768 3.47522 3.02465 8.36523 3.74873 1.46915 1.40184 4.07904 1.82878 1.04653 7.09987 1.04078
threshold=0.77267900109291088 1.0000000180025095e-35 0.41733001172542578 0.80645248293876659 65.000000000000014 1.0000000180025095e-35 6.8964285850524911 2.2135159969329838 4.7275352478027353 9.7657356262207049 17.017856597900394 1.7171429991722109 9.3431367874145526 0.086542498320341124 9.8166666030883807
decision_type=2 2 2 2 2 2 2 2 2 2 2 2 2 2 2
left_child=8 2 4 -4 -2 7 -7 -3 12 10 -10 -11 14 -14 -1
right_child=1 5 3 -5 -6 6 -8 -9 9 11 -12 -13 13 -15 -16
leaf_value=-1.4412517124886344e-05 -5.6276414401184437e-05 -3.4713847762847442e-07 -0.0025092789702240489 0.00041574350511136858 0.0018615969464874781 -0.00016100616347604875 -0.0036207979754371259 0.00019111419300142478 0.00014448089474140952 -0.00030112434962890032 0.0013963115775740642 7.7434107836390334e-05 0.0061241617469718138 3.7946298884285071e-05 0.0013501620306257916
leaf_weight=785463 257 53663 95 2485 925 6984 152 36627 4170 2971 639 31712 46 361 119
leaf_count=785463 257 53663 95 2485 925 6984 152 36627 4170 2971 639 31712 46 361 119
internal_value=-3.4818e-12 7.71706e-05 0.00066514 0.000308039 0.0014446 5.44668e-05 -0.000234701 7.7321e-05 -9.45963e-06 7.73746e-05 0.000310819 4.50062e-05 -1.38226e-05 0.000725823 -1.42058e-05
internal_weight=926669 101188 3762 2580 1182 97426 7136 90290 825481 39492 4809 34683 785989 407 785582
internal_count=926669 101188 3762 2580 1182 97426 7136 90290 825481 39492 4809 34683 785989 407 785582
is_linear=0
shrinkage=0.0145901


Tree=56
num_leaves=16
num_cat=0
split_feature=1 20 22 22 20 7 7 16 29 13 29 11 11 9 13
split_gain=3.09609 4.43174 8.62041 12.5041 6.43456 4.44332 16.5912 3.58854 2.59637 4.90967 8.97628 3.14435 1.48124 2.85639 2.31785
threshold=6.5000000000000009 0.25871449708938604 0.75246649980545055 1.0000000180025095e-35 0.85908600687980663 2.2052630186080937 2.5400644540786748 4.5644512176513681 -0.041332654654979699 5.2135236263275155 -0.10704680904746054 4.2487926483154306 5.9853553771972665 4.3950660228729257 4.7433989048004159
decision_type=2 2 2 2 2 2 2 2 2 2 2 2 2 2 2
left_child=1 5 3 -3 -4 7 -7 -1 9 11 -11 -2 14 -14 -10
right_child=8 2 4 -5 -6 6 -8 -9 12 10 -12 -13 13 -15 -16
leaf_value=0.00072936777756215027 4.2128605236651216e-05 -6.5711945541553401e-05 0.0010135473632556736 -0.001501227741115422 0.00016323402939979038 -0.0086488979529754251 0.00086302492155832737 0.0027401856331626269 -1.3213516887038303e-05 0.0077528704181180448 -0.00036551653038179786 0.00036867726074727217 -0.0010176944732562163 0.00078646627955381899 0.00049065982842023319
leaf_weight=2060 55280 10442 2046 1474 25570 50 178 208 819208 50 69 7081 757 248 1948
leaf_count=2060 55280 10442 2046 1474 25570 50 178 208 819208 50 69 7081 757 248 1948
internal_value=-6.80855e-13 0.000122353 8.4707e-05 -0.000243284 0.000226232 0.000718602 -0.00122292 0.000913781 -5.81283e-06 8.48575e-05 0.00304557 7.92077e-05 -1.27033e-05 -0.000572489 -1.20182e-05
internal_weight=926669 42028 39532 11916 27616 2496 228 2268 884641 62480 119 62361 822161 1005 821156
internal_count=926669 42028 39532 11916 27616 2496 228 2268 884641 62480 119 62361 822161 1005 821156
is_linear=0
shrinkage=0.0145901


Tree=57
num_leaves=16
num_cat=0
split_feature=22 27 23 21 11 1 29 29 18 1 11 9 12 15 7
split_gain=3.01479 6.04579 4.71424 3.67123 3.35432 2.97933 3.80376 2.15344 1.4302 2.6713 11.125 2.0106 0.711211 3.07063 0.711485
threshold=0.77267900109291088 1.0000000180025095e-35 0.41733001172542578 13.471391201019289 1.7682158946990969 1.5000000000000002 -0.051579724997282021 -0.15134296566247937 2.8617925643920903 1.0000000180025095e-35 2.7411983013153081 2.3353749513626103 2.7856855392456059 10.274477481842043 17.82499980926514
decision_type=2 2 2 2 2 2 2 2 2 2 2 2 2 2 2
left_child=8 2 4 -4 -2 7 -7 -3 12 10 -10 -11 14 -14 -1
right_child=1 5 3 -5 -6 6 -8 -9 9 11 -12 -13 13 -15 -16
leaf_value=-1.7949633381585895e-05 0.0017982821411858434 -0.00060272489012090169 0.00037686565300806097 -0.0036154777842655867 -0.00015226341323494239 0.00036623860408935093 3.9350843505086885e-05 0.00022458815569951143 -0.005150457893648216 -1.9518424427391925e-05 -0.00022127524447034915 9.7125571791138352e-05 0.0029897654432843902 -2.6097784602735093e-06 0.0016568402235095795
leaf_weight=697279 948 2427 2530 50 234 8312 85762 925 106 59162 1211 67174 89 406 54
leaf_count=697279 948 2427 2530 50 234 8312 85762 925 106 59162 1211 67174 89 406 54
internal_value=-1.20307e-12 7.51646e-05 0.00064908 0.000299495 0.00141213 5.30034e-05 6.82333e-05 -0.000374424 -9.21372e-06 3.56878e-05 -0.000618005 4.25022e-05 -1.74275e-05 0.000535413 -1.78199e-05
internal_weight=926669 101188 3762 2580 1182 97426 94074 3352 825481 127653 1317 126336 697828 495 697333
internal_count=926669 101188 3762 2580 1182 97426 94074 3352 825481 127653 1317 126336 697828 495 697333
is_linear=0
shrinkage=0.0145901


Tree=58
num_leaves=16
num_cat=0
split_feature=1 20 22 22 20 7 7 14 29 13 29 19 11 9 13
split_gain=2.97676 4.31703 8.2899 12.1545 6.09035 4.3131 16.1118 3.51879 2.48957 4.76079 8.71437 3.07558 1.44339 2.77542 2.23983
threshold=6.5000000000000009 0.25871449708938604 0.75246649980545055 1.0000000180025095e-35 0.85908600687980663 2.2052630186080937 2.5400644540786748 1.1937500238418581 -0.041332654654979699 5.2135236263275155 -0.10704680904746054 6.5000000000000009 5.9853553771972665 4.3950660228729257 4.7433989048004159
decision_type=2 2 2 2 2 2 2 2 2 2 2 2 2 2 2
left_child=1 5 3 -3 -4 7 -7 -1 9 11 -11 -2 14 -14 -10
right_child=8 2 4 -5 -6 6 -8 -9 12 10 -12 -13 13 -15 -16
leaf_value=0.00064374400863087978 0.00023373424211338724 -6.3753087648128052e-05 0.00098756977781718543 -0.0014790629060058478 0.00016031197585403463 -0.0085223287441359083 0.00085118418669389705 0.0021857951032010071 -1.2945714076792837e-05 0.0076366777521447915 -0.00036238917676026589 1.0315584237898422e-05 -0.001003884459242933 0.00077452315807302944 0.00048237498134301253
leaf_weight=1890 18759 10442 2046 1474 25570 50 178 378 819208 50 69 43602 757 248 1948
leaf_count=1890 18759 10442 2046 1474 25570 50 178 378 819208 50 69 43602 757 248 1948
internal_value=2.71577e-12 0.000119972 8.28164e-05 -0.000238826 0.000221601 0.000708454 -0.00120441 0.000900753 -5.69971e-06 8.30863e-05 0.00299856 7.75228e-05 -1.2447e-05 -0.000565034 -1.17707e-05
internal_weight=926669 42028 39532 11916 27616 2496 228 2268 884641 62480 119 62361 822161 1005 821156
internal_count=926669 42028 39532 11916 27616 2496 228 2268 884641 62480 119 62361 822161 1005 821156
is_linear=0
shrinkage=0.0145901


Tree=59
num_leaves=15
num_cat=0
split_feature=1 9 10 19 22 1 20 10 28 13 28 4 7 16
split_gain=2.9175 2.43296 4.11879 7.26715 2.31323 4.28271 2.39165 1.69312 1.69233 2.91234 3.97076 2.15982 1.15523 0.954756
threshold=23.500000000000004 4.1198248863220224 2.4273229837417607 1.0000000180025095e-35 0.99588799476623546 15.500000000000002 0.033314500004053123 2.5333899259567265 -0.022426406852900978 4.9947521686553964 -0.13119563832879064 3.1984648704528813 26.500000000000004 11.83407497406006
decision_type=2 2 2 2 2 2 2 2 2 2 2 2 2 2
left_child=1 4 3 -3 6 -6 -1 -4 9 11 -11 -2 13 -10
right_child=8 2 7 -5 5 -7 -8 -9 12 10 -12 -13 -14 -15
leaf_value=0.00044506377487340024 3.6190700029914723e-05 -0.0048955172709195293 0.0019522510185202627 -0.00070250100414376683 0.000534919085491736 -0.0039493532564136031 5.6413031564156179e-05 -1.7097523006976919e-05 -1.5910999456494398e-05 0.0055532495964590138 0.0004877225725668275 0.00037410572458956295 -0.0023267947274713454 0.0001863007822167258
leaf_weight=3500 54127 101 108 683 3144 46 91086 666 763656 48 105 4350 46 5003
leaf_count=3500 54127 101 108 683 3144 46 91086 666 763656 48 105 4350 46 5003
internal_value=-2.67859e-12 7.47124e-05 -0.000497304 -0.00124267 8.38271e-05 0.000470256 7.07944e-05 0.000257695 -8.97034e-06 6.65874e-05 0.00207691 6.13276e-05 -1.47332e-05 -1.45949e-05
internal_weight=926669 99334 1558 784 97776 3190 94586 774 827335 58630 153 58477 768705 768659
internal_count=926669 99334 1558 784 97776 3190 94586 774 827335 58630 153 58477 768705 768659
is_linear=0
shrinkage=0.0145901


Tree=60
num_leaves=16
num_cat=0
split_feature=1 20 22 22 20 7 7 16 21 29 13 9 22 22 19
split_gain=2.84033 4.15221 8.03585 11.8071 5.91632 4.18072 15.6405 3.44057 2.37245 3.56365 8.66179 1.72566 1.44762 7.76664 0.771757
threshold=6.5000000000000009 0.25871449708938604 0.75246649980545055 1.0000000180025095e-35 0.85908600687980663 2.2052630186080937 2.5400644540786748 4.5644512176513681 8.2939243316650408 -0.051579724997282021 5.2135236263275155 2.2067000865936284 0.99548199772834789 0.99588799476623546 4.5000000000000009
decision_type=2 2 2 2 2 2 2 2 2 2 2 2 2 2 2
left_child=1 5 3 -3 -4 7 -7 -1 12 10 -10 -11 14 -14 -2
right_child=8 2 4 -5 -6 6 -8 -9 9 11 -12 -13 13 -15 -16
leaf_value=0.00070308172473901862 5.7807490821049579e-05 -6.3371944449821789e-05 0.00097233798726851172 -0.0014583063473985946 0.00015698554747401952 -0.0083990373273660057 0.00083635398564078272 0.0026720057394654267 0.00020825519859377626 -2.0222105205221136e-05 0.0054634750926466722 6.5464291953633925e-05 -0.003619209749586432 0.00016696526668112826 -2.1949788422556485e-05
leaf_weight=2060 26920 10442 2046 1474 25570 50 178 208 18939 112637 67 90016 150 499 635413
leaf_count=2060 26920 10442 2046 1474 25570 50 178 208 18939 112637 67 90016 150 499 635413
internal_value=7.40467e-13 0.000117191 8.07511e-05 -0.000235924 0.000217393 0.000694329 -0.00118895 0.000883653 -5.56756e-06 3.57544e-05 0.000226781 1.78388e-05 -1.9383e-05 -0.000708114 -1.87081e-05
internal_weight=926669 42028 39532 11916 27616 2496 228 2268 884641 221659 19006 202653 662982 649 662333
internal_count=926669 42028 39532 11916 27616 2496 228 2268 884641 221659 19006 202653 662982 649 662333
is_linear=0
shrinkage=0.0145901


Tree=61
num_leaves=15
num_cat=0
split_feature=1 9 10 19 2 5 5 2 28 13 28 6 7 20
split_gain=2.77485 2.36555 3.99838 7.13319 2.24791 3.46753 2.05095 1.67908 1.60966 2.74523 3.82406 2.08459 1.12238 0.921596
threshold=23.500000000000004 4.1198248863220224 2.4273229837417607 2.5000000000000004 4.5695295333862314 1.9111495018005373 0.73856049776077282 2.6735538244247441 -0.022426406852900978 4.9947521686553964 -0.13119563832879064 1.0000000180025095e-35 26.500000000000004 0.5745224952697755
decision_type=2 2 2 2 2 2 2 2 2 2 2 2 2 2
left_child=1 4 3 -3 5 -1 -6 -4 9 11 -11 -2 13 -10
right_child=8 2 7 -5 6 -7 -8 -9 12 10 -12 -13 -14 -15
leaf_value=6.157638368403987e-05 -9.3988435423075941e-05 -0.0034680082959195765 0.0029560985096444554 -0.00036186941053040347 -0.00034649400815869419 -0.00092976051101486927 0.00029906647090533882 8.1888690784040754e-05 -2.4698399798633842e-05 0.0054282550294053513 0.00045718058450382957 0.00010916627561941381 -0.0022933204967278973 1.0153454997333149e-05
leaf_weight=82419 14200 218 46 566 1136 758 13463 728 537828 48 105 44277 46 230831
leaf_count=82419 14200 218 46 566 1136 758 13463 728 537828 48 105 44277 46 230831
internal_value=-1.36384e-13 7.2863e-05 -0.000491174 -0.00122557 8.18506e-05 5.25422e-05 0.000248833 0.000252707 -8.7483e-06 6.49408e-05 0.00201673 5.98341e-05 -1.43686e-05 -1.42323e-05
internal_weight=926669 99334 1558 784 97776 83177 14599 774 827335 58630 153 58477 768705 768659
internal_count=926669 99334 1558 784 97776 83177 14599 774 827335 58630 153 58477 768705 768659
is_linear=0
shrinkage=0.0145901


Tree=62
num_leaves=16
num_cat=0
split_feature=1 20 22 22 20 7 7 14 21 29 13 9 22 22 19
split_gain=2.7174 4.0317 7.79921 11.4674 5.74475 4.05851 15.1901 3.375 2.27716 3.40927 8.30395 1.66848 1.41218 7.54198 0.743212
threshold=6.5000000000000009 0.25871449708938604 0.75246649980545055 1.0000000180025095e-35 0.85908600687980663 2.2052630186080937 2.5400644540786748 1.1937500238418581 8.2939243316650408 -0.051579724997282021 5.2135236263275155 2.2067000865936284 0.99548199772834789 0.99588799476623546 4.5000000000000009
decision_type=2 2 2 2 2 2 2 2 2 2 2 2 2 2 2
left_child=1 5 3 -3 -4 7 -7 -1 12 10 -10 -11 14 -14 -2
right_child=8 2 4 -5 -6 6 -8 -9 9 11 -12 -13 13 -15 -16
leaf_value=0.00061816222944627644 5.677291043679665e-05 -6.3205986684592891e-05 0.00095725299129734587 -0.0014379278024387165 0.00015380959101760002 -0.0082777399175153962 0.0008237103636119182 0.0021283776205224883 0.0002037418175263521 -1.9910327744462131e-05 0.0053492619847677215 6.4344399109182056e-05 -0.0035679111854325382 0.00016310069584238762 -2.1495489078223212e-05
leaf_weight=1890 26920 10442 2046 1474 25570 50 178 378 18939 112637 67 90016 150 499 635413
leaf_count=1890 26920 10442 2046 1474 25570 50 178 378 18939 112637 67 90016 150 499 635413
internal_value=2.12341e-12 0.000114627 7.87197e-05 -0.000233258 0.000213335 0.000683328 -0.00117222 0.000869865 -5.44575e-06 3.50378e-05 0.000221881 1.75146e-05 -1.89809e-05 -0.000699229 -1.83143e-05
internal_weight=926669 42028 39532 11916 27616 2496 228 2268 884641 221659 19006 202653 662982 649 662333
internal_count=926669 42028 39532 11916 27616 2496 228 2268 884641 221659 19006 202653 662982 649 662333
is_linear=0
shrinkage=0.0145901


Tree=63
num_leaves=15
num_cat=0
split_feature=22 27 21 23 1 1 2 8 20 28 21 7 23 14
split_gain=2.63997 5.54152 4.47733 3.87498 2.96147 3.5453 2.11933 1.30072 1.39671 3.69544 1.70963 1.01327 6.89451 1.01073
threshold=0.77267900109291088 1.0000000180025095e-35 13.692978858947756 0.41733001172542578 1.5000000000000002 4.5000000000000009 5.6716020107269296 4.7275352478027353 0.90942451357841503 0.041239157319068916 9.9828114509582537 9.3431367874145526 0.086542498320341124 9.8166666030883807
decision_type=2 2 2 2 2 2 2 2 2 2 2 2 2 2
left_child=7 2 3 -2 6 -6 -3 11 10 -10 -9 13 -13 -1
right_child=1 4 -4 -5 5 -7 -8 8 9 -11 -12 12 -14 -15
leaf_value=-1.3307986036269555e-05 0.0013684875677305002 -0.00042262446612253773 -0.0038076956210956743 0.00035582210732741534 0.00028553723438753346 2.8042541382985351e-05 0.0025744766177104978 6.6332711392542057e-06 -9.8797153813418378e-05 -0.0024195828471846917 0.00020920519208912774 0.0060347656225922565 3.7215910931706479e-05 0.0013314203786815013
leaf_weight=785463 1178 3301 48 2536 13248 80826 51 18889 3733 152 16718 46 361 119
leaf_count=785463 1178 3301 48 2536 13248 80826 51 18889 3733 152 16718 46 361 119
internal_value=-3.29302e-12 7.03369e-05 0.000619796 0.000677018 4.91201e-05 6.43043e-05 -0.000377024 -8.62195e-06 7.30832e-05 -0.000189598 0.000101744 -1.27272e-05 0.000715072 -1.31043e-05
internal_weight=926669 101188 3762 3714 97426 94074 3352 825481 39492 3885 35607 785989 407 785582
internal_count=926669 101188 3762 3714 97426 94074 3352 825481 39492 3885 35607 785989 407 785582
is_linear=0
shrinkage=0.0145901


Tree=64
num_leaves=14
num_cat=0
split_feature=1 9 0 4 20 11 28 13 28 23 7 16 4
split_gain=2.58127 2.3226 2.68467 2.31677 2.29571 2.07262 1.52864 2.58418 3.68334 2.08445 1.09078 0.907394 0.756304
threshold=23.500000000000004 4.663691759109498 1.5000000000000002 4.6001451015472421 0.033314500004053123 4.7062268257141122 -0.022426406852900978 4.9947521686553964 -0.13119563832879064 0.68148648738861095 26.500000000000004 11.83407497406006 3.1984648704528813
decision_type=2 2 2 2 2 2 2 2 2 2 2 2 2
left_child=1 3 -3 4 -1 -5 7 9 -9 -2 11 -8 -4
right_child=6 2 12 5 -6 -7 10 8 -10 -11 -12 -13 -14
leaf_value=0.00043085534784438574 7.1413009562413025e-05 -0.0032506553664630247 3.5342105542125391e-06 0.00014158464553635906 5.1047451344840253e-05 0.0011103200847011096 -1.506334848069319e-05 0.0053052142175758852 0.00042646055647970697 -0.00052550971237340491 -0.0022605577964820672 0.00018206910447971672 -0.0017999116686369296
leaf_weight=3515 57204 91 231 1040 93536 858 763656 48 105 1273 46 5003 63
leaf_count=3515 57204 91 231 1040 93536 858 763656 48 105 1273 46 5003 63
internal_value=1.61432e-13 7.02755e-05 -0.00106075 7.46762e-05 6.48034e-05 0.000579506 -8.43763e-06 6.33731e-05 0.00195705 5.84185e-05 -1.39147e-05 -1.37803e-05 -0.000382918
internal_weight=926669 99334 385 98949 97051 1898 827335 58630 153 58477 768705 768659 294
internal_count=926669 99334 385 98949 97051 1898 827335 58630 153 58477 768705 768659 294
is_linear=0
shrinkage=0.0145901


Tree=65
num_leaves=15
num_cat=0
split_feature=22 27 21 23 24 14 10 18 1 9 9 12 15 7
split_gain=2.54351 5.37211 4.34768 3.76246 2.88761 8.21619 3.46004 1.25066 2.57525 10.8865 1.863 0.68391 2.9831 0.702332
threshold=0.77267900109291088 1.0000000180025095e-35 13.692978858947756 0.41733001172542578 1.0000000180025095e-35 6.8964285850524911 2.2135159969329838 2.8617925643920903 1.0000000180025095e-35 1.7346393465995791 2.3353749513626103 2.7856855392456059 10.274477481842043 17.82499980926514
decision_type=2 2 2 2 2 2 2 2 2 2 2 2 2 2
left_child=7 2 3 -2 6 -6 -3 11 9 -9 -10 13 -13 -1
right_child=1 4 -4 -5 5 -7 -8 8 10 -11 -12 12 -14 -15
leaf_value=-1.6657594923866762e-05 0.0013477784960125962 -4.1371836508681534e-06 -0.003752885626401122 0.00034992417222596449 -0.00016135532140331712 -0.0035901885393201391 0.00017980430239240936 -0.0047228243490354763 -1.9484197314812457e-05 -0.0001806467299874695 9.2796641413912391e-05 0.0029450975323616108 -4.3164373439288101e-06 0.0016473249399820537
leaf_weight=697279 1178 53663 48 2536 6984 152 36627 124 59162 1193 67174 89 406 54
leaf_count=697279 1178 53663 48 2536 6984 152 36627 124 59162 1193 67174 89 406 54
internal_value=-2.26929e-12 6.904e-05 0.000610035 0.000666422 4.815e-05 -0.000234391 7.04804e-05 -8.46297e-06 3.35257e-05 -0.000608308 4.02165e-05 -1.61439e-05 0.000525982 -1.65287e-05
internal_weight=926669 101188 3762 3714 97426 7136 90290 825481 127653 1317 126336 697828 495 697333
internal_count=926669 101188 3762 3714 97426 7136 90290 825481 127653 1317 126336 697828 495 697333
is_linear=0
shrinkage=0.0145901


Tree=66
num_leaves=16
num_cat=0
split_feature=1 20 22 22 20 7 7 16 29 13 29 11 11 9 13
split_gain=2.47038 3.92044 7.37946 11.1461 5.36766 3.93453 14.7454 3.29625 2.17384 4.11261 8.0718 2.89517 1.43116 2.70194 2.11984
threshold=6.5000000000000009 0.25871449708938604 0.75246649980545055 1.0000000180025095e-35 0.85908600687980663 2.2052630186080937 2.5400644540786748 4.5644512176513681 -0.041332654654979699 5.2135236263275155 -0.10704680904746054 4.2487926483154306 5.9853553771972665 4.3950660228729257 4.7433989048004159
decision_type=2 2 2 2 2 2 2 2 2 2 2 2 2 2 2
left_child=1 5 3 -3 -4 7 -7 -1 9 11 -11 -2 14 -14 -10
right_child=8 2 4 -5 -6 6 -8 -9 12 10 -12 -13 13 -15 -16
leaf_value=0.00067701374380195944 3.7022357751131845e-05 -6.1928693510774653e-05 0.00092391527457577009 -0.0014172560253602074 0.00014728866730381572 -0.0081576177244923314 0.00080960040122924574 0.0026042019847907264 -1.196696305991798e-05 0.007251362864214842 -0.00044714744385204117 0.00035036537995704743 -0.00099474051805246728 0.00075996761802298344 0.00046990397591838108
leaf_weight=2060 55280 10442 2046 1474 25570 50 178 208 819208 50 69 7081 757 248 1948
leaf_count=2060 55280 10442 2046 1474 25570 50 178 208 819208 50 69 7081 757 248 1948
internal_value=1.6543e-14 0.000109293 7.38846e-05 -0.000229582 0.000204827 0.000670092 -0.00115689 0.000853758 -5.19234e-06 7.77729e-05 0.00278752 7.2602e-05 -1.14973e-05 -0.000561738 -1.08238e-05
internal_weight=926669 42028 39532 11916 27616 2496 228 2268 884641 62480 119 62361 822161 1005 821156
internal_count=926669 42028 39532 11916 27616 2496 228 2268 884641 62480 119 62361 822161 1005 821156
is_linear=0
shrinkage=0.0145901


Tree=67
num_leaves=15
num_cat=0
split_feature=22 27 21 23 1 29 2 18 23 29 25 13 1 14
split_gain=2.41211 5.11951 4.21693 3.60388 2.85844 3.50538 2.06037 1.20544 2.00419 4.39115 1.9182 0.672548 2.24878 0.89456
threshold=0.77267900109291088 1.0000000180025095e-35 13.692978858947756 0.41733001172542578 1.5000000000000002 -0.051579724997282021 5.6716020107269296 2.9700856208801274 0.12140300124883653 -0.025648757815361019 1.0000000180025095e-35 2.853687167167664 3.5000000000000004 7.915032386779786
decision_type=2 2 2 2 2 2 2 2 2 2 2 2 2 2
left_child=7 2 3 -2 6 -6 -3 11 9 -9 -10 13 -13 -1
right_child=1 4 -4 -5 5 -7 -8 8 10 -11 -12 12 -14 -15
leaf_value=-1.4092471224886734e-05 0.0013177315078366772 -0.00041678692859899711 -0.0037014601941912119 0.00034113276479090927 0.00034783610867088454 3.4031239770582715e-05 0.0025383261602118568 -0.0014223948619448042 4.2686659407979708e-05 -7.6961373619071632e-05 0.0012560938163332115 -0.0012534880926376932 -8.7091366132405735e-05 0.00047746114651566244
leaf_weight=692804 1178 3301 48 2536 8312 85762 51 616 114879 3193 278 362 12560 789
leaf_count=692804 1178 3301 48 2536 8312 85762 51 616 114879 3193 278 362 12560 789
internal_value=3.34386e-13 6.7233e-05 0.000595356 0.000650889 4.68401e-05 6.17578e-05 -0.000371825 -8.24146e-06 3.47247e-05 -0.000294548 4.56159e-05 -1.54763e-05 -0.000119767 -1.35333e-05
internal_weight=926669 101188 3762 3714 97426 94074 3352 825481 118966 3809 115157 706515 12922 693593
internal_count=926669 101188 3762 3714 97426 94074 3352 825481 118966 3809 115157 706515 12922 693593
is_linear=0
shrinkage=0.0145901


Tree=68
num_leaves=15
num_cat=0
split_feature=1 9 10 19 2 5 27 10 28 13 28 23 7 9
split_gain=2.37535 2.27476 3.84799 6.92182 2.14635 3.35995 2.05046 1.63607 1.43003 2.44816 3.47586 2.06466 1.06406 0.878418
threshold=23.500000000000004 4.1198248863220224 2.4273229837417607 2.5000000000000004 4.5695295333862314 1.9111495018005373 1.0000000180025095e-35 2.5333899259567265 -0.022426406852900978 4.9947521686553964 -0.13119563832879064 0.68148648738861095 26.500000000000004 4.2488918304443368
decision_type=2 2 2 2 2 2 2 2 2 2 2 2 2 2
left_child=1 4 3 -3 5 -1 -6 -4 9 11 -11 -2 13 -10
right_child=8 2 7 -5 6 -7 -8 -9 12 10 -12 -13 -14 -15
leaf_value=5.6481750083881898e-05 6.9472106234967249e-05 -0.0034151098300655275 0.0019098271315788789 -0.00035533697172695133 0.0015825485725752808 -0.00091935473276505875 0.00021713451471705791 -2.6058187260274788e-05 -1.4225868724558232e-05 0.0051570243567212806 0.00041767244013209929 -0.0005246099877631652 -0.0022323511609529129 0.00023828056076244088
leaf_weight=82419 57204 218 108 566 238 758 14361 666 765715 48 105 1273 46 2944
leaf_count=82419 57204 218 108 566 238 758 14361 666 765715 48 105 1273 46 2944
internal_value=1.16593e-12 6.7414e-05 -0.000485692 -0.00120614 7.62274e-05 4.75889e-05 0.000239394 0.000244065 -8.09407e-06 6.13619e-05 0.00190453 5.65394e-05 -1.33915e-05 -1.32588e-05
internal_weight=926669 99334 1558 784 97776 83177 14599 774 827335 58630 153 58477 768705 768659
internal_count=926669 99334 1558 784 97776 83177 14599 774 827335 58630 153 58477 768705 768659
is_linear=0
shrinkage=0.0145901


Tree=69
num_leaves=16
num_cat=0
split_feature=1 20 22 22 23 19 21 2 21 29 13 9 22 22 19
split_gain=2.33611 3.81788 7.10735 10.8301 5.12907 3.87848 4.38466 3.52432 2.10531 3.16731 7.69624 1.54712 1.39375 7.32479 0.701485
threshold=6.5000000000000009 0.25871449708938604 0.75246649980545055 1.0000000180025095e-35 0.41733001172542578 1.5000000000000002 10.80955219268799 4.2835628986358651 8.2939243316650408 -0.051579724997282021 5.2135236263275155 2.2067000865936284 0.99548199772834789 0.99588799476623546 4.5000000000000009
decision_type=2 2 2 2 2 2 2 2 2 2 2 2 2 2 2
left_child=1 5 3 -3 -4 6 -1 -7 12 10 -10 -11 14 -14 -2
right_child=8 2 4 -5 -6 7 -8 -9 9 11 -12 -13 13 -15 -16
leaf_value=-0.0054654102769444261 5.5547492161626119e-05 -6.1220546030650328e-05 0.00069869235031577639 -0.0013971966251263145 0.00012059001452799091 0.0006813139428742186 0.00090491112522790335 0.004205615260868851 0.00019650479725415239 -1.9051249662736774e-05 0.0051501657864225416 6.208128447780243e-05 -0.0035209347405958406 0.00015596290803638853 -2.0492027755999345e-05
leaf_weight=46 26920 10442 3786 1474 23830 2342 46 62 18939 112637 67 90016 150 499 635413
leaf_count=46 26920 10442 3786 1474 23830 2342 46 62 18939 112637 67 90016 150 499 635413
internal_value=7.03038e-13 0.000106281 7.13391e-05 -0.00022648 0.000199845 0.000659696 -0.00228025 0.000772207 -5.04926e-06 3.38768e-05 0.000213967 1.69868e-05 -1.80637e-05 -0.000693859 -1.74015e-05
internal_weight=926669 42028 39532 11916 27616 2496 92 2404 884641 221659 19006 202653 662982 649 662333
internal_count=926669 42028 39532 11916 27616 2496 92 2404 884641 221659 19006 202653 662982 649 662333
is_linear=0
shrinkage=0.0145901


Tree=70
num_leaves=13
num_cat=0
split_feature=27 5 18 5 18 1 29 1 1 14 21 29
split_gain=2.27889 7.57741 27.5563 9.83611 5.64425 3.63336 4.7613 3.85149 3.58533 2.87255 2.04433 1.53154
threshold=1.0000000180025095e-35 1.9111495018005373 4.1510088443756112 1.8027604818344118 1.2424533367156985 1.5000000000000002 -0.15134296566247937 1.0000000180025095e-35 6.5000000000000009 1.8603895306587221 8.2939243316650408 -0.034227009862661355
decision_type=2 2 2 2 2 2 2 2 2 2 2 2
left_child=1 3 -3 4 -1 6 7 -2 9 -7 -10 -8
right_child=5 2 -4 -5 -6 8 11 -9 10 -11 -12 -13
leaf_value=0.00043432183958896491 -0.00035105198869390795 -0.012088878405494972 0.0024836107847683001 0.0063560690593246162 -0.00034288522185955717 1.1230329776578071e-05 0.0017974952640591039 -0.0013298575971608672 -1.7800105080527266e-05 0.00032003015454059751 3.3382542062278249e-05 0.00018071674897938097
leaf_weight=7365 3303 47 67 56 2725 12477 136 1155 662982 13193 221659 1504
leaf_count=7365 3303 47 67 56 2725 12477 136 1155 662982 13193 221659 1504
internal_value=5.19057e-15 0.000216236 -0.00352435 0.000258265 0.000224422 -2.42095e-06 -0.000357372 -0.000604646 -4.32047e-08 0.000169937 -4.97559e-06 0.000314791
internal_weight=926669 10260 114 10146 10090 916409 6098 4458 910311 25670 884641 1640
internal_count=926669 10260 114 10146 10090 916409 6098 4458 910311 25670 884641 1640
is_linear=0
shrinkage=0.0145901


Tree=71
num_leaves=15
num_cat=0
split_feature=22 27 21 23 24 14 10 8 15 3 7 7 23 14
split_gain=2.23356 4.8585 4.08658 3.41134 2.7307 8.01724 3.26546 1.1596 1.37439 3.94027 1.74881 0.980522 6.69508 0.97637
threshold=0.77267900109291088 1.0000000180025095e-35 13.692978858947756 0.41733001172542578 1.0000000180025095e-35 6.8964285850524911 2.2135159969329838 4.7275352478027353 9.7657356262207049 17.017856597900394 1.7171429991722109 9.3431367874145526 0.086542498320341124 9.8166666030883807
decision_type=2 2 2 2 2 2 2 2 2 2 2 2 2 2
left_child=7 2 3 -2 6 -6 -3 11 9 -9 -10 13 -13 -1
right_child=1 4 -4 -5 5 -7 -8 8 10 -11 -12 12 -14 -15
leaf_value=-1.237788149251538e-05 0.0012826338253713629 -5.9433741467679698e-06 -0.0036507002429871181 0.0003324802971554468 -0.00015778093687613922 -0.0035448445926297032 0.00017275124991940815 0.00013687790990152005 -0.00030131351290089742 0.0013672294138712393 6.8876148483891451e-05 0.0059463237180451345 3.6153123020011574e-05 0.0013092951849147645
leaf_weight=785463 1178 53663 48 2536 6984 152 36627 4170 2971 639 31712 46 361 119
leaf_count=785463 1178 53663 48 2536 6984 152 36627 4170 2971 639 31712 46 361 119
internal_value=2.04262e-13 6.46968e-05 0.000579181 0.000633848 4.48306e-05 -0.000229927 6.65458e-05 -7.93058e-06 6.9215e-05 0.000300362 3.71651e-05 -1.18068e-05 0.000704133 -1.21777e-05
internal_weight=926669 101188 3762 3714 97426 7136 90290 825481 39492 4809 34683 785989 407 785582
internal_count=926669 101188 3762 3714 97426 7136 90290 825481 39492 4809 34683 785989 407 785582
is_linear=0
shrinkage=0.0145901


Tree=72
num_leaves=12
num_cat=0
split_feature=18 22 22 1 2 23 27 7 15 22 2
split_gain=2.18838 3.83881 7.21791 3.17124 2.33765 4.417 1.89778 1.80963 1.3306 1.29715 1.03182
threshold=5.1269311904907235 0.99873849749565136 0.99823999404907238 8.5000000000000018 5.2122108936309823 0.36492000520229345 1.0000000180025095e-35 1.7801935076713564 9.6024703979492205 0.99199250340461742 5.3729581832885751
decision_type=2 2 2 2 2 2 2 2 2 2 2
left_child=1 2 6 8 5 -5 -1 -6 10 -10 -2
right_child=3 -3 -4 4 7 -7 -8 -9 9 -11 -12
leaf_value=0.00019515451030344794 0.00054609439020502162 0.0039234904625680411 -0.0052885255038175333 0.0046853401967303565 -0.00098522726564259427 0.00054819143907303928 -5.1571439909889879e-06 7.2003790154386685e-05 -8.8077968540014937e-06 0.00077933589311241739 0.0033747295776635064
leaf_weight=10182 47 53 55 62 354 482 900005 13033 598 1732 66
leaf_count=10182 47 53 55 62 354 482 900005 13033 598 1732 66
internal_value=-4.94461e-13 -3.00706e-06 -3.23569e-06 0.000167175 8.21459e-05 0.0010197 -2.91632e-06 4.40468e-05 0.000652043 0.000577057 0.00219822
internal_weight=926669 910295 910242 16374 13931 544 910187 13387 2443 2330 113
internal_count=926669 910295 910242 16374 13931 544 910187 13387 2443 2330 113
is_linear=0
shrinkage=0.0145901


Tree=73
num_leaves=15
num_cat=0
split_feature=22 27 21 23 1 29 14 8 20 28 21 7 23 14
split_gain=2.14911 4.66886 3.96805 3.31334 2.68286 3.36623 2.00004 1.11939 1.36859 3.59012 1.61146 0.95177 6.50154 0.948057
threshold=0.77267900109291088 1.0000000180025095e-35 13.692978858947756 0.41733001172542578 1.5000000000000002 -0.051579724997282021 7.915032386779786 4.7275352478027353 0.90942451357841503 0.041239157319068916 9.9828114509582537 9.3431367874145526 0.086542498320341124 9.8166666030883807
decision_type=2 2 2 2 2 2 2 2 2 2 2 2 2 2
left_child=7 2 3 -2 6 -6 -3 11 10 -10 -9 13 -13 -1
right_child=1 4 -4 -5 5 -7 -8 8 9 -11 -12 12 -14 -15
leaf_value=-1.2150318769588324e-05 0.0012610725192117409 -0.00030588960194560924 -0.0036002835368338757 0.00032466622026131715 0.00033878212721729847 3.1268863470525291e-05 -0.0026408373325024219 4.0483720391176461e-06 -0.00010250872724614216 -0.0023899865425924746 0.00020071844134025662 0.005859641902579385 3.5523278562116948e-05 0.0012902186468503984
leaf_weight=785463 1178 3272 48 2536 8312 85762 80 18889 3733 152 16718 46 361 119
leaf_count=785463 1178 3272 48 2536 8312 85762 80 18889 3733 152 16718 46 361 119
internal_value=-2.06601e-12 6.34619e-05 0.000567805 0.000621674 4.39872e-05 5.84395e-05 -0.000361616 -7.7792e-06 6.80173e-05 -0.000192006 9.63878e-05 -1.15876e-05 0.000693777 -1.1953e-05
internal_weight=926669 101188 3762 3714 97426 94074 3352 825481 39492 3885 35607 785989 407 785582
internal_count=926669 101188 3762 3714 97426 94074 3352 825481 39492 3885 35607 785989 407 785582
is_linear=0
shrinkage=0.0145901


Tree=74
num_leaves=14
num_cat=0
split_feature=1 9 0 10 16 24 13 25 15 28 11 20 2
split_gain=2.10133 2.22216 2.58603 2.27592 6.01265 4.1053 1.34861 5.982 5.78017 1.14478 2.5654 1.37332 0.742553
threshold=23.500000000000004 4.663691759109498 1.5000000000000002 2.2659950256347661 12.10344171524048 1.0000000180025095e-35 4.8638560771942148 1.0000000180025095e-35 9.6338009834289569 -0.022426406852900978 5.9853553771972665 0.99540749192237865 4.6681339740753183
decision_type=2 2 2 2 2 2 2 2 2 2 2 2 2
left_child=1 3 -3 4 -1 -5 9 8 -8 10 -2 -11 -4
right_child=6 2 12 5 -6 -7 7 -9 -10 11 -12 -13 -14
leaf_value=1.0050506991026625e-05 5.6994545892095928e-05 -0.0031921884516396284 -2.1955968800296658e-05 0.00017909954485527201 -0.0019630864453578059 -0.00027268730787464502 0.0028498154341917376 0.0055922462997850166 -2.7806151149471782e-05 -1.2350706467625921e-05 -0.0028887787966844366 -0.00046240912244446543 -0.0018892491601570785
leaf_weight=48374 58328 91 238 45518 331 4726 165 46 1494 765793 63 1446 56
leaf_count=48374 58328 91 238 45518 331 4726 165 46 1494 765793 63 1446 56
internal_value=-1.07802e-12 6.34065e-05 -0.00104289 6.7711e-05 -3.35896e-06 0.000136604 -7.61291e-06 0.000402299 0.000258395 -8.45941e-06 5.38163e-05 -1.31989e-05 -0.000377631
internal_weight=926669 99334 385 98949 48705 50244 827335 1705 1659 825630 58391 767239 294
internal_count=926669 99334 385 98949 48705 50244 827335 1705 1659 825630 58391 767239 294
is_linear=0
shrinkage=0.0145901


Tree=75
num_leaves=12
num_cat=0
split_feature=18 22 22 1 7 28 2 27 22 12 28
split_gain=2.09197 3.72985 7.00561 3.07286 2.02408 8.3647 2.50593 1.80227 1.00183 1.19024 1.16052
threshold=5.1269311904907235 0.99873849749565136 0.99823999404907238 7.5000000000000009 1.7549999952316286 -0.014412657357752321 5.2337753772735605 1.0000000180025095e-35 0.99208348989486705 1.9268490076065066 0.025048165582120422
decision_type=2 2 2 2 2 2 2 2 2 2 2
left_child=1 2 7 8 5 -5 -6 -1 9 -2 -10
right_child=3 -3 -4 4 6 -7 -8 -9 10 -11 -12
leaf_value=0.00019017167880090532 -0.0007380757895456032 0.0038674285358523612 -0.0052101451066127423 -0.005090439858637821 0.000965524552918504 0.00018134359715253387 6.9676190236968703e-05 -5.0345098814868402e-06 0.00097228916869751352 0.00066403112786687815 -0.00065967052257140206
leaf_weight=10182 204 53 55 82 700 293 13175 900005 1471 350 99
leaf_count=10182 204 53 55 82 700 293 13175 900005 1471 350 99
internal_value=1.85317e-12 -2.94008e-06 -3.16544e-06 0.000163451 8.62855e-05 -0.00097142 0.000114872 -2.85079e-06 0.000681155 0.000147732 0.000869382
internal_weight=926669 910295 910242 16374 14250 375 13875 910187 2124 554 1570
internal_count=926669 910295 910242 16374 14250 375 13875 910187 2124 554 1570
is_linear=0
shrinkage=0.0145901


Tree=76
num_leaves=14
num_cat=0
split_feature=22 27 21 23 24 14 1 17 3 2 1 18 23
split_gain=2.04762 4.51128 3.85131 3.20898 2.60392 7.73201 3.06709 1.07653 2.37998 1.37718 2.15016 1.74805 1.2579
threshold=0.77267900109291088 1.0000000180025095e-35 13.692978858947756 0.41733001172542578 1.0000000180025095e-35 6.8964285850524911 4.5000000000000009 6.2280378341674814 1.408333480358124 3.9981586933135991 1.0000000180025095e-35 2.7403194904327397 0.45365250110626226
decision_type=2 2 2 2 2 2 2 2 2 2 2 2 2
left_child=7 2 3 -2 6 -6 -3 9 -9 11 -11 -1 -10
right_child=1 4 -4 -5 5 -7 -8 8 12 10 -12 -13 -14
leaf_value=-1.5981261305610425e-05 0.0012400229634169418 0.00026142010876791107 -0.0035486137579389815 0.00031848207782845324 -0.00015465046486292031 -0.0034809176409175378 2.737810727334168e-05 0.0025141874208045962 1.1865182908569156e-05 -0.001687936043404436 -9.777333850194803e-05 9.251204027222712e-05 0.00014777463567471026
leaf_weight=618748 1178 14131 48 2536 6984 152 76159 82 123460 182 33269 33315 16425
leaf_count=618748 1178 14131 48 2536 6984 152 76159 82 123460 182 33269 33315 16425
internal_value=-5.6667e-13 6.19453e-05 0.000557704 0.000610775 4.28021e-05 -0.000225501 6.40073e-05 -7.5933e-06 2.928e-05 -1.5122e-05 -0.000106425 -1.04382e-05 2.78234e-05
internal_weight=926669 101188 3762 3714 97426 7136 90290 825481 139967 685514 33451 652063 139885
internal_count=926669 101188 3762 3714 97426 7136 90290 825481 139967 685514 33451 652063 139885
is_linear=0
shrinkage=0.0145901


Tree=77
num_leaves=12
num_cat=0
split_feature=18 22 22 1 2 23 27 7 15 22 1
split_gain=2.01956 3.6211 6.80246 2.97702 2.2168 4.28671 1.70102 1.69975 1.29388 1.22331 1.02561
threshold=5.1269311904907235 0.99873849749565136 0.99823999404907238 8.5000000000000018 5.2122108936309823 0.36492000520229345 1.0000000180025095e-35 1.7801935076713564 9.6024703979492205 0.99199250340461742 3.5000000000000004
decision_type=2 2 2 2 2 2 2 2 2 2 2
left_child=1 2 6 8 5 -5 -1 -6 10 -10 -2
right_child=3 -3 -4 4 7 -7 -8 -9 9 -11 -12
leaf_value=0.00018472149131481329 0.00059482298492600995 0.0038106432101589014 -0.0051340403343437023 0.0046023846772086799 -0.00095642606551114709 0.00052670887270870378 -4.9222408180761657e-06 6.8207007464234003e-05 -1.2507128235362459e-05 0.00075287721176814652 0.0033933654403387674
leaf_weight=10182 50 53 55 62 354 482 900005 13033 598 1732 63
leaf_count=10182 50 53 55 62 354 482 900005 13033 598 1732 63
internal_value=6.65451e-13 -2.88875e-06 -3.1108e-06 0.000160597 7.82132e-05 0.000991216 -2.80075e-06 4.11121e-05 0.000630384 0.00055644 0.00215507
internal_weight=926669 910295 910242 16374 13931 544 910187 13387 2443 2330 113
internal_count=926669 910295 910242 16374 13931 544 910187 13387 2443 2330 113
is_linear=0
shrinkage=0.0145901


Tree=78
num_leaves=15
num_cat=0
split_feature=22 27 21 23 23 21 18 8 20 28 21 7 23 14
split_gain=1.96994 4.33627 3.73963 3.11669 2.61435 3.12996 2.7605 1.05499 1.34832 3.4838 1.55121 0.923141 6.3146 0.920408
threshold=0.77267900109291088 1.0000000180025095e-35 13.692978858947756 0.41733001172542578 0.58847349882125866 11.716339111328127 5.2704288959503183 4.7275352478027353 0.90942451357841503 0.041239157319068916 9.9828114509582537 9.3431367874145526 0.086542498320341124 9.8166666030883807
decision_type=2 2 2 2 2 2 2 2 2 2 2 2 2 2
left_child=7 2 3 -2 5 -3 -6 11 10 -10 -9 13 -13 -1
right_child=1 4 -4 -5 6 -7 -8 8 9 -11 -12 12 -14 -15
leaf_value=-1.1699379067502528e-05 0.001219235905244853 0.00015634673764448667 -0.0034995345498693197 0.00031104300879918989 -5.7817086788963561e-05 -0.00028531424403051037 0.0003879741199555201 3.6988278097754943e-06 -0.00010379215992260214 -0.0023571436568890205 0.00019665738527219366 0.00577458479626954 3.4808580831537424e-05 0.0012715383123794058
leaf_weight=785463 1178 42786 48 2536 47776 3712 3152 18889 3733 152 16718 46 361 119
leaf_count=785463 1178 42786 48 2536 47776 3712 3152 18889 3733 152 16718 46 361 119
internal_value=1.58914e-12 6.0759e-05 0.000546807 0.000599102 4.19907e-05 0.000121088 -3.02265e-05 -7.44787e-06 6.6136e-05 -0.000191954 9.42957e-05 -1.11451e-05 0.00068353 -1.1505e-05
internal_weight=926669 101188 3762 3714 97426 46498 50928 825481 39492 3885 35607 785989 407 785582
internal_count=926669 101188 3762 3714 97426 46498 50928 825481 39492 3885 35607 785989 407 785582
is_linear=0
shrinkage=0.0145901


Tree=79
num_leaves=12
num_cat=0
split_feature=18 22 22 1 27 13 8 15 9 16 15
split_gain=1.91883 3.57596 6.94961 2.36856 1.62421 1.49148 3.42581 2.98707 0.965275 2.21427 0.518277
threshold=5.0782890319824228 0.99873849749565136 0.99823999404907238 7.5000000000000009 1.0000000180025095e-35 4.1590447425842294 6.107393980026246 9.6338009834289569 2.565030694007874 9.0270466804504412 9.9503703117370623
decision_type=2 2 2 2 2 2 2 2 2 2 2
left_child=1 2 4 8 -1 6 -5 -7 10 -10 -2
right_child=3 -3 -4 5 -6 7 -8 -9 9 -11 -12
leaf_value=0.00018044742456827063 0.001492006766011806 0.0038230364964619867 -0.0053888180682940025 1.752858262965251e-05 -4.9117136120069581e-06 0.0027126510737205405 -0.0038486192185565567 0.00026295055041418105 0.0014473034565057918 0.0003543760692192808 -2.9461178446781374e-05
leaf_weight=10177 52 52 51 11330 898807 109 49 3797 637 1037 571
leaf_count=10177 52 52 51 11330 898807 109 49 3797 637 1037 571
internal_value=5.46626e-14 -2.91974e-06 -3.1386e-06 0.000150967 -2.83643e-06 8.53202e-05 8.80262e-07 0.000331311 0.000587802 0.000770263 9.75313e-05
internal_weight=926669 909087 909035 17582 908984 15285 11379 3906 2297 1674 623
internal_count=926669 909087 909035 17582 908984 15285 11379 3906 2297 1674 623
is_linear=0
shrinkage=0.0145901


Tree=80
num_leaves=15
num_cat=0
split_feature=22 27 21 23 1 29 2 18 1 11 9 12 11 11
split_gain=1.89814 4.16752 3.63119 3.02699 2.5568 3.25604 1.95116 1.02465 2.44717 10.6637 1.7085 0.656604 2.90617 0.729084
threshold=0.77267900109291088 1.0000000180025095e-35 13.692978858947756 0.41733001172542578 1.5000000000000002 -0.051579724997282021 5.6716020107269296 2.8617925643920903 1.0000000180025095e-35 2.7411983013153081 2.3353749513626103 2.7856855392456059 4.5336318016052255 3.4958659410476689
decision_type=2 2 2 2 2 2 2 2 2 2 2 2 2 2
left_child=7 2 3 -2 6 -6 -3 11 9 -9 -10 13 -13 -1
right_child=1 4 -4 -5 5 -7 -8 8 10 -11 -12 12 -14 -15
leaf_value=-9.4503762149679694e-06 0.0011988143758235193 -0.00039847178889518308 -0.003451108486327951 0.00030378632213211743 0.00033106691289400147 2.8628443288124552e-05 0.0024772618072139668 -0.0050324698823372913 -1.995440784387351e-05 -0.00020655636554474659 8.7569872516052451e-05 -6.3136405276045077e-05 0.0026714627817734215 -5.7523813384499428e-05
leaf_weight=622050 1178 3301 48 2536 8312 85762 51 106 59162 1211 67174 390 105 75283
leaf_count=622050 1178 3301 48 2536 8312 85762 51 106 59162 1211 67174 390 105 75283
internal_value=1.0256e-12 5.96414e-05 0.000536138 0.00058767 4.1242e-05 5.53507e-05 -0.000354718 -7.31089e-06 3.06949e-05 -0.000594975 3.72172e-05 -1.42632e-05 0.00051693 -1.46403e-05
internal_weight=926669 101188 3762 3714 97426 94074 3352 825481 127653 1317 126336 697828 495 697333
internal_count=926669 101188 3762 3714 97426 94074 3352 825481 127653 1317 126336 697828 495 697333
is_linear=0
shrinkage=0.0145901


Tree=81
num_leaves=15
num_cat=0
split_feature=1 9 10 19 20 10 2 28 13 28 23 7 9 29
split_gain=1.84381 2.17717 3.66191 6.76045 1.98392 2.51102 1.62027 1.28915 2.26809 3.34848 2.07801 1.02671 0.835242 0.699171
threshold=23.500000000000004 4.1198248863220224 2.4273229837417607 1.0000000180025095e-35 0.033314500004053123 2.2214120626449589 2.6735538244247441 -0.022426406852900978 4.9947521686553964 -0.13119563832879064 0.68148648738861095 26.500000000000004 4.2488918304443368 -0.0013174250489100812
decision_type=2 2 2 2 2 2 2 2 2 2 2 2 2 2
left_child=1 4 3 -3 13 -6 -4 8 10 -10 -2 12 -9 -1
right_child=7 2 6 -5 5 -7 -8 11 9 -11 -12 -13 -14 -15
leaf_value=0.00064147683691024486 6.714759493584973e-05 -0.0047077298968621062 0.0028858054343862721 -0.00066353145665797291 -2.5016938748430497e-05 0.00012589865358613445 6.2374977248072933e-05 -1.2973570423480355e-05 0.005025243470982696 0.00037354297818141459 -0.00052885277533449042 -0.0021918261875985131 0.00023324908793425267 0.00022610715117393673
leaf_weight=1542 57204 101 46 683 44069 50207 728 765715 48 105 1273 46 2944 1958
leaf_count=1542 57204 101 46 683 44069 50207 728 765715 48 105 1273 46 2944 1958
internal_value=-4.19993e-13 5.93944e-05 -0.000481718 -0.00118453 6.80167e-05 5.53537e-05 0.000230176 -7.13119e-06 5.88149e-05 0.0018329 5.41731e-05 -1.2161e-05 -1.20305e-05 0.000409107
internal_weight=926669 99334 1558 784 97776 94276 774 827335 58630 153 58477 768705 768659 3500
internal_count=926669 99334 1558 784 97776 94276 774 827335 58630 153 58477 768705 768659 3500
is_linear=0
shrinkage=0.0145901


Tree=82
num_leaves=14
num_cat=0
split_feature=22 27 21 23 23 21 18 17 3 2 1 18 23
split_gain=1.83161 4.04783 3.52727 2.94376 2.55864 3.04225 2.61662 0.997522 2.31258 1.34647 2.07866 1.69309 1.20812
threshold=0.77267900109291088 1.0000000180025095e-35 13.692978858947756 0.41733001172542578 0.58847349882125866 11.716339111328127 5.2704288959503183 6.2280378341674814 1.408333480358124 3.9981586933135991 1.0000000180025095e-35 2.7403194904327397 0.45365250110626226
decision_type=2 2 2 2 2 2 2 2 2 2 2 2 2
left_child=7 2 3 -2 5 -3 -6 9 -9 11 -11 -1 -10
right_child=1 4 -4 -5 6 -7 -8 8 12 10 -12 -13 -14
leaf_value=-1.5252729678498176e-05 0.0011816636552286191 0.00015346472942054905 -0.0034015842615849087 0.00029902674435952137 -5.7851935596591017e-05 -0.00028196387775611506 0.0003761664599042399 0.0024777803118307593 1.123766039650978e-05 -0.0016597023947778099 -9.62013954903245e-05 9.1521370181140021e-05 0.00014443120853454373
leaf_weight=618748 1178 42786 48 2536 47776 3712 3152 82 123460 182 33269 33315 16425
leaf_count=618748 1178 42786 48 2536 47776 3712 3152 82 123460 182 33269 33315 16425
internal_value=7.66909e-13 5.85869e-05 0.000528191 0.00057898 4.04536e-05 0.000118704 -3.099e-05 -7.18162e-06 2.83128e-05 -1.44288e-05 -0.000104708 -9.79746e-06 2.6877e-05
internal_weight=926669 101188 3762 3714 97426 46498 50928 825481 139967 685514 33451 652063 139885
internal_count=926669 101188 3762 3714 97426 46498 50928 825481 139967 685514 33451 652063 139885
is_linear=0
shrinkage=0.0145901


Tree=83
num_leaves=12
num_cat=0
split_feature=18 22 22 1 27 13 8 15 9 16 15
split_gain=1.79796 3.47153 6.74871 2.26894 1.471 1.43447 3.31753 2.90022 0.935566 2.15325 0.50315
threshold=5.0782890319824228 0.99873849749565136 0.99823999404907238 7.5000000000000009 1.0000000180025095e-35 4.1590447425842294 6.107393980026246 9.6642613410949725 2.565030694007874 9.0270466804504412 9.9503703117370623
decision_type=2 2 2 2 2 2 2 2 2 2 2
left_child=1 2 4 8 -1 6 -5 -7 10 -10 -2
right_child=3 -3 -4 5 -6 7 -8 -9 9 -11 -12
leaf_value=0.00017168096678471834 0.0014649924766984587 0.0037668490850115591 -0.0053103059267404686 1.5456301914001553e-05 -4.7191339129318341e-06 0.0025187445917025089 -0.0037890992396724292 0.00025113958630076466 0.0014209617754241191 0.00034319916573948695 -3.4108032198661373e-05
leaf_weight=10177 52 52 51 11330 898807 124 49 3782 637 1037 571
leaf_count=10177 52 52 51 11330 898807 124 49 3782 637 1037 571
internal_value=-4.90826e-13 -2.82629e-06 -3.04193e-06 0.000146135 -2.74416e-06 8.18834e-05 -9.26792e-07 0.000323127 0.000573685 0.000753316 9.10175e-05
internal_weight=926669 909087 909035 17582 908984 15285 11379 3906 2297 1674 623
internal_count=926669 909087 909035 17582 908984 15285 11379 3906 2297 1674 623
is_linear=0
shrinkage=0.0145901


Tree=84
num_leaves=15
num_cat=0
split_feature=22 27 21 8 24 20 10 8 15 3 7 7 23 14
split_gain=1.76484 3.89094 3.42499 2.88987 2.51578 7.57009 2.98003 0.965497 1.3423 3.78364 1.65326 0.895897 6.13286 0.894053
threshold=0.77267900109291088 1.0000000180025095e-35 13.692978858947756 2.6752966642379765 1.0000000180025095e-35 0.97692501544952404 2.2135159969329838 4.7275352478027353 9.7657356262207049 17.017856597900394 1.7171429991722109 9.3431367874145526 0.086542498320341124 9.8166666030883807
decision_type=2 2 2 2 2 2 2 2 2 2 2 2 2 2
left_child=7 2 3 -2 6 -6 -3 11 9 -9 -10 13 -13 -1
right_child=1 4 -4 -5 5 -7 -8 8 10 -11 -12 12 -14 -15
leaf_value=-1.1132573727074349e-05 0.00088707695983399981 -8.6746586272542743e-06 -0.0033544598938208036 4.8913283234383054e-05 8.8368501273821298e-05 -0.00094693553247427852 0.00016203170984379248 0.00013157523992379233 -0.000297431472214162 0.0013372261720952568 6.2503059485515127e-05 0.005691019683706439 3.4443177522343636e-05 0.001253599867577131
leaf_weight=785463 2300 53663 48 1414 4983 2153 36627 4170 2971 639 31712 46 361 119
leaf_count=785463 2300 53663 48 1414 4983 2153 36627 4170 2971 639 31712 46 361 119
internal_value=5.37915e-13 5.75092e-05 0.000517923 0.00056797 3.97308e-05 -0.000223993 6.0574e-05 -7.04952e-06 6.33441e-05 0.000291777 3.16705e-05 -1.05864e-05 0.000673761 -1.0941e-05
internal_weight=926669 101188 3762 3714 97426 7136 90290 825481 39492 4809 34683 785989 407 785582
internal_count=926669 101188 3762 3714 97426 7136 90290 825481 39492 4809 34683 785989 407 785582
is_linear=0
shrinkage=0.0145901


Tree=85
num_leaves=12
num_cat=0
split_feature=18 22 22 1 2 23 7 27 15 22 2
split_gain=1.7267 3.31436 6.23364 2.70352 2.15559 4.14831 1.64786 1.36191 1.23773 1.15824 0.993466
threshold=5.1269311904907235 0.99873849749565136 0.99823999404907238 8.5000000000000018 5.2122108936309823 0.36492000520229345 1.8918129801750185 1.0000000180025095e-35 9.6024703979492205 0.99199250340461742 5.3729581832885751
decision_type=2 2 2 2 2 2 2 2 2 2 2
left_child=1 2 7 8 5 -5 -6 -1 10 -10 -2
right_child=3 -3 -4 4 6 -7 -8 -9 9 -11 -12
leaf_value=0.00016520561770204544 0.00046629531691798299 0.0036457658995461854 -0.0049146083441676458 0.0045226928657801438 -0.00081708439811329834 0.00051334978326968595 6.4212818796444628e-05 -4.4850133866305181e-06 -2.9745191050183781e-05 0.0007150035086847989 0.0032418662356208344
leaf_weight=10182 47 53 55 62 468 482 12919 900005 598 1732 66
leaf_count=10182 47 53 55 62 468 482 12919 900005 598 1732 66
internal_value=2.43154e-13 -2.6711e-06 -2.88353e-06 0.000148497 6.99886e-05 0.000970297 3.34033e-05 -2.58673e-06 0.000596184 0.000523862 0.00208743
internal_weight=926669 910295 910242 16374 13931 544 13387 910187 2443 2330 113
internal_count=926669 910295 910242 16374 13931 544 13387 910187 2443 2330 113
is_linear=0
shrinkage=0.0145901


Tree=86
num_leaves=14
num_cat=0
split_feature=22 27 21 23 23 21 15 0 29 22 23 4 29
split_gain=1.69791 3.74131 3.32565 2.8302 2.52064 2.95763 2.5689 0.956657 1.81083 1.86353 1.33393 1.27744 1.07541
threshold=0.77267900109291088 1.0000000180025095e-35 13.692978858947756 0.41733001172542578 0.58847349882125866 11.716339111328127 12.106750488281252 1.0000000180025095e-35 0.064238686114549651 0.66230899095535289 0.45365250110626226 3.5694335699081425 0.079069808125495925
decision_type=2 2 2 2 2 2 2 2 2 2 2 2 2
left_child=7 2 3 -2 5 -3 -6 11 9 -9 -10 12 -1
right_child=1 4 -4 -5 6 -7 -8 8 10 -11 -12 -13 -14
leaf_value=-8.4518855426939373e-05 0.0011481431453245748 0.00015091607124140296 -0.0033079283173331336 0.00028269729139003194 7.1554377446775101e-06 -0.0002784144679622829 -0.00030661267990116157 5.013374956696163e-05 -2.0443212972953249e-05 -0.00094831752139100888 6.4287714464149643e-05 -0.0024620564208536712 -1.3347962884764875e-05
leaf_weight=59513 1178 42786 48 2536 44583 3712 6345 147318 386302 399 44063 46 187840
leaf_count=59513 1178 42786 48 2536 44583 3712 6345 147318 386302 399 44063 46 187840
internal_value=3.11386e-13 5.64081e-05 0.000507882 0.000557198 3.8975e-05 0.000116642 -3.19362e-05 -6.91455e-06 3.36056e-06 4.74368e-05 -1.1768e-05 -3.09238e-05 -3.04716e-05
internal_weight=926669 101188 3762 3714 97426 46498 50928 825481 578082 147717 430365 247399 247353
internal_count=926669 101188 3762 3714 97426 46498 50928 825481 578082 147717 430365 247399 247353
is_linear=0
shrinkage=0.0145901


Tree=87
num_leaves=14
num_cat=0
split_feature=22 1 12 9 23 4 23 22 23 5 29 13 17
split_gain=1.68087 2.91337 2.54522 2.18768 6.08147 2.02025 1.80492 2.15283 3.16806 2.05834 9.85071 2.78491 0.947106
threshold=0.99588799476623546 1.0000000180025095e-35 2.2392975091934209 2.233672142028809 0.58847349882125866 5.2443854808807382 0.73602500557899486 0.77267900109291088 0.41733001172542578 1.7745015025138857 0.024172803387045864 3.7601472139358525 6.2280378341674814
decision_type=2 2 2 2 2 2 2 2 2 2 2 2 2
left_child=6 2 -2 4 -3 -5 7 12 -9 11 -11 -8 -1
right_child=1 3 -4 5 -6 -7 9 8 -10 10 -12 -13 -14
leaf_value=-1.3879410322673473e-05 0.0051132368369875038 -0.0054477406385765939 0.00033459105394812155 0.00027559925791775358 -0.0001290564813804762 0.001454420649945164 -0.00010563031902225153 0.00030559973436678525 3.6699648742801018e-05 -0.0050054803507469285 0.00013090615980933468 -0.001467238638604033 2.778174877696362e-05
leaf_weight=685414 49 48 46 3447 982 340 7499 10600 77640 108 301 334 139861
leaf_count=685414 49 48 46 3447 982 340 7499 10600 77640 108 301 334 139861
internal_value=-1.31525e-12 0.000269179 0.00279937 0.000219279 -0.000376917 0.000381435 -1.43444e-06 5.04818e-07 6.90018e-05 -0.000216376 -0.0012254 -0.000163689 -6.81901e-06
internal_weight=926669 4912 95 4817 1030 3787 921757 913515 88240 8242 409 7833 825275
internal_count=926669 4912 95 4817 1030 3787 921757 913515 88240 8242 409 7833 825275
is_linear=0
shrinkage=0.0145901


Tree=88
num_leaves=12
num_cat=0
split_feature=18 22 22 1 9 7 7 27 9 16 15
split_gain=1.65297 3.27344 6.37881 2.1171 1.38689 2.44996 2.13374 1.29569 0.897489 2.09831 0.485435
threshold=5.0782890319824228 0.99873849749565136 0.99823999404907238 7.5000000000000009 3.07454526424408 1.4330354928970339 16.771551132202152 1.0000000180025095e-35 2.565030694007874 9.0270466804504412 9.9503703117370623
decision_type=2 2 2 2 2 2 2 2 2 2 2
left_child=1 2 7 8 5 -5 -6 -1 10 -10 -2
right_child=3 -3 -4 4 6 -7 -8 -9 9 -11 -12
leaf_value=0.00016107219518236181 0.0014299412238127204 0.0036578319059973946 -0.005162685811318804 -0.0024301767311863415 0.00027077515000408631 1.382882010384398e-05 0.0031905570054736958 -4.4833966391662932e-06 0.0013881266219639933 0.00032420142754671205 -4.2531225254376617e-05
leaf_weight=10177 52 52 51 88 3990 11153 54 898807 637 1037 571
leaf_count=10177 52 52 51 88 3990 11153 54 898807 637 1037 571
internal_value=-9.84486e-13 -2.70993e-06 -2.91933e-06 0.000140119 7.80543e-05 -5.30404e-06 0.000309763 -2.62983e-06 0.000553115 0.000729052 8.03718e-05
internal_weight=926669 909087 909035 17582 15285 11241 4044 908984 2297 1674 623
internal_count=926669 909087 909035 17582 15285 11241 4044 908984 2297 1674 623
is_linear=0
shrinkage=0.0145901


Tree=89
num_leaves=11
num_cat=0
split_feature=18 22 22 1 7 28 2 27 15 22
split_gain=1.6066 3.12471 5.88372 2.54496 1.84744 8.11579 2.3334 1.23757 0.890874 1.29812
threshold=5.1269311904907235 0.99873849749565136 0.99823999404907238 7.5000000000000009 1.7549999952316286 -0.014412657357752321 5.2337753772735605 1.0000000180025095e-35 9.464457035064699 0.99208348989486705
decision_type=2 2 2 2 2 2 2 2 2 2
left_child=1 2 7 8 5 -5 -6 -1 -2 -10
right_child=3 -3 -4 4 6 -7 -8 -9 9 -11
leaf_value=0.00015745492927901416 0.0022574110580844964 0.0035399368949854161 -0.0047746574017867114 -0.0049947562620494546 0.00092117116852227429 0.00019799704290937426 5.671327539193385e-05 -4.3039987989944411e-06 -5.7326577013364687e-05 0.0007777418535310891
leaf_weight=10182 68 53 55 82 700 293 13175 900005 536 1520
leaf_count=10182 68 53 55 82 700 293 13175 900005 536 1520
internal_value=1.09483e-12 -2.57653e-06 -2.7828e-06 0.00014324 7.30148e-05 -0.000937485 0.000100326 -2.49445e-06 0.000614381 0.000560039
internal_weight=926669 910295 910242 16374 14250 375 13875 910187 2124 2056
internal_count=926669 910295 910242 16374 14250 375 13875 910187 2124 2056
is_linear=0
shrinkage=0.0145901


Tree=90
num_leaves=13
num_cat=0
split_feature=11 4 15 21 4 8 11 22 17 22 20 22
split_gain=1.5856 5.06592 2.82564 6.37624 2.70314 2.67412 1.93271 5.99933 1.56843 2.70649 1.78359 1.47476
threshold=4.6670882701873788 1.7005987167358401 9.6953320503234881 10.431543827056887 4.6959142684936532 5.8403508663177499 5.7622649669647226 0.95593097805976879 9.2437348365783709 0.96391448378562938 0.74714750051498424 0.99058702588081371
decision_type=2 2 2 2 2 2 2 2 2 2 2 2
left_child=5 6 3 -3 -4 8 11 -8 10 -10 -1 -2
right_child=1 2 4 -5 -6 -7 7 -9 9 -11 -12 -13
leaf_value=-1.0650947208964494e-05 -7.613654899834344e-05 0.00038868728258732325 0.00012139284704941445 0.0024170279613596329 0.00066360075699546423 -0.003344713194549587 4.3126355444225594e-05 -0.0022346157544859842 -6.11976939352295e-05 -0.00052618712861938956 4.2579378624707874e-05 0.00040947838233081172
leaf_weight=698568 16379 1861 13902 401 2278 51 808 354 21783 3036 165799 1449
leaf_count=698568 16379 1861 13902 401 2278 51 808 354 21783 3036 165799 1449
internal_value=5.73997e-13 9.30206e-05 0.000265257 0.000748265 0.000197731 -3.91566e-06 -7.42451e-05 -0.000650781 -3.72404e-06 -0.000118078 -4.40545e-07 -3.66674e-05
internal_weight=926669 37432 18442 2262 16180 889237 18990 1162 889186 24819 864367 17828
internal_count=926669 37432 18442 2262 16180 889237 18990 1162 889186 24819 864367 17828
is_linear=0
shrinkage=0.0145901


Tree=91
num_leaves=15
num_cat=0
split_feature=1 9 23 10 16 24 11 19 9 13 16 28 4 22
split_gain=1.55776 2.12355 2.58911 2.17268 5.78927 4.01585 1.26158 3.59839 5.47457 3.49428 6.544 1.15164 1.0909 0.711223
threshold=23.500000000000004 4.663691759109498 0.63483548164367687 2.2659950256347661 12.10344171524048 1.0000000180025095e-35 5.9853553771972665 1.0000000180025095e-35 4.2488918304443368 4.8638560771942148 7.3634235858917245 -0.022426406852900978 3.5972183942794804 0.99155598878860485
decision_type=2 2 2 2 2 2 2 2 2 2 2 2 2 2
left_child=1 3 12 4 -1 -5 9 8 -8 11 -11 -2 -3 -9
right_child=6 2 -4 5 -6 -7 7 13 -10 10 -12 -13 -14 -15
leaf_value=2.5197152139825165e-06 5.5385655329965633e-05 -6.6020678336752649e-05 -0.0035430377420156904 0.00016814314698935105 -0.0019336183445985808 -0.00027869454458969442 -0.003386898743264049 -0.00019323158927508354 0.0020083392785515955 -0.0042936866098515691 0.0009952104674469111 -1.1864979200351585e-05 -0.0023449569647934127 0.0012773494226484782
leaf_weight=48374 58328 260 71 45518 331 4726 174 615 52 52 1177 766858 54 79
leaf_count=48374 58328 260 71 45518 331 4726 174 615 52 52 1177 766858 54 79
internal_value=-6.63066e-13 5.4593e-05 -0.00102688 5.88009e-05 -1.06383e-05 0.000126113 -6.55471e-06 -0.000546536 -0.00214552 -5.95358e-06 0.000771433 -7.11139e-06 -0.00045794 -2.58312e-05
internal_weight=926669 99334 385 98949 48705 50244 827335 920 226 826415 1229 825186 314 694
internal_count=926669 99334 385 98949 48705 50244 827335 920 226 826415 1229 825186 314 694
is_linear=0
shrinkage=0.0145901


Tree=92
num_leaves=14
num_cat=0
split_feature=22 1 12 9 23 4 23 22 21 5 29 13 0
split_gain=1.53432 2.8278 2.47325 2.08564 5.90048 1.93743 1.77382 2.03116 3.09443 2.00541 9.5616 2.71036 0.909942
threshold=0.99588799476623546 1.0000000180025095e-35 2.2392975091934209 2.233672142028809 0.58847349882125866 5.2443854808807382 0.73602500557899486 0.77267900109291088 11.829959869384767 1.7745015025138857 0.024172803387045864 3.7601472139358525 1.0000000180025095e-35
decision_type=2 2 2 2 2 2 2 2 2 2 2 2 2
left_child=6 2 -2 4 -3 -5 7 12 -9 11 -11 -8 -1
right_child=1 3 -4 5 -6 -7 9 8 -10 10 -12 -13 -14
leaf_value=-2.9976761987222467e-05 0.005030851645498248 -0.0053689085960381524 0.00032025416996100985 0.00026270076982936024 -0.00012996754976823813 0.0014171052852501593 -0.00010517064377146418 9.3243354547088481e-05 -0.00021829543480260096 -0.0049346152669878744 0.00012583704124938304 -0.0014484311131320801 3.4620648989090999e-06
leaf_weight=247392 49 48 46 3447 982 340 7499 80831 7409 108 301 334 577883
leaf_count=247392 49 48 46 3447 982 340 7499 80831 7409 108 301 334 577883
internal_value=1.01555e-12 0.000257177 0.00274993 0.000208015 -0.000374112 0.000366344 -1.37048e-06 5.52e-07 6.70853e-05 -0.000214452 -0.00121042 -0.000162447 -6.56186e-06
internal_weight=926669 4912 95 4817 1030 3787 921757 913515 88240 8242 409 7833 825275
internal_count=926669 4912 95 4817 1030 3787 921757 913515 88240 8242 409 7833 825275
is_linear=0
shrinkage=0.0145901


Tree=93
num_leaves=13
num_cat=0
split_feature=11 4 15 21 4 8 11 22 17 22 20 22
split_gain=1.51809 4.89716 2.75236 6.19381 2.60532 2.59381 1.86092 5.83567 1.53226 2.64159 1.68459 1.42125
threshold=4.6670882701873788 1.7005987167358401 9.6953320503234881 10.152353763580324 4.7229433059692392 5.8403508663177499 5.7622649669647226 0.95593097805976879 9.2437348365783709 0.96391448378562938 0.74714750051498424 0.99058702588081371
decision_type=2 2 2 2 2 2 2 2 2 2 2 2
left_child=5 6 3 -3 -4 8 11 -8 10 -10 -1 -2
right_child=1 2 4 -5 -6 -7 7 -9 9 -11 -12 -13
leaf_value=-1.0320232673291867e-05 -7.5310475261633863e-05 0.00024440480315897562 0.00012006069257601328 0.0019201939263556549 0.00065907507043478286 -0.0032940816354906709 4.5212973397308443e-05 -0.0022012464257539586 -6.0476059101208894e-05 -0.00051985660290423887 4.1411609227722395e-05 0.00040141304341335325
leaf_weight=698568 16379 1597 13969 665 2211 51 808 354 21783 3036 165799 1449
leaf_count=698568 16379 1597 13969 665 2211 51 808 354 21783 3036 165799 1449
internal_value=6.42498e-13 9.10188e-05 0.000260361 0.000737066 0.000193717 -3.83139e-06 -7.34372e-05 -0.000639165 -3.64267e-06 -0.00011667 -3.97263e-07 -3.6564e-05
internal_weight=926669 37432 18442 2262 16180 889237 18990 1162 889186 24819 864367 17828
internal_count=926669 37432 18442 2262 16180 889237 18990 1162 889186 24819 864367 17828
is_linear=0
shrinkage=0.0145901


Tree=94
num_leaves=16
num_cat=0
split_feature=1 9 3 19 20 10 2 11 19 9 13 16 22 22 29
split_gain=1.47794 2.07043 3.56139 13.1719 1.95476 2.38545 1.33185 1.22877 3.50131 5.31602 3.37662 6.34538 1.13656 0.695388 0.657819
threshold=23.500000000000004 4.1198248863220224 3.7559524774551396 2.5000000000000004 0.033314500004053123 2.1972784996032719 2.6020033359527592 5.9853553771972665 1.0000000180025095e-35 4.2488918304443368 4.8638560771942148 7.3634235858917245 0.98510900139808666 0.99155598878860485 -0.0013174250489100812
decision_type=2 2 2 2 2 2 2 2 2 2 2 2 2 2 2
left_child=1 4 3 -3 14 -6 -4 10 9 -9 12 -12 -2 -10 -1
right_child=7 2 6 -5 5 -7 -8 8 13 -11 11 -13 -14 -15 -16
leaf_value=0.00062555222956383271 -5.0740081410336304e-06 -0.0062470706891129043 0.001728481854067174 -0.00013525018681225269 -3.0950238927086456e-05 0.00011637197090628266 -0.00020055568136550822 -0.0033398349397707047 -0.00019119157901643853 0.0019767004341856576 -0.0042292670241030035 0.00097875058171522267 -0.0001649462014187179 0.0012629262856132739 0.00022265331904320427
leaf_weight=1542 815609 100 82 301 43104 51172 1075 174 615 52 52 1177 9577 79 1958
leaf_count=1542 815609 100 82 301 43104 51172 1075 174 615 52 52 1177 9577 79 1958
internal_value=1.60107e-12 5.3176e-05 -0.000474505 -0.00165939 6.15843e-05 4.90147e-05 -6.38391e-05 -6.38458e-06 -0.000539298 -0.00211656 -5.79131e-06 0.000758395 -6.92946e-06 -2.56652e-05 0.000400159
internal_weight=926669 99334 1558 401 97776 94276 1157 827335 920 226 826415 1229 825186 694 3500
internal_count=926669 99334 1558 401 97776 94276 1157 827335 920 226 826415 1229 825186 694 3500
is_linear=0
shrinkage=0.0145901


Tree=95
num_leaves=13
num_cat=0
split_feature=22 1 12 7 23 5 29 13 22 23 18 17
split_gain=1.46932 2.74104 2.40166 2.03042 1.72847 1.94802 9.28504 2.63842 1.94665 3.07989 1.56996 0.87651
threshold=0.99588799476623546 1.0000000180025095e-35 2.2392975091934209 19.656863212585453 0.73602500557899486 1.7745015025138857 0.024172803387045864 3.7601472139358525 0.77267900109291088 0.41733001172542578 4.0517470836639413 6.2280378341674814
decision_type=2 2 2 2 2 2 2 2 2 2 2 2
left_child=4 2 -2 10 8 7 -7 -6 11 -10 -3 -1
right_child=1 3 -4 -5 5 6 -8 -9 9 -11 -12 -13
leaf_value=-1.3199858600278676e-05 0.0049535544159432909 -0.00063816954364937916 0.00031162889472092527 -0.0025839812202479366 -0.00010391460735879719 -0.0048632365030100485 0.00012349421803045259 -0.001429229327653593 0.00029897350223031936 3.3841553777199075e-05 0.00031579253153924991 2.6878548236842655e-05
leaf_weight=685414 49 401 46 55 7499 108 301 334 10600 77640 4361 139861
leaf_count=685414 49 401 46 55 7499 108 301 334 10600 77640 4361 139861
internal_value=-5.78469e-13 0.00025167 0.00270589 0.000203269 -1.34114e-06 -0.000211681 -0.0011933 -0.000160426 5.56608e-07 6.5691e-05 0.000235461 -6.40769e-06
internal_weight=926669 4912 95 4817 921757 8242 409 7833 913515 88240 4762 825275
internal_count=926669 4912 95 4817 921757 8242 409 7833 913515 88240 4762 825275
is_linear=0
shrinkage=0.0145901


Tree=96
num_leaves=13
num_cat=0
split_feature=11 4 15 21 4 8 11 22 17 22 20 22
split_gain=1.45032 4.74763 2.67613 6.06324 2.52964 2.51694 1.79456 5.6792 1.5016 2.56434 1.60246 1.37558
threshold=4.6670882701873788 1.7005987167358401 9.6953320503234881 10.431543827056887 4.6959142684936532 5.8403508663177499 5.7622649669647226 0.95593097805976879 9.2437348365783709 0.96391448378562938 0.74714750051498424 0.99058702588081371
decision_type=2 2 2 2 2 2 2 2 2 2 2 2
left_child=5 6 3 -3 -4 8 11 -8 10 -10 -1 -2
right_child=1 2 4 -5 -6 -7 7 -9 9 -11 -12 -13
leaf_value=-1.0024278878174764e-05 -7.4870808209010587e-05 0.00037511754123651324 0.00011613901278621907 0.0023530467362579185 0.0006406576889548155 -0.0032448760618729797 4.6629853894408513e-05 -0.0021695074311798416 -6.0083958507406022e-05 -0.00051269753199733377 4.0430783346938325e-05 0.00039413034379156826
leaf_weight=698568 16379 1861 13902 401 2278 51 808 354 21783 3036 165799 1449
leaf_count=698568 16379 1861 13902 401 2278 51 808 354 21783 3036 165799 1449
internal_value=1.28933e-12 8.89641e-05 0.000255702 0.000725758 0.000189987 -3.7449e-06 -7.29617e-05 -0.00062851 -3.559e-06 -0.00011545 -3.46215e-07 -3.6752e-05
internal_weight=926669 37432 18442 2262 16180 889237 18990 1162 889186 24819 864367 17828
internal_count=926669 37432 18442 2262 16180 889237 18990 1162 889186 24819 864367 17828
is_linear=0
shrinkage=0.0145901


Tree=97
num_leaves=12
num_cat=0
split_feature=18 22 22 1 9 7 7 27 9 16 15
split_gain=1.42444 3.0793 6.03117 1.91815 1.30008 2.35611 2.10909 1.19905 0.855145 2.03666 0.468147
threshold=5.0782890319824228 0.99873849749565136 0.99823999404907238 7.5000000000000009 3.07454526424408 1.4330354928970339 16.771551132202152 1.0000000180025095e-35 2.565030694007874 9.0270466804504412 9.9503703117370623
decision_type=2 2 2 2 2 2 2 2 2 2 2
left_child=1 2 7 8 5 -5 -6 -1 10 -10 -2
right_child=3 -3 -4 4 6 -7 -8 -9 9 -11 -12
leaf_value=0.00015504120843309513 0.0013870502987529106 0.0035478175626448049 -0.0050199150097378804 -0.0023876866197639858 0.00025657428024039548 9.0519599385187891e-06 0.003159443610635684 -4.2203308741705145e-06 0.001344242824297736 0.00029606280845568059 -5.8965645484584805e-05
leaf_weight=10177 52 52 51 88 3990 11153 54 898807 637 1037 571
leaf_count=10177 52 52 51 88 3990 11153 54 898807 637 1037 571
internal_value=8.17079e-13 -2.51564e-06 -2.71873e-06 0.000130073 7.09965e-05 -9.71087e-06 0.000295337 -2.43724e-06 0.000523185 0.000694922 6.17291e-05
internal_weight=926669 909087 909035 17582 15285 11241 4044 908984 2297 1674 623
internal_count=926669 909087 909035 17582 15285 11241 4044 908984 2297 1674 623
is_linear=0
shrinkage=0.0145901


Tree=98
num_leaves=13
num_cat=0
split_feature=11 4 15 21 8 4 11 22 17 22 13 22
split_gain=1.38716 4.59069 2.60446 5.88453 2.44495 2.44407 1.74647 5.51205 1.45896 2.4916 1.56445 1.32939
threshold=4.6670882701873788 1.7005987167358401 9.6953320503234881 10.431543827056887 5.8403508663177499 4.7229433059692392 5.7622649669647226 0.95593097805976879 9.2437348365783709 0.96391448378562938 3.2795954942703252 0.99058702588081371
decision_type=2 2 2 2 2 2 2 2 2 2 2 2
left_child=4 6 3 -3 8 -4 11 -8 10 -10 -1 -2
right_child=1 2 5 -5 -6 -7 7 -9 9 -11 -12 -13
leaf_value=-3.5413162156492795e-06 -7.3973626363757348e-05 0.0003692484201254072 0.0001147940121279402 0.0023178107151036482 -0.0031981034662007398 0.00063686153432931285 4.4855097901147316e-05 -0.0021384271323344906 -5.9194691358733726e-05 -0.00050534257986280945 0.00011900949428144489 0.00038708624365358497
leaf_weight=841593 16379 1861 13969 401 51 2211 808 354 21783 3036 22774 1449
leaf_count=841593 16379 1861 13969 401 51 2211 808 354 21783 3036 22774 1449
internal_value=-6.00744e-13 8.70054e-05 0.000250964 0.000714683 -3.66245e-06 0.000186135 -7.22215e-05 -0.000620276 -3.47923e-06 -0.00011377 -3.12396e-07 -3.65002e-05
internal_weight=926669 37432 18442 2262 889237 16180 18990 1162 889186 24819 864367 17828
internal_count=926669 37432 18442 2262 889237 16180 18990 1162 889186 24819 864367 17828
is_linear=0
shrinkage=0.0145901


Tree=99
num_leaves=15
num_cat=0
split_feature=1 9 0 10 16 24 11 19 9 13 16 22 2 22
split_gain=1.37795 2.01945 2.5132 2.04281 5.60779 3.93237 1.20672 3.41669 5.16484 3.24034 6.15184 1.11831 0.737823 0.688197
threshold=23.500000000000004 4.663691759109498 1.5000000000000002 2.2659950256347661 12.10344171524048 1.0000000180025095e-35 5.9853553771972665 1.0000000180025095e-35 4.2488918304443368 4.8638560771942148 7.3634235858917245 0.98510900139808666 4.6681339740753183 0.99155598878860485
decision_type=2 2 2 2 2 2 2 2 2 2 2 2 2 2
left_child=1 3 -3 4 -1 -5 9 8 -8 11 -11 -2 -4 -9
right_child=6 2 12 5 -6 -7 7 13 -10 10 -12 -13 -14 -15
leaf_value=1.0673025099775908e-06 -4.8513481845928493e-06 -0.003122102627920632 7.0787790812750305e-06 0.00016230960967794509 -0.0019044810179191193 -0.00027985971155894613 -0.0032981174619961091 -0.00019155469156624126 0.0019422778657773589 -0.0041679768234694362 0.0009599982287324208 -0.00016343532753564926 -0.0018542571243559353 0.0012550260283422643
leaf_weight=48374 815609 91 238 45518 331 4726 174 615 52 52 1177 9577 56 79
leaf_count=48374 815609 91 238 45518 331 4726 174 615 52 52 1177 9577 56 79
internal_value=-2.0335e-14 5.13457e-05 -0.00100329 5.54492e-05 -1.18828e-05 0.000120719 -6.16482e-06 -0.000534275 -0.00209236 -5.57691e-06 0.000743029 -6.69185e-06 -0.000347461 -2.68863e-05
internal_weight=926669 99334 385 98949 48705 50244 827335 920 226 826415 1229 825186 294 694
internal_count=926669 99334 385 98949 48705 50244 827335 920 226 826415 1229 825186 294 694
is_linear=0
shrinkage=0.0145901


Tree=100
num_leaves=15
num_cat=0
split_feature=28 22 22 1 4 15 13 1 9 23 15 7 7 4
split_gain=1.38243 2.64644 5.90145 16.4675 3.07926 3.00484 2.42869 2.3984 1.8723 1.83177 3.07104 2.57942 0.950631 1.02762
threshold=-0.022426406852900978 0.99490398168563854 0.99449148774147045 126.50000000000001 4.2413008213043222 12.074621677398683 2.4849625825881962 3.5000000000000004 3.6021869182586674 0.64264348149299633 12.910198211669924 6.6043479442596444 26.500000000000004 4.8162329196929941
decision_type=2 2 2 2 2 2 2 2 2 2 2 2 2 2
left_child=1 2 8 -4 6 -6 -3 9 -1 11 -11 -2 13 -9
right_child=7 4 3 -5 5 -7 -8 12 -10 10 -12 -13 -14 -15
leaf_value=6.6158590299497419e-05 0.00020042623635336805 0.0031328424121227034 -0.00014693666641465191 -0.010117911955233165 0.0001271947869943472 -0.003416245091501461 0.00084886935403082043 -9.5463263475073231e-06 -0.0003431034963890053 -0.00024971975387938435 -0.0041309470375376677 0.001280872682205882 -0.0019623447672548139 0.00019825400264242987
leaf_weight=75452 10694 111 151 46 309 61 925 830008 2457 767 46 492 53 5097
leaf_count=75452 10694 111 151 46 309 61 925 830008 2457 767 46 492 53 5097
internal_value=1.33049e-12 5.81679e-05 4.68745e-05 -0.00247518 0.000685535 -0.000456994 0.00109358 -5.45949e-06 5.32518e-05 0.000199349 -0.000469322 0.000247948 -8.40204e-06 -8.27803e-06
internal_weight=926669 79512 78106 197 1406 370 1036 847157 77909 11999 813 11186 835158 835105
internal_count=926669 79512 78106 197 1406 370 1036 847157 77909 11999 813 11186 835158 835105
is_linear=0
shrinkage=0.0145901


Tree=101
num_leaves=15
num_cat=0
split_feature=22 27 21 8 24 14 10 11 13 19 20 13 9 23
split_gain=1.35464 3.51569 3.22333 2.73943 2.44687 7.49324 2.78155 0.866397 2.8251 4.0319 3.07479 1.78368 3.23084 0.838965
threshold=0.77267900109291088 1.0000000180025095e-35 13.692978858947756 2.6752966642379765 1.0000000180025095e-35 6.8964285850524911 2.2135159969329838 5.9853553771972665 4.9947521686553964 1.0000000180025095e-35 0.92151650786399852 4.7433989048004159 2.4224342107772832 0.45365250110626226
decision_type=2 2 2 2 2 2 2 2 2 2 2 2 2 2
left_child=7 2 3 -2 6 -6 -3 11 10 -10 -9 13 -13 -1
right_child=1 4 -4 -5 5 -7 -8 8 9 -11 -12 12 -14 -15
leaf_value=-1.1178148924572615e-05 0.00084727534866733012 -1.2861942374729022e-05 -0.003268618596675679 3.1219154840320972e-05 -0.00015685276402084507 -0.0034313601503350578 0.00015206158141565577 -0.00014075448868849756 -0.003335224986029181 -0.00013596171660501581 0.0038051540167593394 0.0038350122531085949 0.00033652217379508538 4.1860889839126045e-05
leaf_weight=753418 2300 53663 48 1414 6984 152 36627 488 146 197 46 58 1802 69326
leaf_count=753418 2300 53663 48 1414 6984 152 36627 488 146 197 46 58 1802 69326
internal_value=9.44107e-13 5.03845e-05 0.000488034 0.000536585 3.34851e-05 -0.000226601 5.40409e-05 -6.17616e-06 -0.000464514 -0.00149775 0.000199155 -5.6887e-06 0.000445615 -6.70898e-06
internal_weight=926669 101188 3762 3714 97426 7136 90290 825481 877 343 534 824604 1860 822744
internal_count=926669 101188 3762 3714 97426 7136 90290 825481 877 343 534 824604 1860 822744
is_linear=0
shrinkage=0.0145901


Tree=102
num_leaves=15
num_cat=0
split_feature=29 13 15 8 16 22 3 1 21 13 7 11 9 13
split_gain=1.3349 3.58893 6.65376 2.92481 7.23198 3.0833 2.87561 2.31317 1.93405 16.2133 2.03913 1.27988 2.23624 1.64848
threshold=-0.0375798363238573 5.2135236263275155 10.011192798614504 6.107393980026246 9.2437753677368182 0.99845400452613842 37.547010421752937 3.5000000000000004 11.978726863861086 4.0988705158233651 3.2247475385665898 5.9853553771972665 4.3950660228729257 4.8638560771942148
decision_type=2 2 2 2 2 2 2 2 2 2 2 2 2 2
left_child=1 3 -3 5 -5 -1 -4 8 10 -10 -2 13 -13 -9
right_child=7 2 6 4 -6 -7 -8 11 9 -11 -12 12 -14 -15
leaf_value=5.2196323838587564e-05 0.00016785875257095665 0.0064763842969537636 -0.0012943778348189197 -0.0067477799550580628 -0.00035773124524086323 0.0034768175072120043 0.0025300707581715149 -8.7347610860212066e-06 -2.003941624618953e-05 -0.0087422789668670526 0.00069580904310835383 -0.00088969774585535605 0.00065804837219442312 0.00048313312262432666
leaf_weight=86059 8655 52 89 46 209 56 79 825644 1305 47 1899 813 263 1453
leaf_count=86059 8655 52 89 46 209 56 79 825644 1305 47 1899 813 263 1453
internal_value=1.70263e-12 5.45438e-05 0.00191567 4.98032e-05 -0.00151045 5.44233e-05 0.000504024 -5.62203e-06 0.000196298 -0.000323253 0.000262854 -8.52487e-06 -0.000511392 -7.87067e-06
internal_weight=926669 86590 220 86370 255 86115 168 840079 11906 1352 10554 828173 1076 827097
internal_count=926669 86590 220 86370 255 86115 168 840079 11906 1352 10554 828173 1076 827097
is_linear=0
shrinkage=0.0145901


Tree=103
num_leaves=13
num_cat=0
split_feature=11 4 15 13 8 4 11 22 17 22 13 22
split_gain=1.32211 4.43466 2.52929 5.81514 2.36707 2.36517 1.66677 5.38019 1.42875 2.44652 1.49322 1.27032
threshold=4.6670882701873788 1.7005987167358401 9.6953320503234881 4.9947521686553964 5.8403508663177499 4.7229433059692392 5.7622649669647226 0.95593097805976879 9.2437348365783709 0.96391448378562938 3.2795954942703252 0.99058702588081371
decision_type=2 2 2 2 2 2 2 2 2 2 2 2
left_child=4 6 3 -3 8 -4 11 -8 10 -10 -1 -2
right_child=1 2 5 -5 -6 -7 7 -9 9 -11 -12 -13
leaf_value=-3.4159486012135063e-06 -7.329129960231751e-05 0.00053264463245197358 0.00011202241041455153 0.0039141825575568882 -0.0031467303951360145 0.00062559438772311082 5.0166708730625552e-05 -0.002106843651884828 -5.8458822871923434e-05 -0.00050055253912772155 0.00011631251911963468 0.00037740888480443819
leaf_weight=841593 16379 2148 13969 114 51 2211 808 354 21783 3036 22774 1449
leaf_count=841593 16379 2148 13969 114 51 2211 808 354 21783 3036 22774 1449
internal_value=6.8192e-13 8.49409e-05 0.000246089 0.000703067 -3.57554e-06 0.000182202 -7.15566e-05 -0.00060696 -3.39527e-06 -0.000112538 -2.6139e-07 -3.66599e-05
internal_weight=926669 37432 18442 2262 889237 16180 18990 1162 889186 24819 864367 17828
internal_count=926669 37432 18442 2262 889237 16180 18990 1162 889186 24819 864367 17828
is_linear=0
shrinkage=0.0145901


Tree=104
num_leaves=14
num_cat=0
split_feature=22 27 21 23 23 21 24 0 29 22 4 23 29
split_gain=1.29967 3.40868 3.12985 2.66688 2.44602 2.79921 2.46822 0.847212 1.68313 1.81191 1.24098 1.21757 1.08728
threshold=0.77267900109291088 1.0000000180025095e-35 13.692978858947756 0.41733001172542578 0.58847349882125866 11.716339111328127 1.0000000180025095e-35 1.0000000180025095e-35 0.064238686114549651 0.66230899095535289 3.5694335699081425 0.45365250110626226 0.079069808125495925
decision_type=2 2 2 2 2 2 2 2 2 2 2 2 2
left_child=7 2 3 -2 5 -3 -6 10 9 -9 12 -10 -1
right_child=1 4 -4 -5 6 -7 -8 8 11 -11 -12 -13 -14
leaf_value=-8.2542901741546881e-05 0.0011017714935060245 0.00014256359311089683 -0.0032214898154916678 0.00026166842596700223 -1.8152545971633113e-05 -0.00027511016848389818 -0.00058042315547512436 4.8773002114302882e-05 -1.9253617192081554e-05 -0.00093575265767978616 -0.002424832673099593 6.1697297954084923e-05 -1.0980085434889271e-05
leaf_weight=59513 1178 42786 48 2536 49208 3712 1720 147318 386302 399 46 44063 187840
leaf_count=59513 1178 42786 48 2536 49208 3712 1720 147318 386302 399 46 44063 187840
internal_value=9.06666e-13 4.93516e-05 0.000480289 0.000528131 3.27114e-05 0.00010922 -3.71422e-05 -6.04954e-06 3.61996e-06 4.61137e-05 -2.86437e-05 -1.09654e-05 -2.81981e-05
internal_weight=926669 101188 3762 3714 97426 46498 50928 825481 578082 147717 247399 430365 247353
internal_count=926669 101188 3762 3714 97426 46498 50928 825481 578082 147717 247399 430365 247353
is_linear=0
shrinkage=0.0145901


Tree=105
num_leaves=13
num_cat=0
split_feature=22 1 15 7 23 5 5 13 22 23 18 11
split_gain=1.30079 2.65999 2.40026 1.97483 1.69398 1.89927 9.20273 2.58385 1.74163 2.92331 1.50237 0.834672
threshold=0.99588799476623546 1.0000000180025095e-35 11.157324790954592 19.656863212585453 0.73602500557899486 1.7745015025138857 1.7958664894104006 3.7601472139358525 0.77267900109291088 0.41733001172542578 4.0517470836639413 5.9853553771972665
decision_type=2 2 2 2 2 2 2 2 2 2 2 2
left_child=4 2 -2 10 8 7 -7 -6 11 -10 -3 -1
right_child=1 3 -4 -5 5 6 -8 -9 9 -11 -12 -13
leaf_value=-5.4922129698445669e-06 0.0003107851890789148 -0.00063375370553131992 0.00494930301724744 -0.0025597086211907724 -0.00010295891827579317 -0.0067901464497184564 -0.00032517865224799256 -0.0014144945431266878 0.00028950078799960973 3.1196449809806634e-05 0.00029944874337855631 -0.00045609511601586662
leaf_weight=824399 47 401 48 55 7499 54 355 334 10600 77640 4361 876
leaf_count=824399 47 401 48 55 7499 54 355 334 10600 77640 4361 876
internal_value=3.10132e-13 0.000236798 0.00265446 0.000189117 -1.26188e-06 -0.000209492 -0.00117874 -0.000158883 6.16833e-07 6.22258e-05 0.000220865 -5.97051e-06
internal_weight=926669 4912 95 4817 921757 8242 409 7833 913515 88240 4762 825275
internal_count=926669 4912 95 4817 921757 8242 409 7833 913515 88240 4762 825275
is_linear=0
shrinkage=0.0145901


Tree=106
num_leaves=12
num_cat=0
split_feature=18 22 22 1 7 28 2 9 28 22 11
split_gain=1.28134 2.90115 5.56863 2.25602 1.76418 7.90192 2.26954 1.08621 0.845184 0.991343 0.542201
threshold=5.1269311904907235 0.99873849749565136 0.99823999404907238 7.5000000000000009 1.7549999952316286 -0.014412657357752321 5.2337753772735605 3.5127768516540532 0.025098374113440517 0.99208348989486705 5.2577958106994638
decision_type=2 2 2 2 2 2 2 2 2 2 2
left_child=1 2 7 8 5 -5 -6 -1 9 -2 -10
right_child=3 -3 -4 4 6 -7 -8 -9 10 -11 -12
leaf_value=4.1165124787144849e-07 0.00010057403454975341 0.0034111363797210245 -0.0046448435072888065 -0.004929119308206476 0.00089802766344234037 0.00019475800055449136 4.54793150075037e-05 -9.8779612291424902e-05 0.00016631177544556444 0.00083844704068691649 -0.0018094136017965988
leaf_weight=886046 526 53 55 82 700 293 13175 24141 77 1473 48
leaf_count=886046 526 53 55 82 700 293 13175 24141 77 1473 48
internal_value=1.50423e-12 -2.30098e-06 -2.49973e-06 0.000127921 6.18025e-05 -0.000925663 8.84908e-05 -2.21921e-06 0.000571511 0.000644289 -0.000592367
internal_weight=926669 910295 910242 16374 14250 375 13875 910187 2124 1999 125
internal_count=926669 910295 910242 16374 14250 375 13875 910187 2124 1999 125
is_linear=0
shrinkage=0.0145901


Tree=107
num_leaves=13
num_cat=0
split_feature=11 4 15 21 7 8 11 22 17 22 13 22
split_gain=1.27638 4.28672 2.464 5.73108 2.31536 2.29925 1.60575 5.25127 1.3869 2.37975 1.43691 1.223
threshold=4.6670882701873788 1.7005987167358401 9.6953320503234881 10.152353763580324 16.071428298950199 5.8403508663177499 5.7622649669647226 0.95593097805976879 9.2437348365783709 0.96391448378562938 3.2795954942703252 0.99058702588081371
decision_type=2 2 2 2 2 2 2 2 2 2 2 2
left_child=5 6 3 -3 -4 8 11 -8 10 -10 -1 -2
right_child=1 2 4 -5 -6 -7 7 -9 9 -11 -12 -13
leaf_value=-3.3423679822383988e-06 -7.2096618397889342e-05 0.00021903708276314074 0.00016053649403000681 0.0018310137909411765 0.0018431551988658662 -0.003101308897177967 5.3288056133406566e-05 -0.0020777206797442573 -5.753170262957021e-05 -0.00049355107641665941 0.00011410716866070866 0.00037012894301141787
leaf_weight=841593 16379 1597 16004 665 176 51 808 354 21783 3036 22774 1449
leaf_count=841593 16379 1597 16004 665 176 51 808 354 21783 3036 22774 1449
internal_value=-2.84005e-14 8.3459e-05 0.000241896 0.000692938 0.000178839 -3.51317e-06 -7.0406e-05 -0.000595918 -3.33549e-06 -0.000110868 -2.47854e-07 -3.6154e-05
internal_weight=926669 37432 18442 2262 16180 889237 18990 1162 889186 24819 864367 17828
internal_count=926669 37432 18442 2262 16180 889237 18990 1162 889186 24819 864367 17828
is_linear=0
shrinkage=0.0145901


Tree=108
num_leaves=15
num_cat=0
split_feature=28 22 22 1 4 15 13 1 9 23 15 7 7 4
split_gain=1.27167 2.48913 5.72231 15.9912 3.01378 2.91018 2.36686 2.20313 1.80881 1.77994 2.97559 2.47152 0.916398 0.947717
threshold=-0.022426406852900978 0.99490398168563854 0.99449148774147045 126.50000000000001 4.2413008213043222 12.074621677398683 2.4849625825881962 3.5000000000000004 3.6021869182586674 0.64264348149299633 12.910198211669924 6.6043479442596444 26.500000000000004 4.8162329196929941
decision_type=2 2 2 2 2 2 2 2 2 2 2 2 2 2
left_child=1 2 8 -4 6 -6 -3 9 -1 11 -11 -2 13 -9
right_child=7 4 3 -5 5 -7 -8 12 -10 10 -12 -13 -14 -15
leaf_value=6.3802091204979614e-05 0.00019244749911017511 0.0030810457156400795 -0.00014431969133519285 -0.0099700341461428487 0.00010882208622947908 -0.0033783550432016896 0.00082633225738628052 -9.1526598196485338e-06 -0.00033846057017670078 -0.00025192361680236708 -0.004072356526774336 0.0012500542205882792 -0.0019264945524955898 0.00019040522962236958
leaf_weight=75452 10694 111 151 46 309 61 925 830008 2457 767 46 492 53 5097
leaf_count=75452 10694 111 151 46 309 61 925 830008 2457 767 46 492 53 5097
internal_value=5.29098e-13 5.57889e-05 4.48363e-05 -0.00243865 0.000664225 -0.000466091 0.00106791 -5.2362e-06 5.1116e-05 0.000191058 -0.000468086 0.000238965 -8.05643e-06 -7.93467e-06
internal_weight=926669 79512 78106 197 1406 370 1036 847157 77909 11999 813 11186 835158 835105
internal_count=926669 79512 78106 197 1406 370 1036 847157 77909 11999 813 11186 835158 835105
is_linear=0
shrinkage=0.0145901


Tree=109
num_leaves=15
num_cat=0
split_feature=29 13 15 8 16 22 3 1 21 13 7 11 9 13
split_gain=1.23714 3.47849 6.43202 2.82857 7.02444 2.94446 2.77978 2.14092 1.85417 15.7565 1.94002 1.22443 2.18793 1.57126
threshold=-0.0375798363238573 5.2135236263275155 10.011192798614504 6.107393980026246 9.2437753677368182 0.99845400452613842 37.547010421752937 3.5000000000000004 11.978726863861086 4.0988705158233651 3.2247475385665898 5.9853553771972665 4.3950660228729257 4.8638560771942148
decision_type=2 2 2 2 2 2 2 2 2 2 2 2 2 2
left_child=1 3 -3 5 -5 -1 -4 8 10 -10 -2 13 -13 -9
right_child=7 2 6 4 -6 -7 -8 11 9 -11 -12 12 -14 -15
leaf_value=5.0208802466558851e-05 0.00016135349067235036 0.0063688508655645555 -0.0012713295811688987 -0.0066481606456960099 -0.00035046874774544569 0.0033968392227608528 0.0024888509679825243 -8.4086754016947446e-06 -2.0953450195228323e-05 -0.0086194316947761813 0.00067631370287516096 -0.00087425526042714035 0.00065668158372473326 0.0004718010048970958
leaf_weight=86059 8655 52 89 46 209 56 79 825644 1305 47 1899 813 263 1453
leaf_count=86059 8655 52 89 46 209 56 79 825644 1305 47 1899 813 263 1453
internal_value=-1.13672e-12 5.25087e-05 0.00188478 4.78416e-05 -0.00148652 5.23851e-05 0.000496851 -5.41227e-06 0.000188844 -0.000319865 0.000254011 -8.20494e-06 -0.000500058 -7.56507e-06
internal_weight=926669 86590 220 86370 255 86115 168 840079 11906 1352 10554 828173 1076 827097
internal_count=926669 86590 220 86370 255 86115 168 840079 11906 1352 10554 828173 1076 827097
is_linear=0
shrinkage=0.0145901


Tree=110
num_leaves=13
num_cat=0
split_feature=11 4 21 15 8 11 22 29 17 22 13 1
split_gain=1.2272 4.15196 2.39316 5.88466 2.2282 1.55426 5.11134 1.39458 1.35024 2.3195 1.38295 1.18238
threshold=4.6670882701873788 1.7005987167358401 10.064853191375734 9.6953320503234881 5.8403508663177499 5.7622649669647226 0.95593097805976879 -0.30358715355396265 9.2437348365783709 0.96391448378562938 3.2795954942703252 1.5000000000000002
decision_type=2 2 2 2 2 2 2 2 2 2 2 2
left_child=4 5 7 -4 8 11 -7 -3 10 -10 -1 -2
right_child=1 2 3 -5 -6 6 -8 -9 9 -11 -12 -13
leaf_value=-3.259195641687082e-06 -0.00059362731415124853 -0.0014092594843893615 0.0016373484319425597 0.00028665764475543551 -0.0030530049935762788 5.3889286803107968e-05 -0.002048536387983118 7.0516337178901879e-05 -5.6715081012944408e-05 -0.00048717964321298983 0.00011196386038974892 -1.0580799095041438e-05
leaf_weight=841593 774 138 738 9865 51 808 354 7701 21783 3036 22774 17054
leaf_count=841593 774 138 738 9865 51 808 354 7701 21783 3036 22774 17054
internal_value=1.01783e-12 8.18353e-05 0.000237762 0.00038067 -3.44481e-06 -6.9592e-05 -0.000586609 4.44659e-05 -3.2699e-06 -0.000109372 -2.23344e-07 -3.58937e-05
internal_weight=926669 37432 18442 10603 889237 18990 1162 7839 889186 24819 864367 17828
internal_count=926669 37432 18442 10603 889237 18990 1162 7839 889186 24819 864367 17828
is_linear=0
shrinkage=0.0145901


Tree=111
num_leaves=15
num_cat=0
split_feature=27 14 11 21 22 20 16 1 29 1 1 14 29 29
split_gain=1.22727 7.43189 11.0874 6.2953 4.8702 17.3676 4.86217 3.41798 4.3017 3.76597 2.41442 2.44589 1.64065 1.51089
threshold=1.0000000180025095e-35 2.7350875139236455 2.7285722494125371 10.396821498870851 1.0000000180025095e-35 0.76004502177238475 4.7769086360931405 1.5000000000000002 -0.15134296566247937 1.0000000180025095e-35 6.5000000000000009 1.8603895306587221 -0.041332654654979699 -0.034227009862661355
decision_type=2 2 2 2 2 2 2 2 2 2 2 2 2 2
left_child=1 4 -3 -4 6 -6 -1 8 9 -2 11 -9 -12 -10
right_child=7 2 3 -5 5 -7 -8 10 13 -11 12 -13 -14 -15
leaf_value=0.00084383010774528844 -0.00033032047678490295 -0.0062433245738183424 -0.0019893197710531799 0.00064277805881315204 -0.0014150681961776837 0.00050049971962467165 -0.0004809119521743682 -6.428219048423526e-06 0.001765525356435023 -0.001298198227289439 6.855778899880157e-05 0.00027851751341207895 -8.9954229857896568e-06 0.00015968523343622718
leaf_weight=3689 3303 82 367 409 1397 3614 702 12477 136 1155 62480 13193 822161 1504
leaf_count=3689 3303 82 367 409 1397 3614 702 12477 136 1155 62480 13193 822161 1504
internal_value=-3.71639e-14 0.000158685 -0.00114119 -0.000602041 0.000277307 -3.35351e-05 0.00063204 -1.77662e-06 -0.000346046 -0.000581083 5.29579e-07 0.000140019 -3.51803e-06 0.000292852
internal_weight=926669 10260 858 776 9402 5011 4391 916409 6098 4458 910311 25670 884641 1640
internal_count=926669 10260 858 776 9402 5011 4391 916409 6098 4458 910311 25670 884641 1640
is_linear=0
shrinkage=0.0145901


Tree=112
num_leaves=13
num_cat=0
split_feature=27 5 18 5 18 1 29 1 1 14 21 29
split_gain=1.19172 7.25077 26.6311 9.66478 5.22301 3.31897 4.17709 3.65688 2.34448 2.37504 1.62565 1.46712
threshold=1.0000000180025095e-35 1.9111495018005373 4.1510088443756112 1.8027604818344118 1.2424533367156985 1.5000000000000002 -0.15134296566247937 1.0000000180025095e-35 6.5000000000000009 1.8603895306587221 8.2939243316650408 -0.034227009862661355
decision_type=2 2 2 2 2 2 2 2 2 2 2 2
left_child=1 3 -3 4 -1 6 7 -2 9 -7 -10 -8
right_child=5 2 -4 -5 -6 8 11 -9 10 -11 -12 -13
leaf_value=0.00036585122660615701 -0.00032550107179225829 -0.011922230129158735 0.002403533181445025 0.006241943859681162 -0.00038179126398173825 -6.3344346091824995e-06 0.0017397661943896318 -0.0012792574166304767 -1.4902844654764116e-05 0.00027445392223896052 3.0738790295249397e-05 0.00015735541231274861
leaf_weight=7365 3303 47 67 56 2725 12477 136 1155 662982 13193 221659 1504
leaf_count=7365 3303 47 67 56 2725 12477 136 1155 662982 13193 221659 1504
internal_value=-1.53583e-13 0.00015637 -0.0035027 0.000197483 0.000163936 -1.7507e-06 -0.000340997 -0.000572605 5.21852e-07 0.000137976 -3.4667e-06 0.00028858
internal_weight=926669 10260 114 10146 10090 916409 6098 4458 910311 25670 884641 1640
internal_count=926669 10260 114 10146 10090 916409 6098 4458 910311 25670 884641 1640
is_linear=0
shrinkage=0.0145901


Tree=113
num_leaves=15
num_cat=0
split_feature=28 22 22 1 4 15 13 1 3 23 15 7 7 4
split_gain=1.18349 2.4004 5.54314 15.5562 2.94545 2.82006 2.29945 1.98809 1.79459 1.7317 2.88166 2.37278 0.885311 0.903598
threshold=-0.022426406852900978 0.99490398168563854 0.99449148774147045 126.50000000000001 4.2413008213043222 12.074621677398683 2.6027137041091923 3.5000000000000004 57.589284896850593 0.64264348149299633 12.910198211669924 6.6043479442596444 26.500000000000004 4.8162329196929941
decision_type=2 2 2 2 2 2 2 2 2 2 2 2 2 2
left_child=1 2 8 -4 6 -6 -3 9 -1 11 -11 -2 13 -9
right_child=7 4 3 -5 5 -7 -8 12 -10 10 -12 -13 -14 -15
leaf_value=5.1314547399297139e-05 0.00018309130826059129 0.0028893426355700788 -0.00013832265591975178 -0.0098294790402212676 9.982703365001766e-05 -0.0033329354841227163 0.00079346730357321752 -8.8000756319205622e-06 -0.0023199244371789546 -0.0002560100045353507 -0.004015663451004188 0.0012193572949738504 -0.0018933481049957107 0.00018605751705476475
leaf_weight=77841 10694 127 151 46 309 61 909 830008 68 767 46 492 53 5097
leaf_count=77841 10694 127 151 46 309 61 909 830008 68 767 46 492 53 5097
internal_value=4.69665e-13 5.38198e-05 4.30643e-05 -0.00240123 0.000651313 -0.000466115 0.00105039 -5.05139e-06 4.92449e-05 0.000181417 -0.000468733 0.00022867 -7.73045e-06 -7.61078e-06
internal_weight=926669 79512 78106 197 1406 370 1036 847157 77909 11999 813 11186 835158 835105
internal_count=926669 79512 78106 197 1406 370 1036 847157 77909 11999 813 11186 835158 835105
is_linear=0
shrinkage=0.0145901


Tree=114
num_leaves=13
num_cat=0
split_feature=11 4 15 13 7 8 11 22 17 22 20 22
split_gain=1.16827 4.00889 2.34556 5.58238 2.27028 2.16081 1.50839 4.97925 1.31976 2.27028 1.33688 1.16123
threshold=4.6670882701873788 1.7005987167358401 9.6953320503234881 4.9947521686553964 16.071428298950199 5.8403508663177499 5.7622649669647226 0.95593097805976879 9.2437348365783709 0.96391448378562938 0.74714750051498424 0.99058702588081371
decision_type=2 2 2 2 2 2 2 2 2 2 2 2
left_child=5 6 3 -3 -4 8 11 -8 10 -10 -1 -2
right_child=1 2 4 -5 -6 -7 7 -9 9 -11 -12 -13
leaf_value=-9.0166411447077947e-06 -7.0775129201495882e-05 0.00050615405128481611 0.00015341665718199331 0.0038193242321902599 0.0018195749854550598 -0.003006450942117682 5.3888113711220246e-05 -0.0020211929660708212 -5.5991387606081962e-05 -0.00048186426096892847 3.7068177079617406e-05 0.0003601377244168631
leaf_weight=698568 16379 2148 16004 114 176 51 808 354 21783 3036 165799 1449
leaf_count=698568 16379 2148 16004 114 176 51 808 354 21783 3036 165799 1449
internal_value=7.34742e-13 7.98461e-05 0.000233063 0.000673131 0.000171541 -3.36108e-06 -6.89493e-05 -0.000578279 -3.18884e-06 -0.000108087 -1.76858e-07 -3.5752e-05
internal_weight=926669 37432 18442 2262 16180 889237 18990 1162 889186 24819 864367 17828
internal_count=926669 37432 18442 2262 16180 889237 18990 1162 889186 24819 864367 17828
is_linear=0
shrinkage=0.0145901


Tree=115
num_leaves=14
num_cat=0
split_feature=28 22 22 1 21 11 1 9 21 13 7 7 4
split_gain=1.14611 2.32272 5.38918 15.1094 2.91318 2.53634 1.92267 1.74343 1.69633 14.586 1.83973 0.865922 0.869513
threshold=-0.022426406852900978 0.99490398168563854 0.99449148774147045 126.50000000000001 12.724959373474123 3.713953018188477 3.5000000000000004 3.6021869182586674 11.978726863861086 4.1305117607116708 3.2247475385665898 26.500000000000004 4.8162329196929941
decision_type=2 2 2 2 2 2 2 2 2 2 2 2 2
left_child=1 2 7 -4 5 -3 8 -1 10 -10 -2 12 -8
right_child=6 4 3 -5 -6 -7 11 -9 9 -11 -12 -13 -14
leaf_value=6.0931864490631394e-05 0.00015109264793809 0.0024699430179181744 -0.00013755545176954414 -0.0096885148525824218 -0.0019294802321970562 0.00056518684643938047 -8.6538888792167712e-06 -0.00033399360594659253 -1.8070791940709315e-05 -0.0082044479475248382 0.0006514063920879733 -0.0018724612952007353 0.0001824931704208142
leaf_weight=75452 8712 171 151 46 88 1147 830008 2457 1332 48 1907 53 5097
leaf_count=75452 8712 171 151 46 88 1147 830008 2457 1332 48 1907 53 5097
internal_value=-9.88349e-13 5.29631e-05 4.2383e-05 -0.00236773 0.000640708 0.000812314 -4.97098e-06 4.84772e-05 0.000178404 -0.000302814 0.000240941 -7.60559e-06 -7.48724e-06
internal_weight=926669 79512 78106 197 1406 1318 847157 77909 11999 1380 10619 835158 835105
internal_count=926669 79512 78106 197 1406 1318 847157 77909 11999 1380 10619 835158 835105
is_linear=0
shrinkage=0.0145901


Tree=116
num_leaves=12
num_cat=0
split_feature=11 4 21 15 8 22 11 7 17 22 13
split_gain=1.13204 3.88169 2.30897 5.65948 2.09738 1.47259 1.61182 1.37007 1.283 2.20869 1.31208
threshold=4.6670882701873788 1.7005987167358401 10.064853191375734 9.6953320503234881 5.8403508663177499 0.99845400452613842 5.7622649669647226 16.071428298950199 9.2437348365783709 0.96391448378562938 3.2795954942703252
decision_type=2 2 2 2 2 2 2 2 2 2 2
left_child=4 5 7 -4 8 6 -2 -3 10 -10 -1
right_child=1 2 3 -5 -6 -7 -8 -9 9 -11 -12
leaf_value=-3.1261704361271538e-06 -3.993880357242313e-05 2.4518702720701976e-05 0.0016021368944478655 0.00027754084211286604 -0.002961993245564737 0.0025115365282325319 -0.00060261953818323353 0.002523057747890866 -5.5181818494400727e-05 -0.00047523755230046187 0.00010910563083018956
leaf_weight=841593 17789 7792 738 9865 51 47 1154 47 21783 3036 22774
leaf_count=841593 17789 7792 738 9865 51 47 1154 47 21783 3036 22774
internal_value=-1.25351e-12 7.85985e-05 0.000229365 0.000369737 -3.30857e-06 -6.78174e-05 -7.42171e-05 3.94991e-05 -3.13887e-06 -0.000106565 -1.69131e-07
internal_weight=926669 37432 18442 10603 889237 18990 18943 7839 889186 24819 864367
internal_count=926669 37432 18442 10603 889237 18990 18943 7839 889186 24819 864367
is_linear=0
shrinkage=0.0145901


Tree=117
num_leaves=15
num_cat=0
split_feature=27 14 14 21 22 20 18 1 29 1 1 14 21 29
split_gain=1.13215 7.1885 11.3665 9.77808 4.29474 16.5277 5.44997 3.28046 4.03019 3.55533 2.17827 2.28021 1.54954 1.42939
threshold=1.0000000180025095e-35 3.1702899932861333 3.4045455455780034 9.5201935768127459 1.0000000180025095e-35 0.76004502177238475 1.7005987167358401 1.5000000000000002 -0.15134296566247937 1.0000000180025095e-35 6.5000000000000009 1.8603895306587221 8.2939243316650408 -0.034227009862661355
decision_type=2 2 2 2 2 2 2 2 2 2 2 2 2 2
left_child=1 4 -3 -4 6 -6 -1 8 9 -2 11 -9 -12 -10
right_child=7 2 3 -5 5 -7 -8 10 13 -11 12 -13 -14 -15
leaf_value=0.00082667958827444422 -0.00032282886610080728 -0.0077833324158197385 -0.003765971577261956 0.00069595974835354884 -0.0014011815439751716 0.00045608705879621636 -0.00041934592951942134 -8.3548932697027844e-06 0.0017118315493941081 -0.0012632497523187274 -1.4456831997964788e-05 0.00026677068225629014 3.0103494920230618e-05 0.00014990196255138785
leaf_weight=3614 3303 55 156 317 1397 3779 942 12477 136 1155 662982 13193 221659 1504
leaf_count=3614 3303 55 156 317 1397 3779 942 12477 136 1155 662982 13193 221659 1504
internal_value=1.79401e-13 0.000152412 -0.0015056 -0.000775629 0.000242365 -4.51889e-05 0.000569051 -1.70638e-06 -0.000338979 -0.000566478 5.52946e-07 0.000133045 -3.29163e-06 0.000279428
internal_weight=926669 10260 528 473 9732 5176 4556 916409 6098 4458 910311 25670 884641 1640
internal_count=926669 10260 528 473 9732 5176 4556 916409 6098 4458 910311 25670 884641 1640
is_linear=0
shrinkage=0.0145901


Tree=118
num_leaves=15
num_cat=0
split_feature=29 13 15 8 16 22 3 1 21 13 7 11 9 13
split_gain=1.11539 3.38726 6.22069 2.73621 6.80047 2.81398 2.70195 1.82503 1.74891 14.9055 1.76292 1.18564 2.14227 1.48793
threshold=-0.0375798363238573 5.2135236263275155 10.011192798614504 6.107393980026246 9.2437753677368182 0.99845400452613842 37.547010421752937 3.5000000000000004 11.978726863861086 4.0988705158233651 3.2247475385665898 5.9853553771972665 4.3950660228729257 4.8638560771942148
decision_type=2 2 2 2 2 2 2 2 2 2 2 2 2 2
left_child=1 3 -3 5 -5 -1 -4 8 10 -10 -2 13 -13 -9
right_child=7 2 6 4 -6 -7 -8 11 9 -11 -12 12 -14 -15
leaf_value=4.7593637598398547e-05 0.00014917800192149465 0.0062677339801405557 -0.0012502496840389721 -0.0065425387394538728 -0.000346058618569788 0.0033192296645295082 0.0024569194421368078 -7.9087509258795626e-06 -2.9116109824809735e-05 -0.008392184443696141 0.00064007079760811699 -0.0008619902718835056 0.00065288862457543663 0.00045939375037957461
leaf_weight=86059 8655 52 89 46 209 56 79 825644 1305 47 1899 813 263 1453
leaf_count=86059 8655 52 89 46 209 56 79 825644 1305 47 1899 813 263 1453
internal_value=1.22163e-13 4.9858e-05 0.00185794 4.52525e-05 -0.00146386 4.97212e-05 0.000493002 -5.13904e-06 0.000174215 -0.000319844 0.000237505 -7.71747e-06 -0.000491718 -7.08782e-06
internal_weight=926669 86590 220 86370 255 86115 168 840079 11906 1352 10554 828173 1076 827097
internal_count=926669 86590 220 86370 255 86115 168 840079 11906 1352 10554 828173 1076 827097
is_linear=0
shrinkage=0.0145901


Tree=119
num_leaves=11
num_cat=0
split_feature=18 22 22 9 7 7 1 5 16 9
split_gain=1.0887 2.73454 5.47029 2.10941 2.94875 2.75774 1.88035 1.81449 1.68013 1.0521
threshold=5.1269311904907235 0.99873849749565136 0.99823999404907238 2.2773199081420903 18.527777671813968 1.7549999952316286 7.5000000000000009 1.0000000180025095e-35 9.1338129043579119 3.5127768516540532
decision_type=2 2 2 2 2 2 2 2 2 2
left_child=1 2 9 4 5 -2 8 -8 -5 -1
right_child=3 -3 -4 6 -6 -7 7 -9 -10 -11
leaf_value=5.5333344963522067e-07 -0.0029653228339727115 0.0033118526791439348 -0.0046034854518795815 0.0011498563824576906 -0.0038536290911385172 -8.2339625392741011e-05 0.0010102351374964109 9.5181942214411753e-05 0.00025142279763624693 -9.7068413328053803e-05
leaf_weight=886046 72 53 55 790 46 3710 483 10264 1009 24141
leaf_count=886046 72 53 55 790 46 3710 483 10264 1009 24141
internal_value=-2.21746e-13 -2.12098e-06 -2.31394e-06 0.000117913 -0.000181884 -0.000137225 0.000209387 0.000136307 0.000645954 -2.0359e-06
internal_weight=926669 910295 910242 16374 3828 3782 12546 10747 1799 910187
internal_count=926669 910295 910242 16374 3828 3782 12546 10747 1799 910187
is_linear=0
shrinkage=0.0145901


Tree=120
num_leaves=13
num_cat=0
split_feature=27 5 10 5 18 1 29 1 1 14 21 29
split_gain=1.08835 7.031 25.8783 9.38819 5.01219 3.20958 3.90122 3.45455 2.06818 2.19533 1.49925 1.3936
threshold=1.0000000180025095e-35 1.9111495018005373 3.356121420860291 1.8027604818344118 1.2424533367156985 1.5000000000000002 -0.15134296566247937 1.0000000180025095e-35 6.5000000000000009 1.8603895306587221 8.2939243316650408 -0.034227009862661355
decision_type=2 2 2 2 2 2 2 2 2 2 2 2
left_child=1 3 -3 4 -1 6 7 -2 9 -7 -10 -8
right_child=5 2 -4 -5 -6 8 11 -9 10 -11 -12 -13
leaf_value=0.0003546546076319114 -0.00031894038454949433 -0.011905542012842401 0.0022636254136925416 0.006147263838262999 -0.00037774381367682437 -9.0810116668710384e-06 0.0016875059479201321 -0.0012459371146231334 -1.416695358588078e-05 0.00026087541250813029 2.966432598660739e-05 0.00014525551218835776
leaf_weight=7365 3303 46 68 56 2725 12477 136 1155 662982 13193 221659 1504
leaf_count=7365 3303 46 68 56 2725 12477 136 1155 662982 13193 221659 1504
internal_value=4.87075e-13 0.000149434 -0.00345376 0.00018992 0.000156856 -1.67305e-06 -0.000335282 -0.000559111 5.61737e-07 0.000129662 -3.18442e-06 0.000273149
internal_weight=926669 10260 114 10146 10090 916409 6098 4458 910311 25670 884641 1640
internal_count=926669 10260 114 10146 10090 916409 6098 4458 910311 25670 884641 1640
is_linear=0
shrinkage=0.0145901


Tree=121
num_leaves=12
num_cat=0
split_feature=28 7 22 22 4 1 23 15 7 7 4
split_gain=1.08795 2.23902 2.02581 7.35801 3.56531 1.728 1.68873 2.78215 2.25485 0.829328 0.821685
threshold=-0.022426406852900978 16.071428298950199 0.99490398168563854 0.99449148774147045 4.2413008213043222 3.5000000000000004 0.64264348149299633 12.910198211669924 6.6043479442596444 26.500000000000004 4.8162329196929941
decision_type=2 2 2 2 2 2 2 2 2 2 2
left_child=1 2 3 -1 -4 6 8 -8 -2 10 -7
right_child=5 -3 4 -5 -6 9 7 -9 -10 -11 -12
leaf_value=4.6760010494142643e-05 0.00017123185139094986 0.0028457884815551822 0.0010425820367203069 -0.0027909197180784489 -0.00065306474926907915 -8.3591832115084702e-06 -0.00026401357274330266 -0.0039581788144260575 0.0011814173094556279 -0.001832366234372177 0.00017745645212387248
leaf_weight=77879 10694 61 1021 195 356 830008 767 46 492 53 5097
leaf_count=77879 10694 61 1021 195 356 830008 767 46 492 53 5097
internal_value=-9.6617e-13 5.16019e-05 4.94566e-05 3.96725e-05 0.000604201 -4.84323e-06 0.000169 -0.000473032 0.000215663 -7.3409e-06 -7.22507e-06
internal_weight=926669 79512 79451 78074 1377 847157 11999 813 11186 835158 835105
internal_count=926669 79512 79451 78074 1377 847157 11999 813 11186 835158 835105
is_linear=0
shrinkage=0.0145901


Tree=122
num_leaves=12
num_cat=0
split_feature=11 4 15 21 4 8 11 23 13 13 1
split_gain=1.06233 3.7287 2.23962 5.36122 2.20968 2.03395 1.41726 4.87344 1.2844 2.13724 1.12636
threshold=4.6670882701873788 1.7005987167358401 9.6953320503234881 10.431543827056887 4.6959142684936532 5.8403508663177499 5.7622649669647226 0.51805400848388683 4.9947521686553964 4.8638560771942148 2.5000000000000004
decision_type=2 2 2 2 2 2 2 2 2 2 2
left_child=5 6 3 -3 -4 8 10 -8 9 -1 -2
right_child=1 2 4 -5 -6 -7 7 -9 -10 -11 -12
leaf_value=-3.0542383121717728e-06 -0.00048633245264080176 0.00032420270929002412 9.4768930202273347e-05 0.0021841059784578221 0.00058499408865377803 -0.0029168081747806165 -5.6291388674064823e-05 -0.0023297361900161458 -0.0020538903212167382 0.0030757022946315523 -5.3721163571532585e-06
leaf_weight=889073 1105 1861 13902 401 2278 51 904 258 65 48 16723
leaf_count=889073 1105 1861 13902 401 2278 51 904 258 65 48 16723
internal_value=1.40302e-13 7.61399e-05 0.000223905 0.00065392 0.000163788 -3.20507e-06 -6.73615e-05 -0.000561067 -3.03796e-06 -2.88803e-06 -3.51826e-05
internal_weight=926669 37432 18442 2262 16180 889237 18990 1162 889186 889121 17828
internal_count=926669 37432 18442 2262 16180 889237 18990 1162 889186 889121 17828
is_linear=0
shrinkage=0.0145901


Tree=123
num_leaves=15
num_cat=0
split_feature=29 13 15 8 16 22 3 1 21 13 7 11 9 13
split_gain=1.0579 3.27555 6.04851 2.66998 6.59627 2.7085 2.6059 1.68281 1.69775 14.4843 1.67394 1.15331 2.09029 1.43113
threshold=-0.0375798363238573 5.2135236263275155 10.011192798614504 6.107393980026246 9.2437753677368182 0.99845400452613842 37.547010421752937 3.5000000000000004 11.978726863861086 4.0988705158233651 3.2247475385665898 5.9853553771972665 4.3950660228729257 4.8638560771942148
decision_type=2 2 2 2 2 2 2 2 2 2 2 2 2 2
left_child=1 3 -3 5 -5 -1 -4 8 10 -10 -2 13 -13 -9
right_child=7 2 6 4 -6 -7 -8 11 9 -11 -12 12 -14 -15
leaf_value=4.6354118301859279e-05 0.00014350732235445335 0.0061749114800140007 -0.0012313257610289357 -0.006448558976304395 -0.00034581883979037262 0.0032560906435393317 0.0024093526549889351 -7.6648727072657349e-06 -3.2969937692217217e-05 -0.0082770165069800637 0.00062185090598726824 -0.00085058883318162471 0.00064579756944050466 0.00045063179130240598
leaf_weight=86059 8655 52 89 46 209 56 79 825644 1305 47 1899 813 263 1453
leaf_count=86059 8655 52 89 46 209 56 79 825644 1305 47 1899 813 263 1453
internal_value=-4.01344e-13 4.8556e-05 0.00182657 4.40271e-05 -0.00144671 4.84414e-05 0.00048066 -5.00485e-06 0.000167219 -0.00031956 0.000229577 -7.48077e-06 -0.000484836 -6.85976e-06
internal_weight=926669 86590 220 86370 255 86115 168 840079 11906 1352 10554 828173 1076 827097
internal_count=926669 86590 220 86370 255 86115 168 840079 11906 1352 10554 828173 1076 827097
is_linear=0
shrinkage=0.0145901


Tree=124
num_leaves=15
num_cat=0
split_feature=27 14 11 21 22 20 16 1 29 1 1 14 21 29
split_gain=1.04 6.93235 10.7799 5.99033 4.6044 16.4929 4.54609 3.15195 3.765 3.35596 1.93999 2.11726 1.43984 1.35882
threshold=1.0000000180025095e-35 2.7350875139236455 2.7285722494125371 10.396821498870851 1.0000000180025095e-35 0.76004502177238475 4.7769086360931405 1.5000000000000002 -0.15134296566247937 1.0000000180025095e-35 6.5000000000000009 1.8603895306587221 8.2939243316650408 -0.034227009862661355
decision_type=2 2 2 2 2 2 2 2 2 2 2 2 2 2
left_child=1 4 -3 -4 6 -6 -1 8 9 -2 11 -9 -12 -10
right_child=7 2 3 -5 5 -7 -8 10 13 -11 12 -13 -14 -15
leaf_value=0.00081035110813349636 -0.00031540378343815757 -0.0061402409568791028 -0.0019309905237112717 0.00063656100302505211 -0.0013878908751921895 0.00047881585846815621 -0.00047060765924918096 -1.063936863968429e-05 0.0016620748249120965 -0.0012290765103173784 -1.3811771068140568e-05 0.00025447368783011059 2.9142295368034159e-05 0.00013919148443194201
leaf_weight=3689 3303 82 367 409 1397 3614 702 12477 136 1155 662982 13193 221659 1504
leaf_count=3689 3303 82 367 409 1397 3614 702 12477 136 1155 662982 13193 221659 1504
internal_value=3.2041e-13 0.000146078 -0.00110935 -0.000577732 0.000260644 -4.15971e-05 0.000605561 -1.63547e-06 -0.000332236 -0.000552122 5.79165e-07 0.000125614 -3.04904e-06 0.000265479
internal_weight=926669 10260 858 776 9402 5011 4391 916409 6098 4458 910311 25670 884641 1640
internal_count=926669 10260 858 776 9402 5011 4391 916409 6098 4458 910311 25670 884641 1640
is_linear=0
shrinkage=0.0145901


Tree=125
num_leaves=12
num_cat=0
split_feature=28 7 22 22 21 1 23 15 7 7 4
split_gain=1.03357 2.17625 1.95197 7.13748 3.52881 1.59792 1.64202 2.69381 2.17558 0.801281 0.770156
threshold=-0.022426406852900978 16.071428298950199 0.99490398168563854 0.99449148774147045 12.724959373474123 3.5000000000000004 0.64264348149299633 12.910198211669924 6.6043479442596444 26.500000000000004 4.8162329196929941
decision_type=2 2 2 2 2 2 2 2 2 2 2
left_child=1 2 3 -1 -4 6 8 -8 -2 10 -7
right_child=5 -3 4 -5 -6 9 7 -9 -10 -11 -12
leaf_value=4.555700958284134e-05 0.00016482147085481721 0.0028050334615935708 0.00078335114681769673 -0.0027492747845749934 -0.0022689404880026878 -8.1065741077178475e-06 -0.00026496712427271317 -0.003900012081611602 0.0011570916355407533 -0.0018010221240237208 0.00017178836786111185
leaf_weight=77879 10694 61 1291 195 86 830008 767 46 492 53 5097
leaf_count=77879 10694 61 1291 195 86 830008 767 46 492 53 5097
internal_value=-4.46337e-13 5.02957e-05 4.81807e-05 3.85766e-05 0.000592721 -4.72063e-06 0.000162452 -0.00047064 0.000208465 -7.12245e-06 -7.0086e-06
internal_weight=926669 79512 79451 78074 1377 847157 11999 813 11186 835158 835105
internal_count=926669 79512 79451 78074 1377 847157 11999 813 11186 835158 835105
is_linear=0
shrinkage=0.0145901


Tree=126
num_leaves=12
num_cat=0
split_feature=11 4 15 13 7 8 22 11 17 22 13
split_gain=1.00779 3.60121 2.17059 5.30009 2.16969 1.97711 1.40507 1.52022 1.26622 2.17761 1.26948
threshold=4.6670882701873788 1.7005987167358401 9.6953320503234881 4.9947521686553964 16.071428298950199 5.8403508663177499 0.99845400452613842 5.7622649669647226 9.2437348365783709 0.96391448378562938 3.8735961914062504
decision_type=2 2 2 2 2 2 2 2 2 2 2
left_child=5 6 3 -3 -4 8 7 -2 10 -10 -1
right_child=1 2 4 -5 -6 -7 -8 -9 9 -11 -12
leaf_value=-1.259999537913176e-06 -3.9828527136683871e-05 0.00048001282445013797 0.00014247607998810343 0.003708328450374707 0.0017713021406368982 -0.002875723683025131 0.0024526608747466889 -0.00058628689791212561 -5.4683800807507808e-05 -0.0004717744030105834 0.00024944686728829582
leaf_weight=860046 17789 2148 16004 114 176 51 47 1154 21783 3036 4321
leaf_count=860046 17789 2148 16004 114 176 51 47 1154 21783 3036 4321
internal_value=-2.31544e-13 7.41596e-05 0.000219377 0.000642713 0.000160194 -3.12171e-06 -6.68673e-05 -7.31186e-05 -2.95695e-06 -0.000105705 -6.70739e-09
internal_weight=926669 37432 18442 2262 16180 889237 18990 18943 889186 24819 864367
internal_count=926669 37432 18442 2262 16180 889237 18990 18943 889186 24819 864367
is_linear=0
shrinkage=0.0145901


Tree=127
num_leaves=15
num_cat=0
split_feature=29 13 15 8 16 22 3 1 21 13 7 11 9 13
split_gain=1.00356 3.15256 5.8427 2.61148 6.39762 2.60615 2.51549 1.55305 1.64665 14.0749 1.59427 1.12143 2.0369 1.3699
threshold=-0.0375798363238573 5.2135236263275155 10.011192798614504 6.107393980026246 9.2437753677368182 0.99845400452613842 37.547010421752937 3.5000000000000004 11.978726863861086 4.0988705158233651 3.2247475385665898 5.9853553771972665 4.3950660228729257 4.8638560771942148
decision_type=2 2 2 2 2 2 2 2 2 2 2 2 2 2
left_child=1 3 -3 5 -5 -1 -4 8 10 -10 -2 13 -13 -9
right_child=7 2 6 4 -6 -7 -8 11 9 -11 -12 12 -14 -15
leaf_value=4.5167616322867419e-05 0.00013799187491029947 0.0060653279377042594 -0.0012132352069172206 -0.0063574182108634318 -0.0003472775668072724 0.0031936725567900657 0.0023637314255879963 -7.4284940976695332e-06 -3.6310210121987514e-05 -0.0081630245163854236 0.00060481375909841244 -0.00083901582458496132 0.00063813494784804761 0.00044095658778808795
leaf_weight=86059 8655 52 89 46 209 56 79 825644 1305 47 1899 813 263 1453
leaf_count=86059 8655 52 89 46 209 56 79 825644 1305 47 1899 813 263 1453
internal_value=-8.5717e-13 4.72925e-05 0.00179161 4.28494e-05 -0.00143146 4.72151e-05 0.000468791 -4.87461e-06 0.000160576 -0.000318822 0.000221988 -7.25316e-06 -0.000477965 -6.6408e-06
internal_weight=926669 86590 220 86370 255 86115 168 840079 11906 1352 10554 828173 1076 827097
internal_count=926669 86590 220 86370 255 86115 168 840079 11906 1352 10554 828173 1076 827097
is_linear=0
shrinkage=0.0145901


Tree=128
num_leaves=13
num_cat=0
split_feature=27 5 18 5 18 1 23 29 14 1 14 21
split_gain=0.991593 6.81235 25.5729 9.13453 4.84212 3.1031 3.64782 3.18886 3.08773 1.82027 2.03978 1.38841
threshold=1.0000000180025095e-35 1.9111495018005373 4.1510088443756112 1.8027604818344118 1.2424533367156985 1.5000000000000002 0.076619498431682601 -0.15134296566247937 1.3257575035095217 6.5000000000000009 1.8603895306587221 8.2939243316650408
decision_type=2 2 2 2 2 2 2 2 2 2 2 2
left_child=1 3 -3 4 -1 6 8 -8 -2 10 -7 -11
right_child=5 2 -4 -5 -6 9 7 -9 -10 11 -12 -13
leaf_value=0.00034428780373024716 -0.0058710404825332114 -0.011654648532582006 0.0023836215839676705 0.0060587982876659768 -0.00037557750724301597 -1.2021090205542562e-05 -0.00048914208112112861 0.00026692383862044183 -0.00072703838483437547 -1.3482778180237267e-05 0.0002481955191455532 2.8697161338847904e-05
leaf_weight=7365 46 47 67 56 2725 12477 4367 1631 54 662982 13193 221659
leaf_count=7365 46 47 67 56 2725 12477 4367 1631 54 662982 13193 221659
internal_value=4.28747e-13 0.000142637 -0.00340409 0.000182488 0.000149874 -1.59695e-06 -0.000329626 -0.00028355 -0.00309328 6.00455e-07 0.000121716 -2.91401e-06
internal_weight=926669 10260 114 10146 10090 916409 6098 5998 100 910311 25670 884641
internal_count=926669 10260 114 10146 10090 916409 6098 5998 100 910311 25670 884641
is_linear=0
shrinkage=0.0145901


Tree=129
num_leaves=12
num_cat=0
split_feature=28 7 22 22 4 1 23 10 7 7 17
split_gain=0.982082 2.10205 1.88029 6.92433 3.49116 1.47109 1.59639 2.65643 2.09398 0.782001 0.738478
threshold=-0.022426406852900978 16.071428298950199 0.99490398168563854 0.99449148774147045 4.2413008213043222 3.5000000000000004 0.64264348149299633 1.3520754575729372 6.6043479442596444 26.500000000000004 3.690364003181458
decision_type=2 2 2 2 2 2 2 2 2 2 2
left_child=1 2 3 -1 -4 6 8 -8 -2 10 -7
right_child=5 -3 4 -5 -6 9 7 -9 -10 -11 -12
leaf_value=4.4397599831104961e-05 0.00015835124040999618 0.0027563930274240086 0.0010151956507401614 -0.0027083857739148452 -0.00066272642801209916 -1.5559367611266932e-05 -0.0026827546498550551 -0.00015432279391282467 0.0011318356178476011 -0.0017790927818042031 1.468081960325788e-05
leaf_weight=77879 10694 61 1021 195 356 593032 101 712 492 53 242073
leaf_count=77879 10694 61 1021 195 356 593032 101 712 492 53 242073
internal_value=5.41754e-14 4.90269e-05 4.69483e-05 3.75222e-05 0.000581397 -4.60154e-06 0.000155799 -0.000468433 0.000201169 -6.90608e-06 -6.7936e-06
internal_weight=926669 79512 79451 78074 1377 847157 11999 813 11186 835158 835105
internal_count=926669 79512 79451 78074 1377 847157 11999 813 11186 835158 835105
is_linear=0
shrinkage=0.0145901


Tree=130
num_leaves=15
num_cat=0
split_feature=11 8 11 4 21 15 1 21 0 16 13 13 21 4
split_gain=0.95402 3.05006 4.66241 2.62652 2.31366 4.63235 1.68382 1.2878 5.93722 1.19001 2.47597 1.40079 1.17858 0.86471
threshold=4.5911979675292978 5.6190409660339364 4.5336318016052255 1.4978661537170412 10.043381214141847 9.6953320503234881 1.5000000000000002 10.40813732147217 1.5000000000000002 9.555368900299074 4.4661052227020273 3.8735961914062504 10.085987091064455 2.6020033359527592
decision_type=2 2 2 2 2 2 2 2 2 2 2 2 2 2
left_child=1 9 13 7 6 -6 -5 12 -9 11 -11 -1 -2 -3
right_child=3 2 -4 4 5 -7 -8 8 -10 10 -12 -13 -14 -15
leaf_value=-1.7425673881343561e-06 1.2064220791320242e-06 -0.0015866781220531462 -0.0054110133549722141 -0.0027795749204506865 0.0013010221076518789 0.00022781919403836169 1.8608124388447715e-05 -0.0027448640670985525 -0.0001345239563724177 -0.00014043401914241253 0.0015045152107326302 0.00027288098470409087 0.00055068971699371813 0.0010643908564975395
leaf_weight=862233 11608 50 56 46 923 11822 9497 190 7802 17323 197 3972 895 55
leaf_count=862233 11608 50 56 46 923 11822 9497 190 7802 17323 197 3972 895 55
internal_value=1.97056e-13 -3.25695e-06 -0.00201124 6.72878e-05 0.000176911 0.000305541 5.12008e-06 -5.19253e-05 -0.000196582 -2.89113e-06 -0.000121938 -4.83276e-07 4.054e-05 -0.000198023
internal_weight=926669 883886 161 42783 22288 12745 9543 20495 7992 883725 17520 866205 12503 105
internal_count=926669 883886 161 42783 22288 12745 9543 20495 7992 883725 17520 866205 12503 105
is_linear=0
shrinkage=0.0145901


Tree=131
num_leaves=15
num_cat=0
split_feature=27 14 14 21 22 20 18 1 23 29 14 1 21 29
split_gain=0.954587 6.7507 10.9442 9.35598 4.05165 15.7185 5.04369 3.03192 3.54226 3.08763 2.9999 1.72934 1.99618 1.33428
threshold=1.0000000180025095e-35 3.1702899932861333 3.4045455455780034 9.5201935768127459 1.0000000180025095e-35 0.76004502177238475 1.7005987167358401 1.5000000000000002 0.076619498431682601 -0.15134296566247937 1.3257575035095217 6.5000000000000009 12.264960765838625 -0.041332654654979699
decision_type=2 2 2 2 2 2 2 2 2 2 2 2 2 2
left_child=1 4 -3 -4 6 -6 -1 8 10 -10 -2 12 -9 -13
right_child=7 2 3 -5 5 -7 -8 11 9 -11 -12 13 -14 -15
leaf_value=0.00079226742293867002 -0.005787158035869871 -0.0076267960640158906 -0.0036755832282555968 0.00068897879231377126 -0.0013745546399540733 0.00043667375818387869 -0.00040641526384909256 0.00015464861241162018 -0.00048271003210385757 0.0002612594097066014 -0.00071683772220251991 6.2178364541028562e-05 -0.00034127139791160442 -7.7599460941455208e-06
leaf_weight=3614 46 55 156 317 1397 3779 942 23807 4367 1631 54 62480 1863 822161
leaf_count=3614 46 55 156 317 1397 3779 942 23807 4367 1631 54 62480 1863 822161
internal_value=1.13927e-12 0.00013995 -0.00146678 -0.000750496 0.000227122 -5.21759e-05 0.000544427 -1.56686e-06 -0.000325812 -0.000280407 -0.00304919 6.05189e-07 0.000118657 -2.82038e-06
internal_weight=926669 10260 528 473 9732 5176 4556 916409 6098 5998 100 910311 25670 884641
internal_count=926669 10260 528 473 9732 5176 4556 916409 6098 5998 100 910311 25670 884641
is_linear=0
shrinkage=0.0145901


Tree=132
num_leaves=12
num_cat=0
split_feature=28 7 22 22 21 1 23 15 7 7 5
split_gain=0.933951 2.03916 1.81964 6.72508 3.41901 1.39003 1.55048 2.60888 2.03426 0.757386 0.739298
threshold=-0.022426406852900978 16.071428298950199 0.99490398168563854 0.99449148774147045 12.724959373474123 3.5000000000000004 0.64264348149299633 12.910198211669924 6.6043479442596444 26.500000000000004 2.2161639928817753
decision_type=2 2 2 2 2 2 2 2 2 2 2
left_child=1 2 3 -1 -4 6 8 -8 -2 10 -7
right_child=5 -3 4 -5 -6 9 7 -9 -10 -11 -12
leaf_value=4.3266058519529685e-05 0.00015394150005055388 0.0027143720572370277 0.00075916348190479177 -0.0026696221384018429 -0.0022452685953854414 -5.4118594536770707e-06 -0.00026135393432766437 -0.0038386375170744807 0.0011134428330870948 -0.0017507997135668301 -0.00016301082320367555
leaf_weight=77879 10694 61 1291 195 86 828720 767 46 492 53 6385
leaf_count=77879 10694 61 1291 195 86 828720 767 46 492 53 6385
internal_value=5.72438e-13 4.78105e-05 4.57631e-05 3.64903e-05 0.000571523 -4.48737e-06 0.000151432 -0.000463759 0.000196144 -6.72751e-06 -6.61682e-06
internal_weight=926669 79512 79451 78074 1377 847157 11999 813 11186 835158 835105
internal_count=926669 79512 79451 78074 1377 847157 11999 813 11186 835158 835105
is_linear=0
shrinkage=0.0145901


Tree=133
num_leaves=11
num_cat=0
split_feature=18 22 22 9 7 7 1 5 16 9
split_gain=0.929794 2.59329 5.36933 1.9921 2.81631 2.66744 1.70009 1.77388 1.65861 1.0495
threshold=5.1269311904907235 0.99873849749565136 0.99823999404907238 2.2773199081420903 18.527777671813968 1.7549999952316286 7.5000000000000009 1.0000000180025095e-35 9.1338129043579119 3.5127768516540532
decision_type=2 2 2 2 2 2 2 2 2 2
left_child=1 2 9 4 5 -2 8 -8 -5 -1
right_child=3 -3 -4 6 -6 -7 7 -9 -10 -11
leaf_value=7.1349340276234471e-07 -0.0029201362762917363 0.0032252893633522052 -0.0045606579193941919 0.0011136408000733836 -0.0037707139364838182 -8.4749596487967429e-05 0.00099246766314048103 8.7711533164020462e-05 0.00022098097040262689 -9.6787528270615857e-05
leaf_weight=886046 72 53 55 790 46 3710 483 10264 1009 24141
leaf_count=886046 72 53 55 790 46 3710 483 10264 1009 24141
internal_value=-1.73526e-13 -1.96009e-06 -2.148e-06 0.000108969 -0.000182373 -0.000138728 0.000197862 0.000128374 0.000612977 -1.87254e-06
internal_weight=926669 910295 910242 16374 3828 3782 12546 10747 1799 910187
internal_count=926669 910295 910242 16374 3828 3782 12546 10747 1799 910187
is_linear=0
shrinkage=0.0145901


Tree=134
num_leaves=9
num_cat=0
split_feature=3 7 7 22 1 23 14 1
split_gain=0.927081 1.12917 0.958801 1.00329 2.86794 1.64985 0.723957 0.449387
threshold=82.333332061767592 11.360389709472658 22.341666221618656 0.99588799476623546 1.0000000180025095e-35 0.73602500557899486 12.679487705230715 10.500000000000002
decision_type=2 2 2 2 2 2 2 2
left_child=2 -2 3 5 -5 -1 7 -3
right_child=1 6 -4 4 -6 -7 -8 -9
leaf_value=6.2094497295145648e-07 0.0029253251366035769 -0.001294624260438899 -0.0018445582587241537 0.0028047793636780671 0.00016112840370326027 -0.00020675893921863987 0.0017569434978943798 0.00038500348479859989
leaf_weight=913275 46 46 60 89 4720 8240 64 129
leaf_count=913275 46 46 60 89 4720 8240 64 129
internal_value=-1.42401e-13 0.000832007 -2.55965e-07 -1.36506e-07 0.000210054 -1.2334e-06 0.000429109 -5.64987e-05
internal_weight=926669 285 926384 926324 4809 921515 239 175
internal_count=926669 285 926384 926324 4809 921515 239 175
is_linear=0
shrinkage=0.0145901


Tree=135
num_leaves=14
num_cat=0
split_feature=22 23 4 1 7 21 1 22 18 2 18 23 7
split_gain=0.919932 3.1482 6.29235 3.95969 2.58766 2.07104 0.898897 9.5577 11.9188 5.62373 0.966845 1.69281 0.757
threshold=0.77267900109291088 0.41733001172542578 3.979637980461121 3.5000000000000004 21.07499980926514 12.493506431579592 3.5000000000000004 1.0000000180025095e-35 1.2424533367156985 1.0000000180025095e-35 2.8617925643920903 0.11731950193643571 17.82499980926514
decision_type=2 2 2 2 2 2 2 2 2 2 2 2 2
left_child=6 2 3 -2 5 -3 7 8 -1 -9 12 -12 -8
right_child=1 4 -4 -5 -6 -7 10 9 -10 -11 11 -13 -14
leaf_value=0.00062242349285076138 0.00073635655237528513 3.2359613906139831e-05 0.0056059371919410135 8.9599958266066657e-05 -0.0033045554204464067 -0.00027339424738358502 -1.0168043485695791e-05 -0.00097224097551043835 -0.00040144862453742405 -0.0056311651347781327 -0.00027255128390429531 4.3560911287323078e-05 0.0017173618208156057
leaf_weight=4287 2711 85539 47 7850 50 4991 689225 1702 5558 57 3717 120881 54
leaf_count=4287 2711 85539 47 7850 50 4991 689225 1702 5558 57 3717 120881 54
internal_value=5.99696e-13 4.15205e-05 0.000279327 0.000255622 1.36705e-05 1.55031e-05 -5.0896e-06 -0.000132597 4.43959e-05 -0.00112321 -3.27165e-06 3.41307e-05 -1.00327e-05
internal_weight=926669 101188 10608 10561 90580 90530 825481 11604 9845 1759 813877 124598 689279
internal_count=926669 101188 10608 10561 90580 90530 825481 11604 9845 1759 813877 124598 689279
is_linear=0
shrinkage=0.0145901


Tree=136
num_leaves=15
num_cat=0
split_feature=11 8 10 4 21 15 7 21 0 16 20 13 21 14
split_gain=0.905738 2.96013 4.57281 2.52418 2.22421 4.50971 1.66303 1.26221 5.76127 1.15645 2.45012 1.3546 1.14172 0.690915
threshold=4.5911979675292978 5.6190409660339364 3.283188104629517 1.4978661537170412 10.043381214141847 9.6953320503234881 16.771551132202152 10.40813732147217 1.5000000000000002 9.555368900299074 0.65588250756263744 3.8735961914062504 10.085987091064455 6.8964285850524911
decision_type=2 2 2 2 2 2 2 2 2 2 2 2 2 2
left_child=1 9 13 7 6 -6 -5 12 -9 11 -11 -1 -2 -3
right_child=3 2 -4 4 5 -7 -8 8 -10 10 -12 -13 -14 -15
leaf_value=-1.6777675639418462e-06 1.5241713783067179e-06 -0.0013423187932652073 -0.0054913538511624192 -8.958348559618688e-06 0.0012813631525518106 0.00022246216969429845 0.0027422943509314186 -0.0027047559003187836 -0.00013338518206738097 1.9117262447787369e-06 -0.00036401793174869725 0.00026837947405464093 0.00054234649505085619 0.00099804087436234593
leaf_weight=862233 11608 58 53 9496 923 11822 47 190 7802 11675 5845 3972 895 50
leaf_count=862233 11608 58 53 9496 923 11822 47 190 7802 11675 5845 3972 895 50
internal_value=3.26763e-13 -3.17347e-06 -0.00198133 6.5563e-05 0.000173029 0.000299148 4.59178e-06 -5.13043e-05 -0.000194516 -2.81308e-06 -0.000120169 -4.39415e-07 4.02378e-05 -0.000258819
internal_weight=926669 883886 161 42783 22288 12745 9543 20495 7992 883725 17520 866205 12503 108
internal_count=926669 883886 161 42783 22288 12745 9543 20495 7992 883725 17520 866205 12503 108
is_linear=0
shrinkage=0.0145901


Tree=137
num_leaves=13
num_cat=0
split_feature=27 5 10 5 18 1 23 29 14 1 14 21
split_gain=0.904336 6.58873 24.8525 8.88814 4.58932 2.95569 3.43625 2.9955 2.91924 1.62642 1.94688 1.30824
threshold=1.0000000180025095e-35 1.9111495018005373 3.356121420860291 1.8027604818344118 1.2424533367156985 1.5000000000000002 0.076619498431682601 -0.15134296566247937 1.3257575035095217 6.5000000000000009 1.8603895306587221 8.2939243316650408
decision_type=2 2 2 2 2 2 2 2 2 2 2 2
left_child=1 3 -3 4 -1 6 8 -8 -2 10 -7 -11
right_child=5 2 -4 -5 -6 9 7 -9 -10 11 -12 -13
leaf_value=0.0003325078103448611 -0.0057048936182680652 -0.011634395614960736 0.0022511165230970115 0.0059719252642005706 -0.00036831397183453233 -1.5551456302938906e-05 -0.00047620937597610697 0.00025657628785507973 -0.00070320488224675213 -1.2961664320070833e-05 0.00023867039160362972 2.798239924137826e-05
leaf_weight=7365 46 46 68 56 2725 12477 4367 1631 54 662982 13193 221659
leaf_count=7365 46 46 68 56 2725 12477 4367 1631 54 662982 13193 221659
internal_value=9.236e-13 0.000136217 -0.00335181 0.000175408 0.000143237 -1.52507e-06 -0.000321668 -0.000276947 -0.00300398 6.19506e-07 0.000115105 -2.70256e-06
internal_weight=926669 10260 114 10146 10090 916409 6098 5998 100 910311 25670 884641
internal_count=926669 10260 114 10146 10090 916409 6098 5998 100 910311 25670 884641
is_linear=0
shrinkage=0.0145901


Tree=138
num_leaves=15
num_cat=0
split_feature=29 13 15 8 16 22 3 1 21 13 7 11 3 8
split_gain=0.904013 3.02459 5.6792 2.56939 6.20572 2.48189 2.40931 1.30646 1.55678 13.7001 1.47548 1.11595 2.5499 1.44044
threshold=-0.0375798363238573 5.2135236263275155 10.011192798614504 6.107393980026246 9.2437753677368182 0.99845400452613842 37.547010421752937 3.5000000000000004 11.978726863861086 4.0988705158233651 3.2247475385665898 5.7622649669647226 4.4852941036224374 6.107393980026246
decision_type=2 2 2 2 2 2 2 2 2 2 2 2 2 2
left_child=1 3 -3 5 -5 -1 -4 8 10 -10 -2 13 -13 -9
right_child=7 2 6 4 -6 -7 -8 11 9 -11 -12 12 -14 -15
leaf_value=4.2866085184294202e-05 0.00012602795091305952 0.0059669290166333528 -0.001196887018112021 -0.0062733674712792545 -0.00035404830588591857 0.00311539679352839 0.0023037718641623281 -6.4979383494685619e-06 -4.0286364676430607e-05 -0.0080580571372091837 0.00057512145220663222 -0.0031873461159468595 -0.00025181668149833159 0.00067641403874022182
leaf_weight=86059 8655 52 89 46 209 56 79 825414 1305 47 1899 65 2036 658
leaf_count=86059 8655 52 89 46 209 56 79 825414 1305 47 1899 65 2036 658
internal_value=-1.03553e-12 4.48858e-05 0.00175343 4.05338e-05 -0.00142185 4.48641e-05 0.000449256 -4.62654e-06 0.000147121 -0.000319011 0.000206834 -6.8081e-06 -0.000342635 -5.95397e-06
internal_weight=926669 86590 220 86370 255 86115 168 840079 11906 1352 10554 828173 2101 826072
internal_count=926669 86590 220 86370 255 86115 168 840079 11906 1352 10554 828173 2101 826072
is_linear=0
shrinkage=0.0145901


Tree=139
num_leaves=9
num_cat=0
split_feature=3 7 7 22 1 23 14 1
split_gain=0.890109 1.10078 0.928426 0.951916 2.7908 1.60539 0.700728 0.425728
threshold=82.333332061767592 11.360389709472658 22.341666221618656 0.99588799476623546 1.0000000180025095e-35 0.73602500557899486 12.679487705230715 10.500000000000002
decision_type=2 2 2 2 2 2 2 2
left_child=2 -2 3 5 -5 -1 7 -3
right_child=1 6 -4 4 -6 -7 -8 -9
leaf_value=6.2749028861391672e-07 0.0028820851372187359 -0.0012654005373617266 -0.0018151039343010122 0.0027641974794334482 0.00015634160030386638 -0.00020393891012077315 0.0017238053463432942 0.00036941601190354159
leaf_weight=913275 46 46 60 89 4720 8240 64 129
leaf_count=913275 46 46 60 89 4720 8240 64 129
internal_value=-3.6389e-14 0.000815248 -2.50809e-07 -1.33257e-07 0.000204605 -1.2017e-06 0.000417447 -6.03072e-05
internal_weight=926669 285 926384 926324 4809 921515 239 175
internal_count=926669 285 926384 926324 4809 921515 239 175
is_linear=0
shrinkage=0.0145901


Tree=140
num_leaves=12
num_cat=0
split_feature=28 7 22 22 4 1 23 10 7 7 5
split_gain=0.878829 1.9986 1.6903 6.52242 3.38777 1.26714 1.5013 2.57547 1.94497 0.731047 0.739384
threshold=-0.022426406852900978 16.071428298950199 0.99490398168563854 0.99449148774147045 4.2413008213043222 3.5000000000000004 0.64264348149299633 1.3520754575729372 6.6043479442596444 26.500000000000004 1.7520315051078799
decision_type=2 2 2 2 2 2 2 2 2 2 2
left_child=1 2 3 -1 -4 6 8 -8 -2 10 -7
right_child=5 -3 4 -5 -6 9 7 -9 -10 -11 -12
leaf_value=4.2086955453451942e-05 0.00014724628459110049 0.0026862843471398118 0.00097840616737253491 -0.0026296122061062045 -0.00067448153592432314 -3.5013032975734805e-06 -0.0026411579529253566 -0.00015155523945375529 0.0010854544877984076 -0.0017199699370174114 -7.1785304508197145e-05
leaf_weight=77879 10694 61 1021 195 356 799862 101 712 492 53 35243
leaf_count=77879 10694 61 1021 195 356 799862 101 712 492 53 35243
internal_value=-2.28e-14 4.63781e-05 4.43513e-05 3.5414e-05 0.00055108 -4.35293e-06 0.000144515 -0.000460842 0.000188512 -6.49176e-06 -6.38302e-06
internal_weight=926669 79512 79451 78074 1377 847157 11999 813 11186 835158 835105
internal_count=926669 79512 79451 78074 1377 847157 11999 813 11186 835158 835105
is_linear=0
shrinkage=0.0145901


Tree=141
num_leaves=12
num_cat=0
split_feature=11 4 15 13 4 8 11 22 13 13 1
split_gain=0.866131 3.2932 2.04303 5.03546 2.10608 1.89647 1.32284 4.82493 1.26347 2.04281 1.1005
threshold=4.6670882701873788 1.7005987167358401 9.6953320503234881 4.9947521686553964 4.7229433059692392 5.8403508663177499 5.7622649669647226 0.95593097805976879 4.9947521686553964 4.8638560771942148 2.5000000000000004
decision_type=2 2 2 2 2 2 2 2 2 2 2
left_child=5 6 3 -3 -4 8 10 -8 9 -1 -2
right_child=1 2 4 -5 -6 -7 7 -9 -10 -11 -12
leaf_value=-2.7464350453270441e-06 -0.00048096331733771648 0.00045974060631097537 8.3976340809282498e-05 0.0036064288083825116 0.00056860318039818163 -0.0028163049239223999 7.9206371847612096e-05 -0.0019634664786125204 -0.0020368069655993912 0.0030072288811759337 -5.5558720786892046e-06
leaf_weight=889073 1105 2148 13969 114 2211 51 808 354 65 48 16723
leaf_count=889073 1105 2148 13969 114 2211 51 808 354 65 48 16723
internal_value=9.50813e-13 6.87502e-05 0.000207619 0.000618327 0.000150201 -2.89401e-06 -6.61108e-05 -0.000543088 -2.73264e-06 -2.58394e-06 -3.50222e-05
internal_weight=926669 37432 18442 2262 16180 889237 18990 1162 889186 889121 17828
internal_count=926669 37432 18442 2262 16180 889237 18990 1162 889186 889121 17828
is_linear=0
shrinkage=0.0145901


Tree=142
num_leaves=14
num_cat=0
split_feature=22 23 4 1 7 21 1 22 18 2 18 23 7
split_gain=0.862618 3.04634 6.07384 3.7966 2.50784 2.00419 0.906099 9.34965 11.4544 5.45682 0.916001 1.64785 0.734022
threshold=0.77267900109291088 0.41733001172542578 3.979637980461121 3.5000000000000004 21.07499980926514 12.493506431579592 3.5000000000000004 1.0000000180025095e-35 1.2424533367156985 1.0000000180025095e-35 2.8617925643920903 0.11731950193643571 17.82499980926514
decision_type=2 2 2 2 2 2 2 2 2 2 2 2 2
left_child=6 2 3 -2 5 -3 7 8 -1 -9 12 -12 -8
right_child=1 4 -4 -5 -6 -7 10 9 -10 -11 11 -13 -14
leaf_value=0.00060876603791958268 0.00072157454716368643 3.1196907231185282e-05 0.0055074373517496611 8.8277141689734119e-05 -0.0032538383220569638 -0.00026958226261020185 -9.8174353974780076e-06 -0.00096400604388525047 -0.00039496286483807144 -0.0055532698475788443 -0.00026928029532343422 4.2606504265841782e-05 0.0016912917937195284
leaf_weight=4287 2711 85539 47 7850 50 4991 689225 1702 5558 57 3717 120881 54
leaf_count=4287 2711 85539 47 7850 50 4991 689225 1702 5558 57 3717 120881 54
internal_value=5.79795e-13 4.02062e-05 0.000274134 0.000250844 1.28105e-05 1.46147e-05 -4.92851e-06 -0.000132945 4.21104e-05 -0.00111272 -3.10328e-06 3.33023e-05 -9.68417e-06
internal_weight=926669 101188 10608 10561 90580 90530 825481 11604 9845 1759 813877 124598 689279
internal_count=926669 101188 10608 10561 90580 90530 825481 11604 9845 1759 813877 124598 689279
is_linear=0
shrinkage=0.0145901


Tree=143
num_leaves=12
num_cat=0
split_feature=3 7 11 14 20 19 13 19 7 14 1
split_gain=0.864177 1.06545 0.923144 2.68845 4.4739 2.09391 1.94356 12.0738 0.893207 0.684495 0.41193
threshold=82.333332061767592 11.360389709472658 5.9853553771972665 1.2264955043792727 0.92151650786399852 1.0000000180025095e-35 5.2135236263275155 1.0000000180025095e-35 22.341666221618656 12.679487705230715 10.500000000000002
decision_type=2 2 2 2 2 2 2 2 2 2 2
left_child=2 -2 6 4 -4 -5 8 -8 -1 10 -3
right_child=1 9 3 5 -6 -7 7 -9 -10 -11 -12
leaf_value=-2.283641405400512e-08 0.0028366783240154239 -0.0012456709429431267 -0.00036657128060457197 -0.0015255349777232574 0.0050912369163242811 -0.00020718446276264552 0.0048608600937035855 -0.00058023362887041493 -0.0017802360488917764 0.0017030590093688508 0.00036243485896419184
leaf_weight=924528 46 46 92 364 49 868 122 301 60 64 129
leaf_count=924528 46 46 92 364 49 868 122 301 60 64 129
internal_value=-1.12182e-12 0.000803285 -2.4713e-07 -0.000378285 0.00153011 -0.000596697 3.13994e-07 0.000989065 -1.38361e-07 0.000411921 -6.02672e-05
internal_weight=926669 285 926384 1373 141 1232 925011 423 924588 239 175
internal_count=926669 285 926384 1373 141 1232 925011 423 924588 239 175
is_linear=0
shrinkage=0.0145901


Tree=144
num_leaves=15
num_cat=0
split_feature=29 13 15 8 16 22 3 1 21 13 7 11 24 8
split_gain=0.851389 2.89072 5.469 2.49899 6.02512 2.39017 2.31712 1.23074 1.49848 13.3008 1.41831 1.08428 2.50044 1.3808
threshold=-0.0375798363238573 5.2135236263275155 10.011192798614504 6.107393980026246 9.2437753677368182 0.99845400452613842 37.547010421752937 3.5000000000000004 11.978726863861086 4.0988705158233651 3.2247475385665898 5.7622649669647226 1.0000000180025095e-35 6.107393980026246
decision_type=2 2 2 2 2 2 2 2 2 2 2 2 2 2
left_child=1 3 -3 5 -5 -1 -4 8 10 -10 -2 13 -13 -9
right_child=7 2 6 4 -6 -7 -8 11 9 -11 -12 12 -14 -15
leaf_value=4.1614988197952549e-05 0.00012215427418121088 0.0058486566149340532 -0.0011802866561806294 -0.0061833036888417374 -0.00035075511334295174 0.0030568369601655758 0.0022527424824167236 -6.2979333193656943e-06 -3.9893521580317157e-05 -0.0079399468187953768 0.0005624608737578962 -0.00043107668770221469 0.0023735456816585299 0.00066232868301280181
leaf_weight=86059 8655 52 89 46 209 56 79 825414 1305 47 1899 2031 70 658
leaf_count=86059 8655 52 89 46 209 56 79 825414 1305 47 1899 2031 70 658
internal_value=-8.62096e-14 4.35597e-05 0.00171387 3.93052e-05 -0.0014029 4.35758e-05 0.000434054 -4.48986e-06 0.000142795 -0.000314526 0.000201379 -6.60727e-06 -0.000337634 -5.76534e-06
internal_weight=926669 86590 220 86370 255 86115 168 840079 11906 1352 10554 828173 2101 826072
internal_count=926669 86590 220 86370 255 86115 168 840079 11906 1352 10554 828173 2101 826072
is_linear=0
shrinkage=0.0145901


Tree=145
num_leaves=15
num_cat=0
split_feature=27 14 14 21 22 20 18 1 23 29 14 1 14 21
split_gain=0.842143 6.50319 10.583 9.09116 3.73058 14.7072 4.59115 2.90646 3.33202 2.88743 2.84086 1.49429 1.87525 1.25344
threshold=1.0000000180025095e-35 3.1702899932861333 3.4045455455780034 9.5201935768127459 1.0000000180025095e-35 0.76004502177238475 1.7005987167358401 1.5000000000000002 0.076619498431682601 -0.15134296566247937 1.3257575035095217 6.5000000000000009 1.8603895306587221 8.2939243316650408
decision_type=2 2 2 2 2 2 2 2 2 2 2 2 2 2
left_child=1 4 -3 -4 6 -6 -1 8 10 -10 -2 12 -9 -13
right_child=7 2 3 -5 5 -7 -8 11 9 -11 -12 13 -14 -15
leaf_value=0.00075794169328196996 -0.0056246627834998638 -0.0075030500520606126 -0.0036245819125032739 0.0006777696096383301 -0.0013301256568035459 0.00042186727381751362 -0.00038570110738608501 -1.7839206083345874e-05 -0.00047053450059894754 0.00024891040196481644 -0.00069057763967978174 -1.257126267323952e-05 0.00023166257781849937 2.7506129394242056e-05
leaf_weight=3614 46 55 156 317 1397 3779 942 12477 4367 1631 54 662982 13193 221659
leaf_count=3614 46 55 156 317 1397 3779 942 12477 4367 1631 54 662982 13193 221659
internal_value=6.27389e-14 0.00013145 -0.00144555 -0.000741188 0.000217008 -5.09948e-05 0.000521482 -1.47169e-06 -0.000318937 -0.0002749 -0.00296026 6.54946e-07 0.000110391 -2.52932e-06
internal_weight=926669 10260 528 473 9732 5176 4556 916409 6098 5998 100 910311 25670 884641
internal_count=926669 10260 528 473 9732 5176 4556 916409 6098 5998 100 910311 25670 884641
is_linear=0
shrinkage=0.0145901


Tree=146
num_leaves=13
num_cat=0
split_feature=3 7 11 14 20 19 13 19 7 5 19 14
split_gain=0.836576 1.03982 0.883504 2.61833 4.34362 2.04841 1.86845 11.6855 0.866791 0.669564 0.910696 0.291675
threshold=82.333332061767592 11.360389709472658 5.9853553771972665 1.2264955043792727 0.92151650786399852 1.0000000180025095e-35 5.2135236263275155 1.0000000180025095e-35 22.341666221618656 2.0314038991928105 4.5000000000000009 8.8166666030883807
decision_type=2 2 2 2 2 2 2 2 2 2 2 2
left_child=2 -2 6 4 -4 -5 8 -8 -1 10 -3 -11
right_child=1 9 3 5 -6 -7 7 -9 -10 11 -12 -13
leaf_value=-2.3931515278117676e-08 0.002799143236713555 0.0025919074865339417 -0.00035559107698577593 -0.0015043118754852008 0.005022161137505146 -0.00020036293236744699 0.004778793510051435 -0.00057409518405462652 -0.0017537148783228315 -0.00094631218455328882 -6.361254884025112e-05 0.0004462891827197227
leaf_weight=924528 46 54 92 364 49 868 122 301 60 70 56 59
leaf_count=924528 46 54 92 364 49 868 122 301 60 70 56 59
internal_value=-6.72148e-13 0.000790353 -2.43151e-07 -0.000370075 0.00151327 -0.000585621 3.05793e-07 0.000969764 -1.37735e-07 0.000403723 0.00124001 -0.000309386
internal_weight=926669 285 926384 1373 141 1232 925011 423 924588 239 110 129
internal_count=926669 285 926384 1373 141 1232 925011 423 924588 239 110 129
is_linear=0
shrinkage=0.0145901


Tree=147
num_leaves=13
num_cat=0
split_feature=28 7 18 11 7 1 23 15 7 3 28 7
split_gain=0.832669 1.95876 1.67399 3.71735 2.5419 1.16635 1.457 2.51237 1.88138 0.733828 5.58333 1.39696
threshold=-0.022426406852900978 16.071428298950199 4.135134458541871 2.3990303277969365 10.0238094329834 3.5000000000000004 0.64264348149299633 12.910198211669924 6.6043479442596444 43.071428298950202 -0.016133327968418595 15.083333492279055
decision_type=2 2 2 2 2 2 2 2 2 2 2 2
left_child=1 2 4 -4 -1 6 8 -8 -2 11 -11 -7
right_child=5 -3 3 -5 -6 9 7 -9 -10 10 -12 -13
leaf_value=2.3662745155472673e-05 0.00014134478062153785 0.002658607010627599 0.0043789478400366342 0.00021938584622411094 -0.0025624079831299547 -5.7961809025841301e-06 -0.00025914470934709636 -0.0037696364055960821 0.0010640876983928572 -0.005141544572660247 -0.0001612752993861743 0.0016692397521138103
leaf_weight=71372 10694 61 46 7952 81 832832 767 46 492 49 2171 106
leaf_count=71372 10694 61 46 7952 81 832832 767 46 492 49 2171 106
internal_value=3.92968e-13 4.51437e-05 4.31372e-05 0.000243309 2.07311e-05 -4.23707e-06 0.000138587 -0.00045777 0.00018193 -6.28907e-06 -0.0002712 -5.58302e-06
internal_weight=926669 79512 79451 7998 71453 847157 11999 813 11186 835158 2220 832938
internal_count=926669 79512 79451 7998 71453 847157 11999 813 11186 835158 2220 832938
is_linear=0
shrinkage=0.0145901


Tree=148
num_leaves=11
num_cat=0
split_feature=11 4 21 15 8 29 22 11 13 13
split_gain=0.82307 3.18246 1.99468 4.94684 1.8396 1.34635 1.31675 1.40202 1.23015 1.98491
threshold=4.6670882701873788 1.7005987167358401 10.064853191375734 9.6953320503234881 5.8403508663177499 -0.30358715355396265 0.99845400452613842 5.7622649669647226 4.9947521686553964 4.8638560771942148
decision_type=2 2 2 2 2 2 2 2 2 2
left_child=4 6 5 -4 8 -3 7 -2 9 -1
right_child=1 2 3 -5 -6 -7 -8 -9 -10 -11
leaf_value=-2.6756717635518515e-06 -3.9636648697928474e-05 -0.0014013086608678027 0.0014861998951068347 0.0002478057243514185 -0.0027737233247828817 5.2657714477021865e-05 0.0023735014509892807 -0.00056442040355149598 -0.0020097360657844268 0.0029643332741423052
leaf_weight=889073 17789 138 738 9865 51 7701 47 1154 65 48
leaf_count=889073 17789 138 738 9865 51 7701 47 1154 65 48
internal_value=2.99564e-13 6.70195e-05 0.000203533 0.000334002 -2.82115e-06 2.70617e-05 -6.55547e-05 -7.16063e-05 -2.66222e-06 -2.5155e-06
internal_weight=926669 37432 18442 10603 889237 7839 18990 18943 889186 889121
internal_count=926669 37432 18442 10603 889237 7839 18990 18943 889186 889121
is_linear=0
shrinkage=0.0145901


Tree=149
num_leaves=16
num_cat=0
split_feature=21 21 1 20 1 5 29 11 9 29 23 9 10 22 22
split_gain=0.814121 1.85487 2.63376 5.29975 2.5003 5.12897 2.07177 1.62518 7.69413 17.7644 1.76761 1.49736 3.63721 1.44665 1.36826
threshold=12.016354084014894 8.2939243316650408 1.5000000000000002 0.14965700358152392 4.5000000000000009 1.8892929553985598 -0.051579724997282021 3.9676303863525395 1.9648454785346987 -0.024647688493132588 0.53455951809883129 3.6984719038009648 2.1445714235305791 0.99777299165725719 0.99548199772834789
decision_type=2 2 2 2 2 2 2 2 2 2 2 2 2 2 2
left_child=1 4 3 -3 5 -1 -4 11 9 -9 -10 13 -13 -2 -6
right_child=7 2 6 -5 14 -7 -8 8 10 -11 -12 12 -14 -15 -16
leaf_value=0.00020626711967761566 -1.8634618070205586e-05 -0.0050644710601744879 0.00020922569804577784 -0.00019991334890620755 -1.1199131893519451e-05 -0.0046739718616912217 3.8612351262958623e-05 -0.0108164089769046 -3.1208788334392594e-05 -0.00099393633076396131 -0.00062541742980020028 -0.004864277077100335 0.00044775709494222207 -0.0022669450309529518 -0.00065520951305629311
leaf_weight=13342 47008 48 16646 7025 666621 46 168649 47 4749 236 1374 46 68 61 703
leaf_count=13342 47008 48 16646 7025 666621 46 168649 47 4749 236 1374 46 68 61 703
internal_value=6.58004e-13 3.38806e-06 4.33919e-05 -0.000232926 -7.91697e-06 0.000189499 5.39394e-05 -5.51987e-05 -0.000273255 -0.00262523 -0.000164549 -2.55933e-05 -0.0016957 -2.15484e-05 -1.18776e-05
internal_weight=926669 873080 192368 7073 680712 13388 185295 53589 6406 283 6123 47183 114 47069 667324
internal_count=926669 873080 192368 7073 680712 13388 185295 53589 6406 283 6123 47183 114 47069 667324
is_linear=0
shrinkage=0.0145901


Tree=150
num_leaves=11
num_cat=0
split_feature=18 22 22 9 7 7 5 22 9 2
split_gain=0.81035 2.47129 5.26062 1.87759 2.65673 2.58713 1.64857 2.89158 1.03168 0.880552
threshold=5.1269311904907235 0.99873849749565136 0.99823999404907238 2.2773199081420903 18.527777671813968 1.7549999952316286 2.0986404418945317 0.99823999404907238 3.4887366294860844 5.2548844814300546
decision_type=2 2 2 2 2 2 2 2 2 2
left_child=1 2 8 4 5 -2 7 -5 -1 -8
right_child=3 -3 -4 6 -6 -7 9 -9 -10 -11
leaf_value=9.032903934797083e-07 -0.0028779424570698946 0.003148593390126163 -0.004514143221539234 0.00025799009932292813 -0.0036663074465345174 -8.5565416469728466e-05 0.0016525898953942983 0.0021313831339902175 -9.3000472018516935e-05 -0.00010099460604365329
leaf_weight=884560 72 53 55 8685 46 3710 62 179 25627 3620
leaf_count=884560 72 53 55 8685 46 3710 62 179 25627 3620
internal_value=1.10635e-12 -1.82986e-06 -2.0133e-06 0.000101729 -0.000181115 -0.000138725 0.00018803 0.000295821 -1.74064e-06 -7.14666e-05
internal_weight=926669 910295 910242 16374 3828 3782 12546 8864 910187 3682
internal_count=926669 910295 910242 16374 3828 3782 12546 8864 910187 3682
is_linear=0
shrinkage=0.0145901


Tree=151
num_leaves=12
num_cat=0
split_feature=3 7 11 14 20 19 13 19 7 14 1
split_gain=0.809822 1.0173 0.851228 2.5473 4.21032 2.00581 1.8172 11.3298 0.833567 0.659073 0.404224
threshold=82.333332061767592 11.360389709472658 5.9853553771972665 1.2264955043792727 0.92151650786399852 1.0000000180025095e-35 5.2135236263275155 1.0000000180025095e-35 22.341666221618656 12.679487705230715 10.500000000000002
decision_type=2 2 2 2 2 2 2 2 2 2 2
left_child=2 -2 6 4 -4 -5 8 -8 -1 10 -3
right_child=1 9 3 5 -6 -7 7 -9 -10 -11 -12
leaf_value=-2.6209159921417224e-08 0.0027645276953648002 -0.001242406557838426 -0.00034559285426280024 -0.0014849437804461971 0.0049489982016448601 -0.00019462369380529099 0.004706972510342273 -0.00056380932202437437 -0.00171978011193624 0.0016621286469752168 0.00035058635618255264
leaf_weight=924528 46 46 92 364 49 868 122 301 60 64 129
leaf_count=924528 46 46 92 364 49 868 122 301 60 64 129
internal_value=-1.03157e-12 0.000777612 -2.39232e-07 -0.000363253 0.00149437 -0.000575855 2.99592e-07 0.000956369 -1.3781e-07 0.000395193 -6.81432e-05
internal_weight=926669 285 926384 1373 141 1232 925011 423 924588 239 175
internal_count=926669 285 926384 1373 141 1232 925011 423 924588 239 175
is_linear=0
shrinkage=0.0145901


Tree=152
num_leaves=13
num_cat=0
split_feature=27 5 18 5 15 1 23 29 14 28 18 1
split_gain=0.797972 6.30959 24.4446 8.66599 4.38696 2.79801 3.22338 2.79431 2.76494 1.43321 3.39993 0.953178
threshold=1.0000000180025095e-35 1.9111495018005373 4.1510088443756112 1.8027604818344118 13.401224136352541 1.5000000000000002 0.076619498431682601 -0.15134296566247937 1.3257575035095217 -0.022426406852900978 1.0000000180025095e-35 3.5000000000000004
decision_type=2 2 2 2 2 2 2 2 2 2 2 2
left_child=1 3 -3 4 -1 6 8 -8 -2 10 -7 -11
right_child=5 2 -4 -5 -6 9 7 -9 -10 11 -12 -13
leaf_value=9.4954889245658933e-05 -0.0055393825963156685 -0.011351887890663478 0.0023732101938111123 0.0058899289043644479 0.0024725101165676898 -4.4034573846430029e-05 -0.00046206020186077791 0.00024568947315433201 -0.00067167535486435356 0.00013387020879577569 0.00016777339236766903 -6.1439307663591299e-06
leaf_weight=9922 46 47 67 56 168 30815 4367 1631 54 10480 33858 835158
leaf_count=9922 46 47 67 56 168 30815 4367 1631 54 10480 33858 835158
internal_value=2.69335e-14 0.000127956 -0.00328538 0.000166308 0.000134542 -1.43258e-06 -0.000312919 -0.000269606 -0.00291082 6.54011e-07 6.68524e-05 -4.40873e-06
internal_weight=926669 10260 114 10146 10090 916409 6098 5998 100 910311 64673 845638
internal_count=926669 10260 114 10146 10090 916409 6098 5998 100 910311 64673 845638
is_linear=0
shrinkage=0.0145901


Tree=153
num_leaves=16
num_cat=0
split_feature=21 21 1 20 1 5 29 11 9 29 23 28 4 22 22
split_gain=0.794049 1.78521 2.50704 5.1405 2.39736 4.90642 1.96465 1.58179 7.46032 17.2555 1.72246 1.4603 2.40666 1.99869 1.33378
threshold=12.016354084014894 8.2939243316650408 1.5000000000000002 0.14965700358152392 4.5000000000000009 1.8892929553985598 -0.051579724997282021 3.9676303863525395 1.9648454785346987 -0.024647688493132588 0.53455951809883129 -0.03602336905896663 2.8617925643920903 0.99777299165725719 0.99548199772834789
decision_type=2 2 2 2 2 2 2 2 2 2 2 2 2 2 2
left_child=1 4 3 -3 5 -1 -4 11 9 -9 -10 12 -2 -13 -6
right_child=7 2 6 -5 14 -7 -8 8 10 -11 -12 13 -14 -15 -16
leaf_value=0.00020196511773954589 0.00011975970213248887 -0.0049853976259307395 0.00020410089248700845 -0.00019448420018792183 -1.0953069152659368e-05 -0.0045712207520377298 3.7956587078905083e-05 -0.01065859921408426 -3.0972393991232523e-05 -0.00097784623733405246 -0.00061754240055851973 -4.5020755766741506e-05 0.0012941553995431455 -0.0029637521000032236 -0.00064679722312552094
leaf_weight=13342 3101 48 16646 7025 666621 46 168649 47 4749 236 1374 43610 422 50 703
leaf_count=13342 3101 48 16646 7025 666621 46 168649 47 4749 236 1374 43610 422 50 703
internal_value=2.53456e-14 3.34603e-06 4.25916e-05 -0.000226997 -7.74469e-06 0.000185565 5.28822e-05 -5.4514e-05 -0.00026964 -0.0025856 -0.000162599 -2.53065e-05 0.000260434 -4.83633e-05 -1.16229e-05
internal_weight=926669 873080 192368 7073 680712 13388 185295 53589 6406 283 6123 47183 3523 43660 667324
internal_count=926669 873080 192368 7073 680712 13388 185295 53589 6406 283 6123 47183 3523 43660 667324
is_linear=0
shrinkage=0.0145901


Tree=154
num_leaves=15
num_cat=0
split_feature=11 8 11 22 4 13 23 1 15 15 16 13 13 4
split_gain=0.791066 2.82192 4.49956 2.32088 2.1613 2.59333 2.29124 1.95813 5.33933 2.54021 1.13828 2.41751 1.2931 0.880092
threshold=4.5911979675292978 5.6190409660339364 4.5336318016052255 0.9924679994583131 4.7050054073333749 4.0078077316284189 0.51805400848388683 2.5000000000000004 8.9900803565979022 9.7516632080078143 9.555368900299074 4.4661052227020273 3.8735961914062504 2.6020033359527592
decision_type=2 2 2 2 2 2 2 2 2 2 2 2 2 2
left_child=1 10 13 7 6 -6 -5 8 -2 -9 12 -12 -1 -3
right_child=3 2 -4 4 5 -7 -8 9 -10 -11 11 -13 -14 -15
leaf_value=-1.4688847190317908e-06 -0.0049321674902877985 -0.0015540749552458025 -0.005274265052146513 0.0016301662604279003 0.0025299296297862455 0.00056832999262685963 0.00015071521097365271 0.00032822574994028367 -0.00031197720324502054 -9.1516809533059168e-06 -0.0001373208918289071 0.0014880940423724015 0.0002623870332976294 0.0011204703571667744
leaf_weight=862233 55 50 56 235 193 559 4305 5640 1669 30127 17323 197 3972 55
leaf_count=862233 55 50 56 235 193 559 4305 5640 1669 30127 17323 197 3972 55
internal_value=7.8425e-13 -2.96578e-06 -0.00193439 6.12723e-05 0.000347296 0.00107177 0.000227295 2.08989e-05 -0.000459373 4.40484e-05 -2.61391e-06 -0.000119044 -2.58968e-07 -0.000153123
internal_weight=926669 883886 161 42783 5292 752 4540 37491 1724 35767 883725 17520 866205 105
internal_count=926669 883886 161 42783 5292 752 4540 37491 1724 35767 883725 17520 866205 105
is_linear=0
shrinkage=0.0145901


Tree=155
num_leaves=15
num_cat=0
split_feature=20 16 23 7 19 11 23 8 14 9 13 7 27 1
split_gain=0.780683 1.62161 2.47051 2.73537 2.27274 9.04133 2.82476 1.74322 0.883465 2.39277 1.59363 0.999207 2.12615 1.07138
threshold=0.53093749284744274 3.55341649055481 0.26498199999332434 16.771551132202152 1.0000000180025095e-35 3.2827272415161137 0.044763000681996352 6.107393980026246 7.683333396911622 1.386272728443146 4.2340295314788827 2.3397434949874882 1.0000000180025095e-35 18.500000000000004
decision_type=2 2 2 2 2 2 2 2 2 2 2 2 2 2
left_child=8 4 3 -3 5 -2 -6 -4 11 -10 -11 13 -13 -1
right_child=1 2 7 -5 6 -7 -8 -9 9 10 -12 12 -14 -15
leaf_value=0.00013132137452091181 -5.7295413259288789e-05 0.00020250039957946093 3.7875223142653897e-05 0.0037646503112571689 0.0029133631055855138 -0.0013273540559853116 2.7000355472204436e-06 -0.00048086487853452866 0.003152406704135512 0.00011947191977279389 0.0028916648193740907 -0.0013803546389646831 -5.6178410883748883e-05 -7.2684786713619848e-06
leaf_weight=12175 10100 18970 113318 46 71 1353 211879 1396 63 1093 46 259 75702 480198
leaf_count=12175 10100 18970 113318 46 71 1353 211879 1396 63 1093 46 259 75702 480198
internal_value=-5.67154e-13 1.69113e-05 5.70946e-05 0.000211117 -7.14254e-06 -0.000207334 3.67506e-06 3.15625e-05 -1.06044e-05 0.000384527 0.000231431 -1.14401e-05 -6.06934e-05 -3.84154e-06
internal_weight=926669 357133 133730 19016 223403 11453 211950 114714 569536 1202 1139 568334 75961 492373
internal_count=926669 357133 133730 19016 223403 11453 211950 114714 569536 1202 1139 568334 75961 492373
is_linear=0
shrinkage=0.0145901


Tree=156
num_leaves=13
num_cat=0
split_feature=3 7 11 14 20 19 13 19 7 5 19 14
split_gain=0.774961 0.989707 0.820784 2.47206 4.08784 1.94493 1.75947 11.0105 0.818345 0.643577 0.874653 0.278435
threshold=82.333332061767592 11.360389709472658 5.9853553771972665 1.2264955043792727 0.92151650786399852 1.0000000180025095e-35 5.2135236263275155 1.0000000180025095e-35 22.341666221618656 2.0314038991928105 3.5000000000000004 8.8166666030883807
decision_type=2 2 2 2 2 2 2 2 2 2 2 2
left_child=2 -2 6 4 -4 -5 8 -8 -1 10 -3 -11
right_child=1 9 3 5 -6 -7 7 -9 -10 11 -12 -13
leaf_value=-2.4745745472260831e-08 0.0027204757400614743 0.0027096487765286333 -0.00033971654895531962 -0.001461322284792674 0.0048772988757955693 -0.00019073449952634034 0.0046384326812689142 -0.00055754924528409768 -0.0017040033156353557 -0.00093794218275076893 7.966780367275181e-05 0.00042268525914201932
leaf_weight=924528 46 47 92 364 49 868 122 301 60 70 63 59
leaf_count=924528 46 47 92 364 49 868 122 301 60 70 63 59
internal_value=-8.46033e-14 0.000760691 -2.34025e-07 -0.000356697 0.00147329 -0.000566135 2.95076e-07 0.000941055 -1.35323e-07 0.000383494 0.00120339 -0.00031564
internal_weight=926669 285 926384 1373 141 1232 925011 423 924588 239 110 129
internal_count=926669 285 926384 1373 141 1232 925011 423 924588 239 110 129
is_linear=0
shrinkage=0.0145901


Tree=157
num_leaves=11
num_cat=0
split_feature=18 22 22 9 7 7 5 22 18 2
split_gain=0.773014 2.41116 5.1068 1.80709 2.56236 2.5128 1.5897 2.80677 1.01255 0.851044
threshold=5.1269311904907235 0.99873849749565136 0.99823999404907238 2.2773199081420903 18.527777671813968 1.7549999952316286 2.0986404418945317 0.99823999404907238 4.8242976665496835 5.2548844814300546
decision_type=2 2 2 2 2 2 2 2 2 2
left_child=1 2 8 4 5 -2 7 -5 -1 -8
right_child=3 -3 -4 6 -6 -7 9 -9 -10 -11
leaf_value=-1.9011544095810227e-07 -0.0028360787736827061 0.0031100748726988676 -0.004447642054643753 0.0002526000572777745 -0.0036008621634571556 -8.4104309837235072e-05 0.0016241253212145312 0.0020983154841130386 -0.00015856482614521486 -9.9827182972142379e-05
leaf_weight=901511 72 53 55 8685 46 3710 62 179 8676 3620
leaf_count=901511 72 53 55 8685 46 3710 62 179 8676 3620
internal_value=1.1636e-12 -1.78721e-06 -1.9684e-06 9.93579e-05 -0.000178125 -0.000136495 0.000184023 0.000289873 -1.69976e-06 -7.07981e-05
internal_weight=926669 910295 910242 16374 3828 3782 12546 8864 910187 3682
internal_count=926669 910295 910242 16374 3828 3782 12546 8864 910187 3682
is_linear=0
shrinkage=0.0145901


Tree=158
num_leaves=16
num_cat=0
split_feature=21 21 1 19 1 20 29 11 9 1 23 9 10 22 22
split_gain=0.768077 1.72578 1.6177 10.2709 1.60254 4.9426 1.92964 1.54302 7.23821 16.9214 1.68838 1.45053 3.53411 1.36751 1.15937
threshold=12.016354084014894 9.5597567558288592 4.5000000000000009 1.0000000180025095e-35 1.5000000000000002 0.16044150292873385 -0.051579724997282021 3.9676303863525395 1.9648454785346987 5.5000000000000009 0.58847349882125866 3.6984719038009648 2.1445714235305791 0.99777299165725719 0.99548199772834789
decision_type=2 2 2 2 2 2 2 2 2 2 2 2 2 2 2
left_child=1 2 3 -1 5 -3 -6 11 9 -9 -10 13 -13 -2 -4
right_child=7 4 14 -5 6 -7 -8 8 10 -11 -12 12 -14 -15 -16
leaf_value=-0.0027440180239249956 -1.7953608811955364e-05 -0.0048427172062851433 -9.7263525552395542e-06 0.00019925908682074151 0.0002064863947515813 -0.0001440532142548352 3.6789448510386873e-05 -0.010343690611424062 -4.4207496189018603e-05 -0.00091474215608445663 -0.0006647369152805088 -0.0047918925460333217 0.0004443083015811835 -0.0022039015218016651 -0.00056617259235617972
leaf_weight=257 47008 48 678431 14050 15688 6658 157150 49 4974 234 1149 46 68 61 798
leaf_count=257 47008 48 678431 14050 15688 6658 157150 49 4974 234 1149 46 68 61 798
internal_value=-2.67861e-13 3.29085e-06 -7.14611e-06 0.000146388 4.36064e-05 -0.000177685 5.21923e-05 -5.3615e-05 -0.000266088 -0.00254732 -0.000160652 -2.47677e-05 -0.00166854 -2.07865e-05 -1.03801e-05
internal_weight=926669 873080 693536 14307 179544 6706 172838 53589 6406 283 6123 47183 114 47069 679229
internal_count=926669 873080 693536 14307 179544 6706 172838 53589 6406 283 6123 47183 114 47069 679229
is_linear=0
shrinkage=0.0145901


Tree=159
num_leaves=13
num_cat=0
split_feature=22 1 12 7 23 5 29 13 4 22 21 1
split_gain=0.77163 2.2931 2.29535 1.90262 1.56182 1.8514 9.03732 2.56081 1.38986 1.20581 2.64024 0.94262
threshold=0.99588799476623546 1.0000000180025095e-35 2.2392975091934209 19.656863212585453 0.73602500557899486 1.7745015025138857 0.024172803387045864 3.7601472139358525 5.8721139430999765 0.77267900109291088 11.829959869384767 3.5000000000000004
decision_type=2 2 2 2 2 2 2 2 2 2 2 2
left_child=4 2 -2 8 9 7 -7 -6 -3 11 -11 -1
right_child=1 3 -4 -5 5 6 -8 -9 -10 10 -12 -13
leaf_value=-0.00013526020141079665 0.0046244833555883977 0.00012902557769425182 8.645844499574791e-05 -0.0025599964396470056 -9.5273017231658572e-05 -0.0047785280834230096 0.00014123182332756643 -0.001400948465904541 0.0017129703429648387 7.6257469235335048e-05 -0.00021151107832170755 -2.7875699453066576e-06
leaf_weight=11597 49 4641 46 55 7499 108 301 334 121 80831 7409 813678
leaf_count=11597 49 4641 46 55 7499 108 301 334 121 80831 7409 813678
internal_value=-3.11839e-13 0.000182381 0.00242712 0.00013811 -9.71899e-07 -0.000200915 -0.00115787 -0.000150947 0.000169273 8.32044e-07 5.20952e-05 -4.64911e-06
internal_weight=926669 4912 95 4817 921757 8242 409 7833 4762 913515 88240 825275
internal_count=926669 4912 95 4817 921757 8242 409 7833 4762 913515 88240 825275
is_linear=0
shrinkage=0.0145901


Tree=160
num_leaves=12
num_cat=0
split_feature=3 7 11 14 20 19 13 19 7 14 1
split_gain=0.760575 0.958401 0.804152 2.40249 3.9649 1.89393 1.70539 10.6861 0.778538 0.633603 0.384219
threshold=82.333332061767592 11.360389709472658 5.9853553771972665 1.2264955043792727 0.92151650786399852 1.0000000180025095e-35 5.2135236263275155 1.0000000180025095e-35 22.341666221618656 12.679487705230715 10.500000000000002
decision_type=2 2 2 2 2 2 2 2 2 2 2
left_child=2 -2 6 4 -4 -5 8 -8 -1 10 -3
right_child=1 9 3 5 -6 -7 7 -9 -10 -11 -12
leaf_value=-2.4008264810154245e-08 0.0026821372246184829 -0.001216718841165184 -0.00033454982136870971 -0.0014429070735441449 0.0048034191368476632 -0.00018908849319214637 0.0045689944641403536 -0.00054988688414524603 -0.001662043035009443 0.0016246275993254506 0.0003363551460702132
leaf_weight=924528 46 46 92 364 49 868 122 301 60 64 129
leaf_count=924528 46 46 92 364 49 868 122 301 60 64 129
internal_value=-3.55611e-13 0.000753597 -2.31843e-07 -0.000353065 0.00145099 -0.000559535 2.91869e-07 0.000926481 -1.31863e-07 0.000382414 -7.18814e-05
internal_weight=926669 285 926384 1373 141 1232 925011 423 924588 239 175
internal_count=926669 285 926384 1373 141 1232 925011 423 924588 239 175
is_linear=0
shrinkage=0.0145901


Tree=161
num_leaves=14
num_cat=0
split_feature=27 14 14 21 21 2 1 23 29 14 28 18 1
split_gain=0.75408 6.23848 10.2245 8.84334 3.70395 3.43799 2.6142 3.11105 2.70922 2.69373 1.34031 3.21784 0.900351
threshold=1.0000000180025095e-35 3.1702899932861333 3.4045455455780034 9.5201935768127459 13.692978858947756 4.6395599842071542 1.5000000000000002 0.076619498431682601 -0.15134296566247937 1.3257575035095217 -0.022426406852900978 1.0000000180025095e-35 3.5000000000000004
decision_type=2 2 2 2 2 2 2 2 2 2 2 2 2
left_child=1 4 -3 -4 5 -1 7 9 -9 -2 11 -8 -12
right_child=6 2 3 -5 -6 -7 10 8 -10 -11 12 -13 -14
leaf_value=0.0002017449704393508 -0.005449201876756498 -0.0073741983080868488 -0.0035716767571774811 0.00067162829760855571 -0.0028795883207053804 0.0025551353720822314 -4.3235389716533006e-05 -0.00044942302182379614 0.00024746672227963736 -0.00064458500226870056 0.00013012076293527722 0.00016282262097648626 -5.9580864942625625e-06
leaf_weight=9516 46 55 156 317 82 134 30815 4367 1631 54 10480 33858 835158
leaf_count=9516 46 55 156 317 82 134 30815 4367 1631 54 10480 33858 835158
internal_value=-5.4074e-13 0.000124387 -0.00142018 -0.000727855 0.000208186 0.000234424 -1.39262e-06 -0.000302473 -0.000259922 -0.00285471 6.24261e-07 6.46413e-05 -4.27166e-06
internal_weight=926669 10260 528 473 9732 9650 916409 6098 5998 100 910311 64673 845638
internal_count=926669 10260 528 473 9732 9650 916409 6098 5998 100 910311 64673 845638
is_linear=0
shrinkage=0.0145901


Tree=162
num_leaves=15
num_cat=0
split_feature=11 8 10 4 23 14 15 1 14 9 16 20 13 4
split_gain=0.748403 2.73567 4.40973 2.26241 2.30084 1.76025 1.52147 5.10647 1.44742 1.38802 1.11166 2.40338 1.24222 0.661883
threshold=4.5911979675292978 5.6190409660339364 3.283188104629517 4.8162329196929941 0.43700250983238226 2.4258240461349492 9.7516632080078143 2.5000000000000004 7.915032386779786 3.6636177301406865 9.555368900299074 0.65588250756263744 3.8735961914062504 2.0126758217811589
decision_type=2 2 2 2 2 2 2 2 2 2 2 2 2 2
left_child=1 10 13 6 9 -6 7 -2 -8 -5 12 -12 -1 -3
right_child=3 2 -4 4 5 -7 8 -9 -10 -11 11 -13 -14 -15
leaf_value=-1.3968768813165976e-06 -0.0013810993734181154 -0.0014663698940392792 -0.0053514303962940097 0.00031155175649113468 0.0024086504339500942 0.00076014128121022068 -2.1213426182116458e-05 0.00035172586943132863 0.00052350152355211572 -0.00097459168545523459 3.3116093245200623e-06 -0.00035911064978880718 0.00025721589498134504 0.00082785511539910245
leaf_weight=862233 386 49 53 1164 166 814 33144 5826 1072 211 11675 5845 3972 59
leaf_count=862233 386 49 53 1164 166 814 33144 5826 1072 211 11675 5845 3972 59
internal_value=-2.54024e-13 -2.8847e-06 -0.00190456 5.95971e-05 0.000499193 0.00103938 3.399e-05 0.000244052 -4.1473e-06 0.000114187 -2.53824e-06 -0.000117599 -2.11003e-07 -0.000213043
internal_weight=926669 883886 161 42783 2355 980 40428 6212 34216 1375 883725 17520 866205 108
internal_count=926669 883886 161 42783 2355 980 40428 6212 34216 1375 883725 17520 866205 108
is_linear=0
shrinkage=0.0145901


Tree=163
num_leaves=15
num_cat=0
split_feature=20 16 23 7 19 11 23 8 14 9 13 7 27 1
split_gain=0.738612 1.56877 2.39788 2.66004 2.19162 8.78086 2.74653 1.71442 0.855506 2.32594 1.54744 0.977196 2.03827 1.0346
threshold=0.53093749284744274 3.55341649055481 0.26498199999332434 16.771551132202152 1.0000000180025095e-35 3.2827272415161137 0.044763000681996352 6.107393980026246 7.683333396911622 1.386272728443146 4.2340295314788827 2.3397434949874882 1.0000000180025095e-35 18.500000000000004
decision_type=2 2 2 2 2 2 2 2 2 2 2 2 2 2
left_child=8 4 3 -3 5 -2 -6 -4 11 -10 -11 13 -13 -1
right_child=1 2 7 -5 6 -7 -8 -9 9 10 -12 12 -14 -15
leaf_value=0.00012919981817270044 -5.5934148701135278e-05 0.00019921699339347344 3.7078827378883843e-05 0.0037119787041567293 0.0028725257992447957 -0.0013075645197668467 2.4519898341422229e-06 -0.00047735845591790694 0.0031074690262153193 0.00011724610692359363 0.0028489769628377124 -0.00135194841271359 -5.5424159895918375e-05 -6.9902733831316852e-06
leaf_weight=12175 10100 18970 113318 46 71 1353 211879 1396 63 1093 46 259 75702 480198
leaf_count=12175 10100 18970 113318 46 71 1353 211879 1396 63 1093 46 259 75702 480198
internal_value=-9.61417e-14 1.64494e-05 5.59725e-05 0.000207714 -7.20937e-06 -0.000203795 3.41342e-06 3.08184e-05 -1.03147e-05 0.000378514 0.000227571 -1.11371e-05 -5.98448e-05 -3.62268e-06
internal_weight=926669 357133 133730 19016 223403 11453 211950 114714 569536 1202 1139 568334 75961 492373
internal_count=926669 357133 133730 19016 223403 11453 211950 114714 569536 1202 1139 568334 75961 492373
is_linear=0
shrinkage=0.0145901


Tree=164
num_leaves=13
num_cat=0
split_feature=22 1 15 7 23 5 5 13 18 22 21 1
split_gain=0.738928 2.22232 2.28362 1.8426 1.52023 1.79766 8.8699 2.48924 1.34406 1.16004 2.55582 0.922833
threshold=0.99588799476623546 1.0000000180025095e-35 11.157324790954592 19.656863212585453 0.73602500557899486 1.7745015025138857 1.7958664894104006 3.7601472139358525 4.0517470836639413 0.77267900109291088 11.829959869384767 3.5000000000000004
decision_type=2 2 2 2 2 2 2 2 2 2 2 2
left_child=4 2 -2 8 9 7 -7 -6 -3 11 -11 -1
right_child=1 3 -4 -5 5 6 -8 -9 -10 10 -12 -13
leaf_value=-0.00013378037452470965 0.00010228481383606581 -0.00064277853357988068 0.0046266931589106766 -0.0025203124016631075 -9.4086226790776378e-05 -0.0066501799356348994 -0.00030319424109892431 -0.0013813880316886889 0.00023988712157649943 7.4882388145011038e-05 -0.00020824834014003405 -2.7055428874454792e-06
leaf_weight=11597 47 401 48 55 7499 54 355 334 4361 80831 7409 813678
leaf_count=11597 47 401 48 55 7499 54 355 334 4361 80831 7409 813678
internal_value=-2.51728e-13 0.000178474 0.0023883 0.000134892 -9.51081e-07 -0.000198214 -0.00114118 -0.000148977 0.000165559 8.28683e-07 5.11095e-05 -4.54744e-06
internal_weight=926669 4912 95 4817 921757 8242 409 7833 4762 913515 88240 825275
internal_count=926669 4912 95 4817 921757 8242 409 7833 4762 913515 88240 825275
is_linear=0
shrinkage=0.0145901


Tree=165
num_leaves=15
num_cat=0
split_feature=27 14 11 21 2 21 5 1 23 29 14 28 18 1
split_gain=0.742048 6.08813 10.5154 5.47956 4.31489 4.06667 3.54748 2.52306 3.02309 2.62848 2.61327 1.2997 3.11665 0.873254
threshold=1.0000000180025095e-35 2.7350875139236455 2.7285722494125371 10.396821498870851 4.6586997509002694 13.692978858947756 1.7363784909248354 1.5000000000000002 0.076619498431682601 -0.15134296566247937 1.3257575035095217 -0.022426406852900978 1.0000000180025095e-35 3.5000000000000004
decision_type=2 2 2 2 2 2 2 2 2 2 2 2 2 2
left_child=1 4 -3 -4 5 -1 -6 8 10 -10 -2 12 -9 -13
right_child=7 2 3 -5 6 -7 -8 11 9 -11 -12 13 -14 -15
leaf_value=0.00022576338919851337 -0.0053685128843129707 -0.0060218944996605021 -0.0018223384504529336 0.00063331299076212092 0.00069136466840247018 -0.0031197226766643982 0.0060966582253397204 -4.2527368988697894e-05 -0.000441877828085061 0.00024454954724597829 -0.00063619968811272213 0.00012813341828375412 0.00016026499738030871 -5.8820859498778901e-06
leaf_weight=9220 46 82 367 409 56 78 48 30815 4367 1631 54 10480 33858 835158
leaf_count=9220 46 82 367 409 56 78 48 30815 4367 1631 54 10480 33858 835158
internal_value=-5.38395e-13 0.000123391 -0.00105311 -0.000528058 0.000230755 0.000197698 0.00318612 -1.38147e-06 -0.000297167 -0.000255222 -0.00281306 5.99947e-07 6.36397e-05 -4.22123e-06
internal_weight=926669 10260 858 776 9402 9298 104 916409 6098 5998 100 910311 64673 845638
internal_count=926669 10260 858 776 9402 9298 104 916409 6098 5998 100 910311 64673 845638
is_linear=0
shrinkage=0.0145901


Tree=166
num_leaves=12
num_cat=0
split_feature=3 7 3 7 9 15 8 2 22 14 1
split_gain=0.732917 0.929817 0.783037 3.29783 6.07311 3.57724 1.10615 3.30116 1.47163 0.613885 0.36493
threshold=82.333332061767592 11.360389709472658 43.071428298950202 7.019231081008912 3.5127768516540532 10.307874202728273 5.274775743484498 1.2424533367156985 0.99794700741767894 12.679487705230715 10.500000000000002
decision_type=2 2 2 2 2 2 2 2 2 2 2
left_child=2 -2 6 4 -4 -5 8 -8 -1 10 -3
right_child=1 9 3 5 -6 -7 7 -9 -10 -11 -12
leaf_value=-1.3330181748183836e-06 0.0026393315157852981 -0.001188738482821305 -0.00027917753244104901 0.0022945886577388527 -0.0035244918904542687 -0.00013676595784452964 0.0039799880252345352 0.00010776339065265112 -0.00098632423775380082 0.0015968933790282906 0.00032484859280557148
leaf_weight=907036 46 46 435 139 171 1758 47 16475 323 64 129
leaf_count=907036 46 46 435 139 171 1758 47 16475 323 64 129
internal_value=-5.38693e-14 0.000739768 -2.27588e-07 -0.000257937 -0.00119493 4.13881e-05 4.70605e-07 0.000118779 -1.68365e-06 0.000374162 -7.30086e-05
internal_weight=926669 285 926384 2503 606 1897 923881 16522 907359 239 175
internal_count=926669 285 926384 2503 606 1897 923881 16522 907359 239 175
is_linear=0
shrinkage=0.0145901


Tree=167
num_leaves=16
num_cat=0
split_feature=0 28 28 18 7 21 29 7 29 23 12 4 22 1 1
split_gain=0.723843 1.48813 1.89283 5.79332 3.00817 0.972947 1.30428 1.2859 0.962065 1.59522 1.29422 1.17834 8.98131 1.04179 1.01168
threshold=1.0000000180025095e-35 -0.022426406852900978 -0.34082224965095514 1.2424533367156985 13.451410293579103 12.016354084014894 -0.024297581054270264 26.500000000000004 0.53379990160465252 0.023450500331819061 1.7596514821052553 2.3502402305603032 0.92900449037551891 57.500000000000007 51.500000000000007
decision_type=2 2 2 2 2 2 2 2 2 2 2 2 2 2 2
left_child=8 2 3 -2 -4 7 -7 -3 9 13 -11 14 -13 -1 -10
right_child=1 5 4 -5 -6 6 -8 -9 11 10 -12 12 -14 -15 -16
leaf_value=0.00044570054035374991 0.00030291262923194966 7.1328944572602513e-06 0.0001290980350519314 -0.00023688209448632862 0.003178087254494282 -0.00037506270644019997 -4.3024430681265424e-05 -0.0024323638683001725 -0.00010134219845859298 -9.5266175507330788e-05 -0.0025434968689290629 -0.00010235929833046366 0.0045061960639055333 3.62632680110092e-05 5.43568000104245e-06
leaf_weight=1523 6583 548386 40269 11853 69 2665 45755 46 21121 58889 46 597 106 10068 178693
leaf_count=1523 6583 548386 40269 11853 69 2665 45755 46 21121 58889 46 597 106 10068 178693
internal_value=5.00817e-13 8.29103e-06 7.83382e-05 -4.41359e-05 0.000134313 1.39325e-06 -6.12996e-05 6.92828e-06 -2.00552e-05 -6.64043e-05 -9.71771e-05 -3.75321e-06 0.00059253 9.00613e-05 -5.85109e-06
internal_weight=926669 655626 58774 18436 40338 596852 48420 548432 271043 70526 58935 200517 703 11591 199814
internal_count=926669 655626 58774 18436 40338 596852 48420 548432 271043 70526 58935 200517 703 11591 199814
is_linear=0
shrinkage=0.0145901


Tree=168
num_leaves=11
num_cat=0
split_feature=18 22 22 9 7 7 1 5 16 9
split_gain=0.719238 2.36441 4.93163 1.73239 2.4535 2.4381 1.55856 1.71247 1.6156 1.02446
threshold=5.1269311904907235 0.99873849749565136 0.99823999404907238 2.2773199081420903 18.527777671813968 1.7549999952316286 7.5000000000000009 1.0000000180025095e-35 9.2437753677368182 3.4887366294860844
decision_type=2 2 2 2 2 2 2 2 2 2
left_child=1 2 9 4 5 -2 8 -8 -5 -1
right_child=3 -3 -4 6 -6 -7 7 -9 -10 -11
leaf_value=9.9530217452856642e-07 -0.0027942618515950893 0.0030798204666746443 -0.0043706645233809096 0.0010523364717892592 -0.003525085764975496 -8.350493504735872e-05 0.00096120646529020929 7.2250692083773775e-05 0.00017469864613120175 -9.2579195499215011e-05
leaf_weight=884560 72 53 55 823 46 3710 483 10264 976 25627
leaf_count=884560 72 53 55 823 46 3710 483 10264 976 25627
internal_value=-1.10017e-13 -1.72392e-06 -1.90335e-06 9.58397e-05 -0.000175847 -0.000135111 0.000178736 0.000112203 0.000576197 -1.63936e-06
internal_weight=926669 910295 910242 16374 3828 3782 12546 10747 1799 910187
internal_count=926669 910295 910242 16374 3828 3782 12546 10747 1799 910187
is_linear=0
shrinkage=0.0145901


Tree=169
num_leaves=13
num_cat=0
split_feature=27 5 10 5 15 1 23 14 29 1 14 11
split_gain=0.718711 6.1251 23.8257 8.46838 4.40312 2.42192 2.9344 2.54021 2.53207 1.25609 1.80335 1.12918
threshold=1.0000000180025095e-35 1.9111495018005373 3.356121420860291 1.7671399712562563 13.401224136352541 1.5000000000000002 0.076619498431682601 1.3257575035095217 -0.15134296566247937 6.5000000000000009 1.8603895306587221 5.9853553771972665
decision_type=2 2 2 2 2 2 2 2 2 2 2 2
left_child=1 3 -3 4 -1 6 7 -2 -8 10 -7 -11
right_child=5 2 -4 -5 -6 9 8 -9 -10 11 -12 -13
leaf_value=8.311197338006333e-05 -0.0052893492837018125 -0.011351312268788445 0.0022443307106174946 0.0050436734480489402 0.0024650814472099297 -2.455585315929728e-05 -0.00043303180204792369 -0.00062365123820979252 0.00024068862035655911 -1.7399262041495949e-06 0.00022011607720465219 -0.00045685494000903033
leaf_weight=9903 46 46 68 75 168 12477 4367 54 1631 883479 13193 1162
leaf_count=9903 46 46 68 75 168 12477 4367 54 1631 883479 13193 1162
internal_value=1.65961e-12 0.000121435 -0.00324163 0.000159222 0.000122847 -1.35957e-06 -0.000291157 -0.00276987 -0.000249831 5.81729e-07 0.000101192 -2.33773e-06
internal_weight=926669 10260 114 10146 10071 916409 6098 100 5998 910311 25670 884641
internal_count=926669 10260 114 10146 10071 916409 6098 100 5998 910311 25670 884641
is_linear=0
shrinkage=0.0145901


Tree=170
num_leaves=13
num_cat=0
split_feature=3 7 3 7 9 15 8 2 22 5 19 14
split_gain=0.715398 0.902606 0.763811 3.2002 5.8825 3.47234 1.07028 3.2073 1.42958 0.61103 0.852331 0.26363
threshold=82.333332061767592 11.360389709472658 43.071428298950202 7.019231081008912 3.5127768516540532 10.307874202728273 5.274775743484498 1.2424533367156985 0.99794700741767894 2.0314038991928105 3.5000000000000004 8.8166666030883807
decision_type=2 2 2 2 2 2 2 2 2 2 2 2
left_child=2 -2 6 4 -4 -5 8 -8 -1 10 -3 -11
right_child=1 9 3 5 -6 -7 7 -9 -10 11 -12 -13
leaf_value=-1.3087393223524796e-06 0.002602435064196031 0.002656465642610233 -0.00027650414981667464 0.0022600277538426397 -0.003470484374646185 -0.00013541169842413433 0.0039227604625732358 0.00010598134099662422 -0.0009721254187833433 -0.00091610080955756247 6.0261670633126747e-05 0.00040785772303342466
leaf_weight=907036 46 47 435 139 171 1758 47 16475 323 70 63 59
leaf_count=907036 46 47 435 139 171 1758 47 16475 323 70 63 59
internal_value=-1.0408e-12 0.000730873 -2.24853e-07 -0.000254751 -0.00117778 4.01107e-05 4.64716e-07 0.000116839 -1.65433e-06 0.000370657 0.00116955 -0.000310569
internal_weight=926669 285 926384 2503 606 1897 923881 16522 907359 239 110 129
internal_count=926669 285 926384 2503 606 1897 923881 16522 907359 239 110 129
is_linear=0
shrinkage=0.0145901


Tree=171
num_leaves=13
num_cat=0
split_feature=22 1 12 7 23 5 29 13 4 22 23 1
split_gain=0.706397 2.15728 2.25201 1.79594 1.48136 1.74408 8.77149 2.42404 1.33956 1.10944 2.4991 0.904184
threshold=0.99588799476623546 1.0000000180025095e-35 2.2392975091934209 19.656863212585453 0.73602500557899486 1.7745015025138857 0.024172803387045864 3.7601472139358525 5.8721139430999765 0.77267900109291088 0.41733001172542578 5.5000000000000009
decision_type=2 2 2 2 2 2 2 2 2 2 2 2
left_child=4 2 -2 8 9 7 -7 -6 -3 11 -11 -1
right_child=1 3 -4 -5 5 6 -8 -9 -10 10 -12 -13
leaf_value=-0.00012211619537359298 0.0045282685369066157 0.00012232612487755398 3.3287276091241688e-05 -0.002489807890214169 -9.2989564254778982e-05 -0.0046914705773319224 0.00015539337436063617 -0.0013633202054079314 0.0016773396892793273 0.00026013785508655085 2.130920671579232e-05 -2.4488601656401767e-06
leaf_weight=13667 49 4641 46 55 7499 108 301 334 121 10600 77640 811608
leaf_count=13667 49 4641 46 55 7499 108 301 334 121 10600 77640 811608
internal_value=-1.06917e-12 0.000174501 0.00235175 0.000131562 -9.29911e-07 -0.000195654 -0.00112446 -0.000147157 0.000161838 8.2695e-07 4.9999e-05 -4.43062e-06
internal_weight=926669 4912 95 4817 921757 8242 409 7833 4762 913515 88240 825275
internal_count=926669 4912 95 4817 921757 8242 409 7833 4762 913515 88240 825275
is_linear=0
shrinkage=0.0145901


Tree=172
num_leaves=15
num_cat=0
split_feature=27 14 14 21 22 20 18 1 23 14 29 21 29 22
split_gain=0.70397 5.96404 9.8564 8.43494 3.66359 14.2564 4.35246 2.34894 2.84473 2.46763 2.46099 1.2365 2.34959 1.25006
threshold=1.0000000180025095e-35 3.1702899932861333 3.4045455455780034 9.5201935768127459 1.0000000180025095e-35 0.76004502177238475 1.7005987167358401 1.5000000000000002 0.076619498431682601 1.3257575035095217 -0.15134296566247937 8.2939243316650408 -0.051579724997282021 0.99548199772834789
decision_type=2 2 2 2 2 2 2 2 2 2 2 2 2 2
left_child=1 4 -3 -4 6 -6 -1 8 9 -2 -10 13 -13 -9
right_child=7 2 3 -5 5 -7 -8 11 10 -11 -12 12 -14 -15
leaf_value=0.00073407726088644545 -0.0052105125307200604 -0.0072358966019638489 -0.0034876564078098666 0.00065650850153345743 -0.0013228448059109366 0.00040209192885703614 -0.00037944036065951764 -8.8885416532244331e-06 -0.00042666465634809972 -0.00061195175153218263 0.00023753321011982183 0.00017847017570080933 1.5077034250405243e-05 -0.00061504991969367278
leaf_weight=3614 46 55 156 317 1397 3779 942 671902 4367 54 1631 20503 217181 725
leaf_count=3614 46 55 156 317 1397 3779 942 671902 4367 54 1631 20503 217181 725
internal_value=5.51827e-13 0.000120183 -0.00139003 -0.000710277 0.000202118 -6.34677e-05 0.000503846 -1.34555e-06 -0.000286743 -0.00272729 -0.000246053 5.66267e-07 2.91716e-05 -9.5419e-06
internal_weight=926669 10260 528 473 9732 5176 4556 916409 6098 100 5998 910311 237684 672627
internal_count=926669 10260 528 473 9732 5176 4556 916409 6098 100 5998 910311 237684 672627
is_linear=0
shrinkage=0.0145901


Tree=173
num_leaves=16
num_cat=0
split_feature=21 21 1 5 1 20 29 11 9 29 23 28 4 22 22
split_gain=0.70886 1.60482 2.14814 4.65617 2.14142 4.8527 1.68854 1.51041 7.01335 16.6465 1.64189 1.41778 2.32473 1.88303 1.23683
threshold=12.016354084014894 8.2939243316650408 4.5000000000000009 1.8721465468406679 1.5000000000000002 0.14965700358152392 -0.051579724997282021 3.9676303863525395 1.9648454785346987 -0.024647688493132588 0.53455951809883129 -0.03602336905896663 2.8617925643920903 0.99777299165725719 0.99548199772834789
decision_type=2 2 2 2 2 2 2 2 2 2 2 2 2 2 2
left_child=1 2 3 -1 5 -3 -6 11 9 -9 -10 12 -2 -13 -4
right_child=7 4 14 -5 6 -7 -8 8 10 -11 -12 13 -14 -15 -16
leaf_value=0.00019195320434766238 0.00012032530064624444 -0.0048320626351969738 -1.0380093630743929e-05 -0.0043603522310989365 0.00019007252743491617 -0.00017719512648545704 3.6045022006674455e-05 -0.010436499892789856 -2.9426930406566274e-05 -0.00092810415274310442 -0.00060211339554545028 -4.2440166278979769e-05 0.0012745567168123621 -0.0028754650350364718 -0.00062267886776319571
leaf_weight=13340 3101 48 666621 48 16646 7025 168649 47 4749 236 1374 43610 422 50 703
leaf_count=13340 3101 48 666621 48 16646 7025 168649 47 4749 236 1374 43610 422 50 703
internal_value=-1.02268e-12 3.16145e-06 -7.35402e-06 0.000175632 4.03714e-05 -0.000208785 4.98821e-05 -5.15068e-05 -0.000261723 -0.00250724 -0.000157938 -2.29658e-05 0.000258584 -4.56846e-05 -1.10251e-05
internal_weight=926669 873080 680712 13388 192368 7073 185295 53589 6406 283 6123 47183 3523 43660 667324
internal_count=926669 873080 680712 13388 192368 7073 185295 53589 6406 283 6123 47183 3523 43660 667324
is_linear=0
shrinkage=0.0145901


Tree=174
num_leaves=13
num_cat=0
split_feature=22 1 15 7 23 5 5 13 4 22 21 1
split_gain=0.70541 2.09626 2.23217 1.74234 1.44115 1.68965 8.60954 2.34951 1.30255 1.06323 2.45015 0.872375
threshold=0.99588799476623546 1.0000000180025095e-35 11.157324790954592 19.656863212585453 0.73602500557899486 1.7745015025138857 1.7958664894104006 3.7601472139358525 6.090146780014039 0.77267900109291088 11.829959869384767 5.5000000000000009
decision_type=2 2 2 2 2 2 2 2 2 2 2 2
left_child=4 2 -2 8 9 7 -7 -6 -3 11 -11 -1
right_child=1 3 -4 -5 5 6 -8 -9 -10 10 -12 -13
leaf_value=-0.00011994027952019599 6.0497080151463957e-05 0.00013393264727350903 0.0045336429337768059 -0.0024499050305132348 -9.1930011105098973e-05 -0.0065347381274043952 -0.00028159763948546336 -0.0013425792045626158 0.0022458449685019461 7.2216984868036626e-05 -0.00020499889226341966 -2.3967409734499805e-06
leaf_weight=13667 47 4699 48 55 7499 54 355 334 63 80831 7409 811608
leaf_count=13667 47 4699 48 55 7499 54 355 334 63 80831 7409 811608
internal_value=-8.21522e-14 0.000174379 0.00232061 0.000132052 -9.29259e-07 -0.000192993 -0.0011072 -0.000145258 0.000161873 8.03595e-07 4.89408e-05 -4.34333e-06
internal_weight=926669 4912 95 4817 921757 8242 409 7833 4762 913515 88240 825275
internal_count=926669 4912 95 4817 921757 8242 409 7833 4762 913515 88240 825275
is_linear=0
shrinkage=0.0145901


Tree=175
num_leaves=12
num_cat=0
split_feature=3 7 3 7 21 15 22 1 23 14 1
split_gain=0.708598 0.866496 0.742698 3.10748 5.80885 3.36645 1.03285 2.65651 1.46757 0.593318 0.351606
threshold=82.333332061767592 11.360389709472658 43.071428298950202 7.019231081008912 11.745863914489748 10.307874202728273 0.99588799476623546 1.0000000180025095e-35 0.73602500557899486 12.679487705230715 10.500000000000002
decision_type=2 2 2 2 2 2 2 2 2 2 2
left_child=2 -2 6 4 -4 -5 8 -8 -1 10 -3
right_child=1 9 3 5 -6 -7 7 -9 -10 -11 -12
leaf_value=1.1575431503707423e-06 0.0025611339835968435 -0.001160335208927638 -0.00074656337096169669 0.0022251596893565792 -0.0060870878083027621 -0.00013347423195836201 0.002930514570595314 0.00017806817464934485 -0.00019462109213589458 0.0015765278761133918 0.00032536465976195083
leaf_weight=911401 46 46 559 139 47 1758 76 4180 8224 64 129
leaf_count=911401 46 46 559 139 47 1758 76 4180 8224 64 129
internal_value=2.31971e-13 0.000727391 -2.2378e-07 -0.000251208 -0.00116076 3.93513e-05 4.56191e-07 0.000227219 -5.93261e-07 0.000374454 -6.51622e-05
internal_weight=926669 285 926384 2503 606 1897 923881 4256 919625 239 175
internal_count=926669 285 926384 2503 606 1897 923881 4256 919625 239 175
is_linear=0
shrinkage=0.0145901


Tree=176
num_leaves=12
num_cat=0
split_feature=5 16 22 14 3 4 13 4 28 9 10
split_gain=0.699026 3.95595 1.70189 2.13468 1.328 1.16834 1.1239 0.791709 0.77857 0.653689 0.609181
threshold=2.2442754507064824 3.2795320749282841 0.99873849749565136 3.5108695030212407 82.333332061767592 5.8721139430999765 4.8638560771942148 4.0517470836639413 0.0012068562209606173 4.1198248863220224 3.744644403457642
decision_type=2 2 2 2 2 2 2 2 2 2 2
left_child=2 -2 4 -4 5 -1 -6 -5 10 -10 -3
right_child=1 8 3 7 6 -7 -8 -9 9 -11 -12
leaf_value=1.3062980405917153e-07 -0.0037043020763234086 0.00045459490214225186 0.0039050712080414248 -0.00086946647876279379 0.00032203790653823018 0.00061052784676587511 0.0027640223313458775 0.0017137895587225555 -0.00021828882999097885 0.0011277385329135448 -0.00016536256960768112
leaf_weight=919147 66 799 53 56 100 668 67 46 5005 78 584
leaf_count=919147 66 799 53 56 100 668 67 46 5005 78 584
internal_value=5.53065e-13 -0.000150399 1.06767e-06 0.00152976 8.10118e-07 5.7392e-07 0.00130176 0.000295531 -0.000114123 -0.000197634 0.000192805
internal_weight=926669 6532 920137 155 919982 919815 167 102 6466 5083 1383
internal_count=926669 6532 920137 155 919982 919815 167 102 6466 5083 1383
is_linear=0
shrinkage=0.0145901


Tree=177
num_leaves=15
num_cat=0
split_feature=0 28 7 28 29 23 12 4 22 1 1 8 17 2
split_gain=0.692776 1.41423 1.81801 1.69253 0.939325 1.53684 1.25725 1.14496 8.7237 1.00044 0.991199 0.928773 1.42102 0.903728
threshold=1.0000000180025095e-35 -0.022426406852900978 16.071428298950199 -0.34082224965095514 0.53379990160465252 0.023450500331819061 1.7596514821052553 2.3502402305603032 0.92900449037551891 168.50000000000003 51.500000000000007 1.5102124810218813 3.552963495254517 1.4978661537170412
decision_type=2 2 2 2 2 2 2 2 2 2 2 2 2 2
left_child=4 2 3 -2 5 9 -7 10 -9 -1 -6 13 -13 -3
right_child=1 11 -4 -5 7 6 -8 8 -10 -11 -12 12 -14 -15
leaf_value=0.00027175839254565699 -4.2127768364492296e-05 2.4475414044137292e-05 0.0025938756112495807 0.00012672323419251458 -0.0001000994193467838 -9.3739257822837479e-05 -0.0025067491520307759 -0.00010058548510571268 0.0044413960721899981 -1.1914197095506191e-05 5.5920403993784684e-06 -3.3705972803734861e-05 1.6405592753933949e-05 0.00015625228396621551
leaf_weight=4089 18409 101476 61 40304 21121 58889 46 597 106 7502 178693 229927 253013 12436
leaf_count=4089 18409 101476 61 40304 21121 58889 46 597 106 7502 178693 229927 253013 12436
internal_value=3.65401e-13 8.11116e-06 7.63969e-05 7.37813e-05 -1.96201e-05 -6.54182e-05 -9.56227e-05 -3.51194e-06 0.000584265 8.8158e-05 -5.5799e-06 1.38684e-06 -7.45245e-06 3.88618e-05
internal_weight=926669 655626 58774 58713 271043 70526 58935 200517 703 11591 199814 596852 482940 113912
internal_count=926669 655626 58774 58713 271043 70526 58935 200517 703 11591 199814 596852 482940 113912
is_linear=0
shrinkage=0.0145901


Tree=178
num_leaves=12
num_cat=0
split_feature=5 16 22 14 18 22 9 4 28 9 10
split_gain=0.683228 3.83927 1.64907 2.07579 1.31117 4.85793 1.91967 0.768489 0.751251 0.634749 0.592933
threshold=2.2442754507064824 3.2795320749282841 0.99873849749565136 3.5108695030212407 5.1269311904907235 0.99809950590133678 2.2773199081420903 4.0517470836639413 0.0012068562209606173 4.1198248863220224 3.744644403457642
decision_type=2 2 2 2 2 2 2 2 2 2 2
left_child=2 -2 4 -4 5 -1 -6 -5 10 -10 -3
right_child=1 8 3 7 6 -7 -8 -9 9 -11 -12
leaf_value=-1.0109822881732524e-06 -0.0036497921702284674 0.00044681723026764069 0.003848156996351429 -0.00085903350872610306 -0.00017057740617854421 -0.0039594785185136849 0.00024326950608744268 0.0016860583458355529 -0.00021533895461771322 0.0011110453558308049 -0.00016481649784235689
leaf_weight=906721 66 799 53 56 3127 66 10068 46 5005 78 584
leaf_count=906721 66 799 53 56 3127 66 10068 46 5005 78 584
internal_value=4.65927e-13 -0.00014869 1.05554e-06 0.00150584 8.02013e-07 -1.2991e-06 0.000145195 0.000288753 -0.000112953 -0.000194985 0.000188542
internal_weight=926669 6532 920137 155 919982 906787 13195 102 6466 5083 1383
internal_count=926669 6532 920137 155 919982 906787 13195 102 6466 5083 1383
is_linear=0
shrinkage=0.0145901


Tree=179
num_leaves=13
num_cat=0
split_feature=27 5 18 5 15 1 23 14 29 1 14 11
split_gain=0.682083 5.88886 23.1102 8.25595 4.28591 2.24118 2.74843 2.39721 2.39068 1.18002 1.74161 1.10412
threshold=1.0000000180025095e-35 1.9111495018005373 4.1510088443756112 1.7671399712562563 13.401224136352541 1.5000000000000002 0.076619498431682601 1.3257575035095217 -0.15134296566247937 6.5000000000000009 1.8603895306587221 5.9853553771972665
decision_type=2 2 2 2 2 2 2 2 2 2 2 2
left_child=1 3 -3 4 -1 6 7 -2 -8 10 -7 -11
right_child=5 2 -4 -5 -6 9 8 -9 -10 11 -12 -13
leaf_value=8.0232867559118404e-05 -0.0051265157022299121 -0.011022513466174576 0.0023227025299505004 0.0049781525369990715 0.0024302847109366117 -2.5517177580586781e-05 -0.00041811607780412036 -0.0005940445227860851 0.00023652382140499408 -1.6955610713629797e-06 0.00021492966741102352 -0.00045173331361598941
leaf_weight=9903 46 47 67 75 168 12477 4367 54 1631 883479 13193 1162
leaf_count=9903 46 47 67 75 168 12477 4367 54 1631 883479 13193 1162
internal_value=1.91489e-13 0.0001183 -0.00317927 0.000155351 0.000119435 -1.32447e-06 -0.000280099 -0.00267898 -0.000240104 5.42982e-07 9.80596e-05 -2.2867e-06
internal_weight=926669 10260 114 10146 10071 916409 6098 100 5998 910311 25670 884641
internal_count=926669 10260 114 10146 10071 916409 6098 100 5998 910311 25670 884641
is_linear=0
shrinkage=0.0145901


Tree=180
num_leaves=16
num_cat=0
split_feature=21 21 1 5 1 20 8 11 9 1 23 9 10 28 22
split_gain=0.677331 1.53748 2.07878 4.46598 2.03762 4.70235 1.64063 1.47509 6.80103 16.2988 1.61172 1.39507 3.43629 1.31045 1.2216
threshold=12.016354084014894 8.2939243316650408 4.5000000000000009 1.8721465468406679 1.5000000000000002 0.14965700358152392 4.7275352478027353 3.9676303863525395 1.9648454785346987 5.5000000000000009 0.58847349882125866 3.6984719038009648 2.1445714235305791 -0.03602336905896663 0.99548199772834789
decision_type=2 2 2 2 2 2 2 2 2 2 2 2 2 2 2
left_child=1 2 3 -1 5 -3 -6 11 9 -9 -10 13 -13 -2 -4
right_child=7 4 14 -5 6 -7 -8 8 10 -11 -12 12 -14 -15 -16
leaf_value=0.00018878978302422713 0.00025304270363355792 -0.0047546263089514439 -1.0172422121960775e-05 -0.0042695709859853735 3.1516328236375039e-05 -0.00017243488490756786 0.00015791125394084711 -0.010120955210512652 -4.2119775356107248e-05 -0.00086709733607444838 -0.00064839652490424917 -0.0047140111498691012 0.00044921847974470786 -4.0085206756867778e-05 -0.00061868992156942435
leaf_weight=13340 3508 48 666621 48 159974 7025 25321 49 4974 234 1149 46 68 43561 703
leaf_count=13340 3508 48 666621 48 159974 7025 25321 49 4974 234 1149 46 68 43561 703
internal_value=-6.41165e-13 3.09034e-06 -7.20213e-06 0.000172805 3.95112e-05 -0.000203531 4.87885e-05 -5.03483e-05 -0.000258092 -0.00246936 -0.000155889 -2.21431e-05 -0.00163419 -1.82387e-05 -1.08135e-05
internal_weight=926669 873080 680712 13388 192368 7073 185295 53589 6406 283 6123 47183 114 47069 667324
internal_count=926669 873080 680712 13388 192368 7073 185295 53589 6406 283 6123 47183 114 47069 667324
is_linear=0
shrinkage=0.0145901


Tree=181
num_leaves=14
num_cat=0
split_feature=9 28 15 13 21 13 22 16 11 9 19 7 11
split_gain=0.674785 2.59131 7.75504 3.09823 2.68637 6.31312 1.88212 1.58945 2.21972 1.29123 1.23755 1.03979 1.09899
threshold=3.5409667491912846 -0.13119563832879064 8.5663428306579608 5.2135236263275155 11.732142925262453 4.2340295314788827 0.98362198472023021 12.450990200042726 5.5337600708007821 2.4849387407302861 5.5000000000000009 26.500000000000004 4.2768590450286874
decision_type=2 2 2 2 2 2 2 2 2 2 2 2 2
left_child=7 2 -2 -4 6 -6 -3 11 9 -9 -10 12 -1
right_child=1 4 3 -5 5 -7 -8 8 10 -11 -12 -13 -14
leaf_value=-2.7435916892204099e-06 -0.005771555054096272 -5.1748446063971486e-05 -0.00065480232757478534 0.0027563650433209265 -0.00018293028340590387 -0.002779268140043967 0.00038443769794203794 0.0026333630194486056 0.0024611763139869756 0.00014894424006554343 0.0003084226584738349 -0.0019356167655040059 6.5045029744485139e-05
leaf_weight=846377 62 19620 1024 60 1000 249 2359 46 164 1395 87 59 54167
leaf_count=846377 62 19620 1024 60 1000 249 2359 46 164 1395 87 59 54167
internal_value=1.4111e-12 -7.57511e-05 -0.00075303 -0.000465992 -4.23361e-05 -0.000700535 -4.93271e-06 2.04629e-06 0.000448805 0.000228253 0.001715 1.20695e-06 1.33384e-06
internal_weight=926669 24374 1146 1084 23228 1249 21979 902295 1692 1441 251 900603 900544
internal_count=926669 24374 1146 1084 23228 1249 21979 902295 1692 1441 251 900603 900544
is_linear=0
shrinkage=0.0145901


Tree=182
num_leaves=11
num_cat=0
split_feature=5 16 22 7 3 12 13 28 9 9
split_gain=0.670175 3.99525 1.57818 2.11511 1.30435 1.07561 1.0744 0.85139 0.617499 0.590802
threshold=2.2240124940872197 3.2795320749282841 0.99873849749565136 7.019231081008912 82.333332061767592 2.8624296188354497 4.8638560771942148 0.0028804026078432803 3.3364613056182866 4.1198248863220224
decision_type=2 2 2 2 2 2 2 2 2 2
left_child=2 -2 4 -4 5 -1 -6 8 -3 -9
right_child=1 7 3 -5 6 -7 -8 9 -10 -11
leaf_value=5.8092869062251652e-08 -0.0036089273183527943 5.3824657536432527e-05 0.0033500581737583063 -0.00011268918232174778 0.00032447965813963699 0.00044442645138502749 0.0027218365701934988 -0.0002119339834609523 0.00079416957291340178 0.0010358567064157594
leaf_weight=918002 70 1342 70 81 98 1161 67 5404 292 82
leaf_count=918002 70 1342 70 81 98 1161 67 5404 292 82
internal_value=1.16747e-12 -0.000140312 1.09719e-06 0.00149256 8.52221e-07 6.19377e-07 0.00129795 -0.000106211 0.000186126 -0.000193283
internal_weight=926669 7190 919479 151 919328 919163 165 7120 1634 5486
internal_count=926669 7190 919479 151 919328 919163 165 7120 1634 5486
is_linear=0
shrinkage=0.0145901


Tree=183
num_leaves=14
num_cat=0
split_feature=20 12 22 22 9 22 23 14 9 13 7 27 1
split_gain=0.664324 1.46321 2.54249 2.63406 1.52924 5.99078 2.06759 0.82751 2.2553 1.49438 0.980454 1.91222 0.975767
threshold=0.53093749284744274 1.2172845005989077 0.99809950590133678 0.98834499716758739 2.2612538337707524 0.99823999404907238 0.11432600021362306 7.683333396911622 1.386272728443146 4.2340295314788827 2.3397434949874882 1.0000000180025095e-35 18.500000000000004
decision_type=2 2 2 2 2 2 2 2 2 2 2 2 2
left_child=7 2 3 -2 5 -3 -6 10 -9 -10 12 -12 -1
right_child=1 4 -4 -5 6 -7 -8 8 9 -11 11 -13 -14
leaf_value=0.00012592677033216367 -2.832171840587885e-06 7.4844290583221851e-06 0.0033502238152726435 -0.00049184140388116356 -0.0006804622272684372 -0.0033549104988663423 0.00010809828647025271 0.0030598241563115024 0.00011558178989792683 0.0028000625533282312 -0.0013108913910276521 -5.5098148559460049e-05 -6.3345826022592011e-06
leaf_weight=12175 220550 63083 48 2370 715 113 70254 63 1093 46 259 75702 480198
leaf_count=12175 220550 63083 48 2370 715 113 70254 63 1093 46 259 75702 480198
internal_value=-7.45594e-13 1.56002e-05 -7.30817e-06 -8.03113e-06 5.36715e-05 1.47217e-06 0.000100154 -9.78227e-06 0.000372631 0.000223998 -1.05911e-05 -5.938e-05 -3.06413e-06
internal_weight=926669 357133 222968 222920 134165 63196 70969 569536 1202 1139 568334 75961 492373
internal_count=926669 357133 222968 222920 134165 63196 70969 569536 1202 1139 568334 75961 492373
is_linear=0
shrinkage=0.0145901


Tree=184
num_leaves=14
num_cat=0
split_feature=9 19 15 28 1 15 16 11 9 15 7 11 1
split_gain=0.663021 2.55962 14.6511 8.12506 3.24377 2.22125 1.53979 2.14944 1.25353 1.22166 1.01627 1.05756 0.96149
threshold=3.5409667491912846 1.0000000180025095e-35 8.5663428306579608 0.05616573058068753 2.5000000000000004 9.0471143722534197 12.450990200042726 5.5337600708007821 2.4849387407302861 11.280691146850588 26.500000000000004 4.2768590450286874 4.5000000000000009
decision_type=2 2 2 2 2 2 2 2 2 2 2 2 2
left_child=6 2 -2 -4 5 -3 10 8 -8 -9 11 -1 -6
right_child=1 4 3 -5 12 -7 7 9 -10 -11 -12 -13 -14
leaf_value=-2.672154115709469e-06 -0.0064898782412516013 -0.0027213673984061333 -0.00037917064592250159 0.0050800668659247133 0.0005766082876645861 -0.00059802607105701887 0.0025944627929773002 0.0011991690703983037 0.00014657834359955291 0.0038083630764531688 -0.0019135891159273643 6.382661481760573e-05 4.3957248250496563e-06
leaf_weight=846377 83 127 3542 59 646 602 46 204 1395 47 59 54167 19315
leaf_count=846377 83 127 3542 59 646 602 46 204 1395 47 59 54167 19315
internal_value=-1.09704e-12 -7.50879e-05 -0.000429413 -0.000289725 -1.19977e-05 -0.000967936 2.02837e-06 0.000441753 0.00022472 0.00168774 1.20224e-06 1.32769e-06 2.29143e-05
internal_weight=926669 24374 3684 3601 20690 729 902295 1692 1441 251 900603 900544 19961
internal_count=926669 24374 3684 3601 20690 729 902295 1692 1441 251 900603 900544 19961
is_linear=0
shrinkage=0.0145901


Tree=185
num_leaves=15
num_cat=0
split_feature=0 28 7 28 29 23 12 4 22 1 1 8 17 18
split_gain=0.656285 1.38039 1.77514 1.58948 0.921146 1.48933 1.221 1.1134 8.48025 0.968105 0.961734 0.920873 1.33519 0.881935
threshold=1.0000000180025095e-35 -0.022426406852900978 16.071428298950199 -0.34082224965095514 0.53379990160465252 0.023450500331819061 1.7596514821052553 2.3502402305603032 0.92900449037551891 51.500000000000007 166.50000000000003 1.5102124810218813 3.552963495254517 1.4978661537170412
decision_type=2 2 2 2 2 2 2 2 2 2 2 2 2 2
left_child=4 2 3 -2 5 10 -7 9 -9 -6 -1 13 -13 -3
right_child=1 11 -4 -5 7 6 -8 8 -10 -11 -12 12 -14 -15
leaf_value=0.00026808206152093933 -3.9551183023471149e-05 2.9068990553096463e-05 0.0025629759442758328 0.00012407891411736865 -9.8596036039817428e-05 -9.232698211269836e-05 -0.0024702954025966613 -9.8751561510000677e-05 0.004379405686043363 5.8569220493784107e-06 -1.0660672980944339e-05 -3.29986513181171e-05 1.5575919760291491e-05 0.00021209637365878401
leaf_weight=4050 18409 108001 61 40304 21121 58889 46 597 106 178693 7541 229927 253013 5911
leaf_count=4050 18409 108001 61 40304 21121 58889 46 597 106 178693 7541 229927 253013 5911
internal_value=8.07352e-13 7.89464e-06 7.53585e-05 7.2774e-05 -1.90963e-05 -6.44491e-05 -9.4183e-05 -3.14484e-06 0.000576476 -5.1841e-06 8.67346e-05 1.25125e-06 -7.55036e-06 3.85665e-05
internal_weight=926669 655626 58774 58713 271043 70526 58935 200517 703 199814 11591 596852 482940 113912
internal_count=926669 655626 58774 58713 271043 70526 58935 200517 703 199814 11591 596852 482940 113912
is_linear=0
shrinkage=0.0145901


Tree=186
num_leaves=16
num_cat=0
split_feature=27 14 3 6 19 22 20 16 1 23 13 29 1 14 11
split_gain=0.6594 5.7728 9.69563 35.7047 10.1182 3.56008 13.8522 4.17485 2.12618 2.65428 2.36958 2.31577 1.10868 1.67755 1.09186
threshold=1.0000000180025095e-35 3.1702899932861333 9.9782609939575213 4.5000000000000009 18.500000000000004 1.0000000180025095e-35 0.76004502177238475 4.7769086360931405 1.5000000000000002 0.076619498431682601 0.38637298345565801 -0.15134296566247937 6.5000000000000009 1.8603895306587221 5.9853553771972665
decision_type=2 2 2 2 2 2 2 2 2 2 2 2 2 2 2
left_child=1 5 3 -3 -4 7 -7 -1 9 10 -2 -11 13 -10 -14
right_child=8 2 4 -5 -6 6 -8 -9 12 11 -12 -13 14 -15 -16
leaf_value=0.00069927285118097111 -0.00051529713772318394 -6.7749086957790759e-05 0.0010260051083746825 -0.014745375702023996 -0.0060581685202520793 -0.0013062759640681606 0.00039403250347239458 -0.00045757208955492413 -2.6243468987449183e-05 -0.00040872797883130773 -0.0050152338736503925 0.00023557525148021027 -1.6383053206973155e-06 0.00020973975704637716 -0.00044916998080646564
leaf_weight=3749 53 126 303 49 50 1397 3779 807 12477 4367 47 1631 883479 13193 1162
leaf_count=3749 53 126 303 49 50 1397 3779 807 12477 4367 47 1631 883479 13193 1162
internal_value=3.00406e-13 0.000116316 -0.00136949 -0.00417748 2.25811e-05 0.000196927 -6.488e-05 0.000494362 -1.30226e-06 -0.00027283 -0.00263027 -0.000233526 5.16651e-07 9.50392e-05 -2.22615e-06
internal_weight=926669 10260 528 175 353 9732 5176 4556 916409 6098 100 5998 910311 25670 884641
internal_count=926669 10260 528 175 353 9732 5176 4556 916409 6098 100 5998 910311 25670 884641
is_linear=0
shrinkage=0.0145901


Tree=187
num_leaves=11
num_cat=0
split_feature=5 16 22 7 3 12 13 28 9 9
split_gain=0.658195 3.86824 1.53285 2.05395 1.26773 1.04316 1.04096 0.823929 0.601914 0.575724
threshold=2.2240124940872197 3.2795320749282841 0.99873849749565136 7.019231081008912 82.333332061767592 2.8624296188354497 4.8638560771942148 0.0028804026078432803 3.3364613056182866 4.1198248863220224
decision_type=2 2 2 2 2 2 2 2 2 2
left_child=2 -2 4 -4 5 -1 -6 8 -3 -9
right_child=1 7 3 -5 6 -7 -8 9 -10 -11
leaf_value=6.3608183632438697e-08 -0.0035520875868314426 5.1465039593574366e-05 0.0033014198050210822 -0.00011090029534580197 0.00032140560571292191 0.00043767728458229765 0.0026811592332271631 -0.00020956531322537456 0.00078240753428445841 0.001022200359708485
leaf_weight=918002 70 1342 70 81 98 1161 67 5404 292 82
leaf_count=918002 70 1342 70 81 98 1161 67 5404 292 82
internal_value=8.25528e-14 -0.000139053 1.08734e-06 0.00147097 8.45913e-07 6.16361e-07 0.00127961 -0.000105497 0.000182086 -0.000191154
internal_weight=926669 7190 919479 151 919328 919163 165 7120 1634 5486
internal_count=926669 7190 919479 151 919328 919163 165 7120 1634 5486
is_linear=0
shrinkage=0.0145901


Tree=188
num_leaves=15
num_cat=0
split_feature=21 21 1 5 1 20 20 11 9 29 23 9 28 22
split_gain=0.656252 1.45809 1.9891 4.33758 1.90692 4.56633 1.57483 1.43735 6.59549 16.0697 1.56869 1.36036 1.30811 1.21489
threshold=12.016354084014894 8.2939243316650408 4.5000000000000009 1.8721465468406679 1.5000000000000002 0.14965700358152392 0.49753549695014959 3.9676303863525395 1.9648454785346987 -0.024647688493132588 0.53455951809883129 3.8381799459457402 -0.03602336905896663 0.99548199772834789
decision_type=2 2 2 2 2 2 2 2 2 2 2 2 2 2
left_child=1 2 3 -1 5 -3 -6 11 9 -9 -10 12 -2 -4
right_child=7 4 13 -5 6 -7 -8 8 10 -11 -12 -13 -14 -15
leaf_value=0.0001848536300224298 0.00025159591858524082 -0.0046813982792858842 -9.8746477782601727e-06 -0.0042089498754181182 -6.669732930440644e-06 -0.00016596569059739927 8.0892717782084865e-05 -0.010222886179218415 -2.8367743288209923e-05 -0.00088068830867992843 -0.00058814315025357083 -0.0023149613814700811 -4.0872436917485872e-05 -0.00061671992730114359
leaf_weight=13340 3518 48 666621 48 70696 7025 114599 47 4749 236 1374 55 43610 703
leaf_count=13340 3518 48 666621 48 70696 7025 114599 47 4749 236 1374 55 43610 703
internal_value=6.2162e-13 3.04188e-06 -6.98134e-06 0.000169101 3.851e-05 -0.000196609 4.74848e-05 -4.95587e-05 -0.000254628 -0.00243222 -0.000153981 -2.17166e-05 -1.90403e-05 -1.05139e-05
internal_weight=926669 873080 680712 13388 192368 7073 185295 53589 6406 283 6123 47183 47128 667324
internal_count=926669 873080 680712 13388 192368 7073 185295 53589 6406 283 6123 47183 47128 667324
is_linear=0
shrinkage=0.0145901


Tree=189
num_leaves=14
num_cat=0
split_feature=9 19 15 28 1 15 16 11 9 10 7 11 1
split_gain=0.644807 2.48401 14.2253 7.8883 3.14888 2.1622 1.49442 2.09039 1.21651 1.21128 0.996337 1.01157 0.923851
threshold=3.5409667491912846 1.0000000180025095e-35 8.5663428306579608 0.05616573058068753 2.5000000000000004 9.0471143722534197 12.450990200042726 5.5337600708007821 2.4849387407302861 2.3988069295883183 26.500000000000004 4.2768590450286874 4.5000000000000009
decision_type=2 2 2 2 2 2 2 2 2 2 2 2 2
left_child=6 2 -2 -4 5 -3 10 8 -8 -9 11 -1 -6
right_child=1 4 3 -5 12 -7 7 9 -10 -11 -12 -13 -14
leaf_value=-2.6012427129619949e-06 -0.0063948491367406927 -0.0026837186940024365 -0.00037359174007246132 0.0050055184048245641 0.00056524799144908142 -0.00058879024591033924 0.002555651391987321 -0.00031879198242436242 0.00014418810876191913 0.0021820586281820886 -0.0018947348085484581 6.2435511592054047e-05 4.3471520191496887e-06
leaf_weight=846377 83 127 3542 59 646 602 46 52 1395 199 59 54167 19315
leaf_count=846377 83 127 3542 59 646 602 46 52 1395 199 59 54167 19315
internal_value=5.01213e-13 -7.40493e-05 -0.000423102 -0.000285459 -1.18979e-05 -0.00095375 2.00032e-06 0.000435198 0.000221168 0.00166395 1.18645e-06 1.31067e-06 2.24996e-05
internal_weight=926669 24374 3684 3601 20690 729 902295 1692 1441 251 900603 900544 19961
internal_count=926669 24374 3684 3601 20690 729 902295 1692 1441 251 900603 900544 19961
is_linear=0
shrinkage=0.0145901


Tree=190
num_leaves=11
num_cat=0
split_feature=5 16 22 7 3 4 22 28 29 9
split_gain=0.640915 3.75491 1.49653 1.98888 1.23834 1.03448 1.02318 0.80195 0.58822 0.559163
threshold=2.2240124940872197 3.2795320749282841 0.99873849749565136 7.019231081008912 82.333332061767592 5.8721139430999765 0.9942770004272462 0.0028804026078432803 1.0000000180025095e-35 4.1198248863220224
decision_type=2 2 2 2 2 2 2 2 2 2
left_child=2 -2 4 -4 5 -1 -6 8 -3 -9
right_child=1 7 3 -5 6 -7 -8 9 -10 -11
leaf_value=1.964283688184314e-07 -0.0034998798181113825 0.00010128246756728136 0.0032546584124993126 -0.00010316866291983232 0.00044117087743034253 0.00058335203364142448 0.0028676076442277114 -0.00020680614797659349 0.0011584435204220827 0.0010071141051806994
leaf_weight=918515 70 1513 70 81 109 648 56 5404 121 82
leaf_count=918515 70 1513 70 81 109 648 56 5404 121 82
internal_value=1.06507e-12 -0.000137215 1.07297e-06 0.00145344 8.34423e-07 6.07547e-07 0.00126469 -0.000104155 0.000179567 -0.000188662
internal_weight=926669 7190 919479 151 919328 919163 165 7120 1634 5486
internal_count=926669 7190 919479 151 919328 919163 165 7120 1634 5486
is_linear=0
shrinkage=0.0145901


Tree=191
num_leaves=15
num_cat=0
split_feature=21 21 1 19 1 20 29 11 9 1 23 9 22 22
split_gain=0.635367 1.41609 1.93051 4.25357 1.84004 4.43472 1.5626 1.39965 6.4016 15.7364 1.52786 1.317 1.2943 1.18962
threshold=12.016354084014894 8.2939243316650408 4.5000000000000009 1.5000000000000002 1.5000000000000002 0.14965700358152392 -0.051579724997282021 3.9676303863525395 1.9648454785346987 5.5000000000000009 0.58847349882125866 3.8381799459457402 0.99777299165725719 0.99548199772834789
decision_type=2 2 2 2 2 2 2 2 2 2 2 2 2 2
left_child=1 2 3 -1 5 -3 -6 11 9 -9 -10 12 -2 -4
right_child=7 4 13 -5 6 -7 -8 8 10 -11 -12 -13 -14 -15
leaf_value=-0.0039585209937520877 -1.5903271327263662e-05 -0.0046126955971846767 -9.7323039722002627e-06 0.00018297977588727486 0.00018162363204606718 -0.00016281384757258139 3.3451645495736156e-05 -0.0099148951870716689 -4.1199177933959169e-05 -0.00082210054380983568 -0.00063149364326488039 -0.0022776898596920192 -0.0021425340159160508 -0.00061023204230626358
leaf_weight=53 47067 48 666621 13335 16646 7025 168649 49 4974 234 1149 55 61 703
leaf_count=53 47067 48 666621 13335 16646 7025 168649 49 4974 234 1149 55 61 703
internal_value=1.63806e-13 2.99308e-06 -6.88473e-06 0.000166585 3.79466e-05 -0.000193012 4.67627e-05 -4.87637e-05 -0.000251126 -0.00239647 -0.00015197 -2.12892e-05 -1.86559e-05 -1.03649e-05
internal_weight=926669 873080 680712 13388 192368 7073 185295 53589 6406 283 6123 47183 47128 667324
internal_count=926669 873080 680712 13388 192368 7073 185295 53589 6406 283 6123 47183 47128 667324
is_linear=0
shrinkage=0.0145901


Tree=192
num_leaves=14
num_cat=0
split_feature=9 19 15 28 1 15 16 11 1 9 7 11 1
split_gain=0.626631 2.41202 13.8136 7.65511 3.05446 2.10115 1.45007 2.02821 1.20169 1.18085 0.971498 0.98045 0.891934
threshold=3.5409667491912846 1.0000000180025095e-35 8.5663428306579608 0.05616573058068753 2.5000000000000004 9.0471143722534197 12.450990200042726 5.5337600708007821 178.50000000000003 2.4849387407302861 26.500000000000004 4.2768590450286874 4.5000000000000009
decision_type=2 2 2 2 2 2 2 2 2 2 2 2 2
left_child=6 2 -2 -4 5 -3 10 9 -9 -8 11 -1 -6
right_child=1 4 3 -5 12 -7 7 8 -10 -11 -12 -13 -14
leaf_value=-2.5583825153444893e-06 -0.0063016514369729397 -0.0026447482088961445 -0.00036813920228858472 0.0049308678774290004 0.00055541421464238053 -0.00057960712972355958 0.0025178891157889654 0.0023232103668592097 0.00014944439032147481 0.0001420264732779214 -0.0018709695781667787 6.147013110764974e-05 4.2877054841420606e-06
leaf_weight=846377 83 127 3542 59 646 602 46 172 79 1395 59 54167 19315
leaf_count=846377 83 127 3542 59 646 602 46 172 79 1395 59 54167 19315
internal_value=6.13321e-13 -7.29981e-05 -0.000416956 -0.000281318 -1.17541e-05 -0.000939378 1.97192e-06 0.000428693 0.00163904 0.000217869 1.17023e-06 1.29288e-06 2.21239e-05
internal_weight=926669 24374 3684 3601 20690 729 902295 1692 251 1441 900603 900544 19961
internal_count=926669 24374 3684 3601 20690 729 902295 1692 251 1441 900603 900544 19961
is_linear=0
shrinkage=0.0145901


Tree=193
num_leaves=11
num_cat=0
split_feature=5 16 22 7 3 12 22 28 9 9
split_gain=0.624498 3.64525 1.4615 1.93239 1.21091 1.00912 0.992675 0.777213 0.591016 0.543214
threshold=2.2240124940872197 3.2795320749282841 0.99873849749565136 7.019231081008912 82.333332061767592 2.8624296188354497 0.9942770004272462 0.0028804026078432803 3.3364613056182866 4.1198248863220224
decision_type=2 2 2 2 2 2 2 2 2 2
left_child=2 -2 4 -4 5 -1 -6 8 -3 -9
right_child=1 7 3 -5 6 -7 -8 9 -10 -11
leaf_value=5.539127981469842e-08 -0.0034486452035620055 4.7005879532495739e-05 0.0032117835790338302 -9.8015976576803124e-05 0.00043945275345718147 0.00043046921069493605 0.0028294412540978598 -0.00020394953391556964 0.00077130061445579326 0.0009925323544123202
leaf_weight=918002 70 1342 70 81 109 1161 56 5404 292 82
leaf_count=918002 70 1342 70 81 109 1161 56 5404 292 82
internal_value=-4.82004e-13 -0.000135446 1.05914e-06 0.00143633 8.23398e-07 5.99049e-07 0.0012506 -0.000102873 0.000176439 -0.000186066
internal_weight=926669 7190 919479 151 919328 919163 165 7120 1634 5486
internal_count=926669 7190 919479 151 919328 919163 165 7120 1634 5486
is_linear=0
shrinkage=0.0145901


Tree=194
num_leaves=15
num_cat=0
split_feature=27 14 11 21 2 21 5 1 29 1 29 29 3 5
split_gain=0.622619 5.59457 10.2464 5.22303 4.29755 4.02708 3.45681 1.97975 2.57877 3.28608 1.3256 1.05645 3.44239 0.768915
threshold=1.0000000180025095e-35 2.7350875139236455 2.7285722494125371 10.396821498870851 4.6586997509002694 13.692978858947756 1.7363784909248354 1.5000000000000002 -0.15134296566247937 1.0000000180025095e-35 -0.034227009862661355 -0.041332654654979699 7.7573530673980722 1.6074219942092898
decision_type=2 2 2 2 2 2 2 2 2 2 2 2 2 2
left_child=1 4 -3 -4 5 -1 -6 8 9 -2 -10 12 -9 -13
right_child=7 2 3 -5 6 -7 -8 11 10 -11 -12 13 -14 -15
leaf_value=0.00021088418485981536 -0.00021101460599993636 -0.0059196116738353182 -0.0017601045447510511 0.00063737532647103871 0.00070269685538228599 -0.0031182736434144974 0.0060384668179024794 4.3739758883100646e-06 0.0016108136811929627 -0.0011151244772355554 0.00010666225084951112 -2.4018088423554726e-07 0.00027137268530414885 -5.7389012634061686e-05
leaf_weight=9220 3303 82 367 409 56 78 48 51815 136 1155 1504 792172 12823 53501
leaf_count=9220 3303 82 367 409 56 78 48 51815 136 1155 1504 792172 12823 53501
internal_value=3.17019e-13 0.000113026 -0.00101478 -0.000496484 0.000215946 0.000182956 0.00316536 -1.26542e-06 -0.000263276 -0.000445256 0.000231397 4.8974e-07 5.73416e-05 -3.85567e-06
internal_weight=926669 10260 858 776 9402 9298 104 916409 6098 4458 1640 910311 64638 845673
internal_count=926669 10260 858 776 9402 9298 104 916409 6098 4458 1640 910311 64638 845673
is_linear=0
shrinkage=0.0145901


Tree=195
num_leaves=15
num_cat=0
split_feature=0 28 7 4 29 23 12 4 22 1 8 17 1 2
split_gain=0.625163 1.3193 1.7249 1.47533 0.912689 1.42824 1.18348 1.08316 8.24292 0.948261 0.906049 1.27689 0.904158 0.85815
threshold=1.0000000180025095e-35 -0.022426406852900978 16.071428298950199 4.4005842208862314 0.53379990160465252 0.023450500331819061 1.7596514821052553 2.3502402305603032 0.92900449037551891 51.500000000000007 1.5102124810218813 3.552963495254517 168.50000000000003 1.4978661537170412
decision_type=2 2 2 2 2 2 2 2 2 2 2 2 2 2
left_child=4 2 3 -2 5 12 -7 9 -9 -6 13 -12 -1 -3
right_child=1 10 -4 -5 7 6 -8 8 -10 -11 11 -13 -14 -15
leaf_value=0.00025881005313877072 8.3210530275195971e-05 2.4205238552247718e-05 0.0025258174736502415 -0.00037098843383738018 -9.7220898170678559e-05 -9.107257095835755e-05 -0.0024322172498212023 -9.6779143886894712e-05 0.0043182711737067506 6.1559595746206999e-06 -3.2406527802191703e-05 1.5095744009528943e-05 -1.0866340130802022e-05 0.00015261612155399742
leaf_weight=4089 57149 101476 61 1564 21121 58889 46 597 106 178693 229927 253013 7502 12436
leaf_count=4089 57149 101476 61 1564 21121 58889 46 597 106 178693 229927 253013 7502 12436
internal_value=5.12191e-13 7.70518e-06 7.36592e-05 7.11116e-05 -1.86381e-05 -6.37821e-05 -9.28999e-05 -2.75995e-06 0.000568933 -4.77132e-06 1.21047e-06 -7.52002e-06 8.42684e-05 3.82241e-05
internal_weight=926669 655626 58774 58713 271043 70526 58935 200517 703 199814 596852 482940 11591 113912
internal_count=926669 655626 58774 58713 271043 70526 58935 200517 703 199814 596852 482940 11591 113912
is_linear=0
shrinkage=0.0145901


Tree=196
num_leaves=14
num_cat=0
split_feature=20 12 22 22 9 22 23 14 9 13 7 27 14
split_gain=0.617885 1.37247 2.39835 2.58033 1.44669 5.85024 1.99686 0.798696 2.1968 1.44986 0.97822 1.80613 0.922953
threshold=0.53093749284744274 1.2172845005989077 0.99809950590133678 0.98834499716758739 2.2612538337707524 0.99823999404907238 0.11432600021362306 7.683333396911622 1.386272728443146 4.2340295314788827 2.3397434949874882 1.0000000180025095e-35 2.2554349899291997
decision_type=2 2 2 2 2 2 2 2 2 2 2 2 2
left_child=7 2 3 -2 5 -3 -6 10 -9 -10 12 -12 -1
right_child=1 4 -4 -5 6 -7 -8 8 9 -11 11 -13 -14
leaf_value=-7.7112494454333078e-06 -2.6981270153424795e-06 7.0873839339735163e-06 0.0032538240138803255 -0.00048669425145532127 -0.00067002075533051993 -0.0033156335240449152 0.00010493476201417413 0.0030183744701321362 0.00011278039355734517 0.0027569786621401047 -0.001275259781970587 -5.4800694368133803e-05 7.7081053439215404e-05
leaf_weight=463334 220550 63083 48 2370 715 113 70254 63 1093 46 259 75702 29039
leaf_count=463334 220550 63083 48 2370 715 113 70254 63 1093 46 259 75702 29039
internal_value=9.04719e-13 1.50451e-05 -7.14162e-06 -7.84379e-06 5.1917e-05 1.14607e-06 9.71272e-05 -9.43416e-06 0.000366263 0.00021957 -1.02287e-05 -5.8962e-05 -2.7104e-06
internal_weight=926669 357133 222968 222920 134165 63196 70969 569536 1202 1139 568334 75961 492373
internal_count=926669 357133 222968 222920 134165 63196 70969 569536 1202 1139 568334 75961 492373
is_linear=0
shrinkage=0.0145901


Tree=197
num_leaves=14
num_cat=0
split_feature=9 19 15 28 1 15 16 11 15 9 7 11 1
split_gain=0.618116 2.35422 13.4102 7.42822 2.972 2.04064 1.40358 1.96497 1.19241 1.14594 0.959346 0.929948 0.864
threshold=3.5409667491912846 1.0000000180025095e-35 8.5663428306579608 0.05616573058068753 2.5000000000000004 9.0471143722534197 12.450990200042726 5.5337600708007821 11.280691146850588 2.4849387407302861 26.500000000000004 4.2768590450286874 4.5000000000000009
decision_type=2 2 2 2 2 2 2 2 2 2 2 2 2
left_child=6 2 -2 -4 5 -3 10 9 -9 -8 11 -1 -6
right_child=1 4 3 -5 12 -7 7 8 -10 -11 -12 -13 -14
leaf_value=-2.4591400025349161e-06 -0.0062104431151638589 -0.0026076474311544254 -0.0003641942056842012 0.0048556924830108952 0.00054629587850502808 -0.00057245940409718561 0.0024800378962845067 0.0011304216513140369 0.0037081807683818791 0.00013955924330302655 -0.0018592236920456854 5.9898542507830456e-05 3.8681598550284546e-06
leaf_weight=846377 83 127 3542 59 646 602 46 204 47 1395 59 54167 19315
leaf_count=846377 83 127 3542 59 646 602 46 204 47 1395 59 54167 19315
internal_value=8.45835e-14 -7.25005e-05 -0.000412312 -0.00027867 -1.19947e-05 -0.000927012 1.95848e-06 0.000421783 0.00161311 0.000214273 1.16974e-06 1.29162e-06 2.14228e-05
internal_weight=926669 24374 3684 3601 20690 729 902295 1692 251 1441 900603 900544 19961
internal_count=926669 24374 3684 3601 20690 729 902295 1692 251 1441 900603 900544 19961
is_linear=0
shrinkage=0.0145901


Tree=198
num_leaves=16
num_cat=0
split_feature=21 11 9 29 23 21 1 5 1 20 20 28 4 22 22
split_gain=0.615959 1.3735 6.20317 15.5155 1.4864 1.35114 1.8569 4.20862 1.74901 4.31234 1.50386 1.29408 2.2521 1.79373 1.17417
threshold=12.016354084014894 3.9676303863525395 1.9648454785346987 -0.024647688493132588 0.53455951809883129 8.2939243316650408 4.5000000000000009 1.8721465468406679 1.5000000000000002 0.16044150292873385 0.49753549695014959 -0.03602336905896663 2.8617925643920903 0.99777299165725719 0.99548199772834789
decision_type=2 2 2 2 2 2 2 2 2 2 2 2 2 2 2
left_child=5 11 3 -3 -4 6 7 -1 9 -7 -10 12 -2 -13 -8
right_child=1 2 4 -5 -6 8 14 -9 10 -11 -12 13 -14 -15 -16
leaf_value=0.00017894541562068548 0.00011210805681796695 -0.010015462908844228 -2.8594216566677187e-05 -0.00083576698897607892 -0.00057349013035228513 -0.0042953508990151539 -9.4863190142248846e-06 -0.004149050446238243 -7.2354394476203592e-06 -0.00015648536099187454 7.8331267531349673e-05 -3.933491363299272e-05 0.0012481673828865615 -0.0028043657738574491 -0.00060607343822327293
leaf_weight=13340 3101 47 4749 236 1374 54 666621 48 70696 7019 114599 43610 422 50 703
leaf_count=13340 3101 47 4749 236 1374 54 666621 48 70696 7019 114599 43610 422 50 703
internal_value=-3.89087e-13 -4.80132e-05 -0.000248476 -0.00236031 -0.000150869 2.94701e-06 -6.70162e-06 0.000163428 3.70896e-05 -0.000188084 4.56848e-05 -2.07965e-05 0.00024819 -4.25015e-05 -1.01148e-05
internal_weight=926669 53589 6406 283 6123 873080 680712 13388 192368 7073 185295 47183 3523 43660 667324
internal_count=926669 53589 6406 283 6123 873080 680712 13388 192368 7073 185295 47183 3523 43660 667324
is_linear=0
shrinkage=0.0145901


Tree=199
num_leaves=13
num_cat=0
split_feature=22 7 1 12 23 5 29 13 22 11 13 14
split_gain=0.6106 2.06741 2.04277 1.8876 1.38665 1.64198 8.514 2.30474 1.31672 1.02953 2.2407 2.10774
threshold=0.99588799476623546 21.07499980926514 1.0000000180025095e-35 2.2240124940872197 0.73602500557899486 1.7745015025138857 0.024172803387045864 3.7601472139358525 0.99737849831581127 5.9853553771972665 5.2135236263275155 1.2264955043792727
decision_type=2 2 2 2 2 2 2 2 2 2 2 2
left_child=4 2 3 -2 9 7 -7 -6 -4 10 -1 -11
right_child=1 -3 8 -5 5 6 -8 -9 -10 11 -12 -13
leaf_value=9.2509076762483197e-07 0.0044349388114390056 -0.0028830940190370663 0.00033845829643825196 0.00025520344137086863 -8.9387623905859407e-05 -0.0046047370789443253 0.00017045469726937413 -0.0013280640184956279 -0.00016170290440753745 0.0012978151787897 0.0010958961991994621 -0.00063483620062891686
leaf_weight=911892 46 47 2976 46 7499 108 301 334 1797 135 398 1090
leaf_count=911892 46 47 2976 46 7499 108 301 334 1797 135 398 1090
internal_value=1.39448e-13 0.000162238 0.000191658 0.00234507 -8.64558e-07 -0.000189262 -0.00109048 -0.000142205 0.000150151 8.35217e-07 1.40279e-06 -0.00042185
internal_weight=926669 4912 4865 92 921757 8242 409 7833 4773 913515 912290 1225
internal_count=926669 4912 4865 92 921757 8242 409 7833 4773 913515 912290 1225
is_linear=0
shrinkage=0.0145901


Tree=200
num_leaves=12
num_cat=0
split_feature=5 16 22 14 3 4 13 28 4 9 9
split_gain=0.606428 3.53631 1.44234 1.87874 1.18205 1.00247 0.980314 0.748251 0.586549 0.577666 0.528036
threshold=2.2240124940872197 3.2795320749282841 0.99873849749565136 3.5108695030212407 82.333332061767592 5.8721139430999765 4.8638560771942148 0.0028804026078432803 3.9019216299057011 3.3364613056182866 4.1198248863220224
decision_type=2 2 2 2 2 2 2 2 2 2 2
left_child=2 -2 4 -4 5 -1 -6 9 -5 -3 -9
right_child=1 7 3 8 6 -7 -8 10 -10 -11 -12
leaf_value=1.8314683922661116e-07 -0.0033967899277089469 4.4706053057171959e-05 0.0036398519735620616 -0.00083157455715578512 0.00030573427205216709 0.00057424457516545629 0.0025957139150200111 -0.000200649564065118 0.0014301623059827875 0.0007607739763568251 0.00097899843544877016
leaf_weight=918515 70 1342 53 52 98 648 67 5404 46 292 82
leaf_count=918515 70 1342 53 52 98 648 67 5404 46 292 82
internal_value=-5.10755e-15 -0.000133472 1.04371e-06 0.00142687 8.09513e-07 5.87854e-07 0.0012356 -0.000101389 0.000230057 0.000172669 -0.000183017
internal_weight=926669 7190 919479 151 919328 919163 165 7120 98 1634 5486
internal_count=926669 7190 919479 151 919328 919163 165 7120 98 1634 5486
is_linear=0
shrinkage=0.0145901


Tree=201
num_leaves=14
num_cat=0
split_feature=9 28 15 13 21 13 22 16 11 1 9 7 11
split_gain=0.602068 2.29161 7.0892 2.98 2.55162 6.20644 1.80903 1.36224 1.90684 1.1772 1.11296 0.924002 0.902655
threshold=3.5409667491912846 -0.13119563832879064 8.5663428306579608 5.2135236263275155 11.732142925262453 4.2340295314788827 0.98362198472023021 12.450990200042726 5.5337600708007821 178.50000000000003 2.4849387407302861 26.500000000000004 4.2768590450286874
decision_type=2 2 2 2 2 2 2 2 2 2 2 2 2
left_child=7 2 -2 -4 6 -6 -3 11 10 -10 -9 12 -1
right_child=1 4 3 -5 5 -7 -8 8 9 -11 -12 -13 -14
leaf_value=-2.4198442977861967e-06 -0.00550670980667161 -4.957432758236449e-05 -0.00061919649796479432 0.0027262520420522087 -0.00016839689071684394 -0.0027427033066450197 0.00037805856144045355 0.0024440300389978352 0.0022662658897225981 0.0001147656672324602 0.00013748004316211081 -0.0018246462752503716 5.9015951946868375e-05
leaf_weight=846377 62 19620 1024 60 1000 249 2359 46 172 79 1395 59 54167
leaf_count=846377 62 19620 1024 60 1000 249 2359 46 172 79 1395 59 54167
internal_value=3.99476e-13 -7.15531e-05 -0.000708463 -0.000434024 -4.01299e-05 -0.000681609 -3.67661e-06 1.93289e-06 0.000415529 0.0015891 0.00021111 1.15585e-06 1.27547e-06
internal_weight=926669 24374 1146 1084 23228 1249 21979 902295 1692 251 1441 900603 900544
internal_count=926669 24374 1146 1084 23228 1249 21979 902295 1692 251 1441 900603 900544
is_linear=0
shrinkage=0.0145901


Tree=202
num_leaves=13
num_cat=0
split_feature=27 5 10 5 15 1 23 14 29 1 14 22
split_gain=0.598612 5.61072 22.6904 8.09293 4.18816 1.89725 2.53748 2.35434 2.18969 0.996734 1.63181 1.07641
threshold=1.0000000180025095e-35 1.9111495018005373 3.356121420860291 1.8027604818344118 13.401224136352541 1.5000000000000002 0.076619498431682601 1.3257575035095217 -0.15134296566247937 6.5000000000000009 4.4045455455780038 0.98510900139808666
decision_type=2 2 2 2 2 2 2 2 2 2 2 2
left_child=1 3 -3 4 -1 6 7 -2 -8 10 -7 -11
right_child=5 2 -4 -5 -6 9 8 -9 -10 11 -12 -13
leaf_value=7.7613718252618857e-05 -0.0049882677166538303 -0.011022029387859109 0.0022457228930558141 0.0056781305876447228 0.0024006737060924357 5.2417435653565194e-05 -0.00038967048766837151 -0.00049651356175326681 0.00023684714203089306 2.8569333329329186e-07 0.00044919360339647679 -0.00010964643811326127
leaf_weight=9922 46 46 68 56 168 23232 4367 54 1631 865256 2438 19385
leaf_count=9922 46 46 68 56 168 23232 4367 54 1631 865256 2438 19385
internal_value=-2.45206e-13 0.000110825 -0.00310793 0.000146991 0.000116293 -1.24079e-06 -0.000257735 -0.00256272 -0.000219305 4.77417e-07 9.01011e-05 -2.12323e-06
internal_weight=926669 10260 114 10146 10090 916409 6098 100 5998 910311 25670 884641
internal_count=926669 10260 114 10146 10090 916409 6098 100 5998 910311 25670 884641
is_linear=0
shrinkage=0.0145901


Tree=203
num_leaves=15
num_cat=0
split_feature=0 28 7 11 8 17 29 23 12 4 22 1 1 18
split_gain=0.594223 1.29702 1.69971 1.45473 0.895528 1.21009 0.892968 1.38605 1.14929 1.0534 8.0126 0.926405 0.872021 0.835191
threshold=1.0000000180025095e-35 -0.022426406852900978 16.071428298950199 3.397182941436768 1.5102124810218813 3.552963495254517 0.53379990160465252 0.023450500331819061 1.7596514821052553 2.3502402305603032 0.92900449037551891 51.500000000000007 168.50000000000003 1.4978661537170412
decision_type=2 2 2 2 2 2 2 2 2 2 2 2 2 2
left_child=6 2 3 -2 13 -6 7 12 -9 11 -11 -8 -1 -3
right_child=1 4 -4 -5 5 -7 9 8 -10 10 -12 -13 -14 -15
leaf_value=0.00025443454330218649 0.00012944996014496493 2.8628218421434064e-05 0.0025070953261898499 -1.8907398568588649e-05 -3.1834038126068065e-05 1.440908708363395e-05 -9.5826900573970879e-05 -8.9708427750151193e-05 -0.0023967909596170891 -9.5025565750216727e-05 0.0042579063152053944 6.3516907701018886e-06 -1.0405885226701289e-05 0.00020673919547242527
leaf_weight=4089 35335 108001 61 23378 229927 253013 21121 58889 46 597 106 178693 7502 5911
leaf_count=4089 35335 108001 61 23378 229927 253013 21121 58889 46 597 106 178693 7502 5911
internal_value=-5.50119e-13 7.51209e-06 7.29069e-05 7.03779e-05 1.07245e-06 -7.60719e-06 -1.8171e-05 -6.28247e-05 -9.15092e-05 -2.46537e-06 0.00056132 -4.44892e-06 8.30229e-05 3.78706e-05
internal_weight=926669 655626 58774 58713 596852 482940 271043 70526 58935 200517 703 199814 11591 113912
internal_count=926669 655626 58774 58713 596852 482940 271043 70526 58935 200517 703 199814 11591 113912
is_linear=0
shrinkage=0.0145901


Tree=204
num_leaves=16
num_cat=0
split_feature=21 11 9 1 23 21 19 1 1 16 5 15 9 10 7
split_gain=0.596924 1.3258 6.02984 15.1998 1.44265 1.30069 1.42452 13.5112 2.24774 1.33297 4.48132 1.96899 1.27215 3.36455 1.26366
threshold=12.016354084014894 3.9676303863525395 1.9648454785346987 5.5000000000000009 0.58847349882125866 9.5597567558288592 1.0000000180025095e-35 1.0000000180025095e-35 4.5000000000000009 3.8176394701004033 2.2027584314346318 8.5182538032531756 3.6984719038009648 2.1445714235305791 12.716577529907228
decision_type=2 2 2 2 2 2 2 2 2 2 2 2 2 2 2
left_child=5 12 3 -3 -4 6 7 -1 -8 10 -7 -11 14 -14 -2
right_child=1 2 4 -5 -6 9 8 -9 -10 11 -12 -13 13 -15 -16
leaf_value=-0.0047915545478205233 -1.428311498254556e-05 -0.0097154718510823902 -4.0345375084541579e-05 -0.00077903948310840509 -0.00061394272081387725 -1.0222970776590308e-05 0.00017774912956131458 -9.3949276537630283e-05 -8.6967564067569941e-06 -0.00072823846812399636 -0.0045656554186756272 7.3443401224430166e-05 -0.0046074147524496883 0.00050163134567041969 -0.0022899581796361973
leaf_weight=138 47017 49 4974 234 1149 67436 14050 2346 677002 656 46 111406 46 68 52
leaf_count=138 47017 49 4974 234 1149 67436 14050 2346 677002 656 46 111406 46 68 52
internal_value=3.70191e-13 -4.72655e-05 -0.000244217 -0.00232634 -0.000147983 2.90112e-06 -6.15972e-06 -0.000354927 -4.90607e-06 3.7901e-05 -1.33282e-05 6.87504e-05 -2.05256e-05 -0.00155991 -1.67972e-05
internal_weight=926669 53589 6406 283 6123 873080 693536 2484 691052 179544 67482 112062 47183 114 47069
internal_count=926669 53589 6406 283 6123 873080 693536 2484 691052 179544 67482 112062 47183 114 47069
is_linear=0
shrinkage=0.0145901


Tree=205
num_leaves=11
num_cat=0
split_feature=5 16 22 7 18 22 9 28 29 9
split_gain=0.591327 3.3894 1.40063 1.82876 1.15598 4.73425 1.77564 0.72424 0.572436 0.517078
threshold=2.2240124940872197 3.2795320749282841 0.99873849749565136 7.019231081008912 5.1269311904907235 0.99809950590133678 2.2773199081420903 0.0028804026078432803 1.0000000180025095e-35 4.1198248863220224
decision_type=2 2 2 2 2 2 2 2 2 2
left_child=2 -2 4 -4 5 -1 -6 8 -3 -9
right_child=1 7 3 -5 6 -7 -8 9 -10 -11
leaf_value=-8.7617770209561009e-07 -0.0033266127201199034 9.2008191106440762e-05 0.0031332817013313956 -8.654458476998263e-05 -0.0001677784288084619 -0.0039385696787808374 0.00023282049248614901 -0.0001981464698768998 0.0011348897992986804 0.00096919723628341762
leaf_weight=906276 70 1513 70 81 3091 65 9896 5404 121 82
leaf_count=906276 70 1513 70 81 3091 65 9896 5404 121 82
internal_value=4.77721e-14 -0.0001318 1.03063e-06 0.00140609 7.99848e-07 -1.15858e-06 0.000137475 -0.00010039 0.000169235 -0.000180698
internal_weight=926669 7190 919479 151 919328 906341 12987 7120 1634 5486
internal_count=926669 7190 919479 151 919328 906341 12987 7120 1634 5486
is_linear=0
shrinkage=0.0145901


Tree=206
num_leaves=14
num_cat=0
split_feature=9 19 15 28 1 28 16 11 15 9 7 20 1
split_gain=0.586536 2.27627 12.8973 7.21567 2.85785 2.03756 1.31685 1.84901 1.18048 1.08059 0.90422 0.888785 0.820775
threshold=3.5409667491912846 1.0000000180025095e-35 8.5663428306579608 0.05616573058068753 2.5000000000000004 0.014306285884231331 12.450990200042726 5.5337600708007821 10.666654586791994 2.4849387407302861 26.500000000000004 0.74714750051498424 4.5000000000000009
decision_type=2 2 2 2 2 2 2 2 2 2 2 2 2
left_child=6 2 -2 -4 5 -3 10 9 -9 -8 11 -1 -6
right_child=1 4 3 -5 12 -7 7 8 -10 -11 -12 -13 -14
leaf_value=-5.9689439522979582e-06 -0.0060909362797255317 -0.00070822224463571175 -0.00035799317251320693 0.0047866716795388602 0.00053321634100296023 -0.0038806132004794236 0.0024074723097058828 0.00056759377895903283 0.0025687641548146675 0.00013470907368453718 -0.0018050081377066207 3.0315979442850361e-05 4.5311342517136019e-06
leaf_weight=721078 83 683 3542 59 646 46 46 126 125 1395 59 179466 19315
leaf_count=721078 83 683 3542 59 646 46 46 126 125 1395 59 179466 19315
internal_value=-1.5782e-13 -7.06242e-05 -0.000404763 -0.000273701 -1.11284e-05 -0.000908401 1.90779e-06 0.000408555 0.00156419 0.000207261 1.14381e-06 1.26214e-06 2.1641e-05
internal_weight=926669 24374 3684 3601 20690 729 902295 1692 251 1441 900603 900544 19961
internal_count=926669 24374 3684 3601 20690 729 902295 1692 251 1441 900603 900544 19961
is_linear=0
shrinkage=0.0145901


Tree=207
num_leaves=12
num_cat=0
split_feature=3 7 3 7 9 15 7 8 7 1 20
split_gain=0.584826 0.753711 0.745959 3.01937 5.67256 3.22959 0.964749 2.31271 1.45201 0.609602 0.820346
threshold=82.333332061767592 11.360389709472658 43.071428298950202 7.019231081008912 3.5127768516540532 10.307874202728273 15.083333492279055 5.3801276683807382 14.031250000000002 7.5000000000000009 0.99065047502517711
decision_type=2 2 2 2 2 2 2 2 2 2 2
left_child=2 -2 6 4 -4 -5 8 -8 -1 -3 -11
right_child=1 9 3 5 -6 -7 7 -9 -10 10 -12
leaf_value=4.4635415390898547e-07 0.0023710599903581471 -0.0010003779747375994 -0.00026326206738342339 0.0021755881272067876 -0.003399727955284787 -0.00013460367470025342 -0.00020182499897817874 0.0038854777718537203 -0.0023282773493727765 0.00017322235731473485 0.0024250875512432601
leaf_weight=923696 46 56 435 139 171 1758 82 46 57 137 46
leaf_count=923696 46 56 435 139 171 1758 82 46 57 137 46
internal_value=1.70932e-13 0.000660818 -2.03299e-07 -0.000251738 -0.0011483 3.46724e-05 4.78163e-07 0.00126705 3.02661e-07 0.00033165 0.000739265
internal_weight=926669 285 926384 2503 606 1897 923881 128 923753 239 183
internal_count=926669 285 926384 2503 606 1897 923881 128 923753 239 183
is_linear=0
shrinkage=0.0145901


Tree=208
num_leaves=16
num_cat=0
split_feature=21 11 9 8 23 21 1 19 1 20 21 28 4 22 22
split_gain=0.579274 1.29028 5.84802 15.0333 1.40534 1.2653 1.72092 4.0545 1.64693 4.18758 1.47639 1.24536 2.19092 1.73968 1.15627
threshold=12.016354084014894 3.9676303863525395 1.9648454785346987 4.1626889705657968 0.53455951809883129 8.2939243316650408 4.5000000000000009 1.5000000000000002 1.5000000000000002 0.14965700358152392 10.384477615356447 -0.03602336905896663 2.8617925643920903 0.99777299165725719 0.99548199772834789
decision_type=2 2 2 2 2 2 2 2 2 2 2 2 2 2 2
left_child=5 11 3 -3 -4 6 7 -1 9 -7 -10 12 -2 -13 -8
right_child=1 2 4 -5 -6 8 14 -9 10 -11 -12 13 -14 -15 -16
leaf_value=-0.0038701167694288044 0.0001094720779450762 -0.0085118218505300918 -2.7190217578611211e-05 -0.0004734870757945214 -0.00055702003947729229 -0.0044773733527231335 -9.141360563111143e-06 0.00017331000313107814 0.00011081745130915722 -0.00015326031496170372 1.8763489615092989e-05 -3.8356290660762105e-05 0.0012299931672811533 -0.0027614071065096249 -0.0006011634883453257
leaf_weight=53 3101 64 4749 219 1374 48 666621 13335 51279 7025 134016 43610 422 50 703
leaf_count=53 3101 64 4749 219 1374 48 666621 13335 51279 7025 134016 43610 422 50 703
internal_value=-1.93348e-13 -4.65614e-05 -0.000240856 -0.00229134 -0.000146084 2.85791e-06 -6.4792e-06 0.000157303 3.58981e-05 -0.000182605 4.42387e-05 -2.01822e-05 0.000243693 -4.14748e-05 -9.76503e-06
internal_weight=926669 53589 6406 283 6123 873080 680712 13388 192368 7073 185295 47183 3523 43660 667324
internal_count=926669 53589 6406 283 6123 873080 680712 13388 192368 7073 185295 47183 3523 43660 667324
is_linear=0
shrinkage=0.0145901


Tree=209
num_leaves=16
num_cat=0
split_feature=20 10 19 3 26 9 3 22 20 19 23 2 22 3 1
split_gain=0.585496 2.5298 8.31929 11.8117 3.25992 2.70908 4.38202 4.13794 2.18638 6.99778 9.28822 3.1766 1.14137 3.70473 0.83597
threshold=0.99065047502517711 2.066321969032288 1.0000000180025095e-35 7.9110670089721689 1.0000000180025095e-35 2.1512149572372441 2.2052630186080937 0.99845400452613842 0.98492148518562328 1.0000000180025095e-35 0.26808249950408941 4.8481087684631357 0.77267900109291088 29.522727966308597 5.5000000000000009
decision_type=2 2 2 2 2 2 2 2 2 2 2 2 2 2 2
left_child=8 2 3 -2 -4 7 -7 -3 12 10 -10 -11 14 -14 -1
right_child=1 5 4 -5 -6 6 -8 -9 9 11 -12 -13 13 -15 -16
leaf_value=-0.00011741090718691302 0.00070856957774074146 -0.00015769830637994589 0.00012546535095236247 -0.0094875485662040474 -0.0019894987261451745 -0.0042197468607212936 0.00024320055850169693 -0.0040528329869419181 -0.0057065839236988512 6.0955187238314807e-05 -0.00066867387381167823 -0.0014284029398512364 6.0375630779505543e-05 -0.0030054696588333652 -1.9753704667507753e-06
leaf_weight=13578 46 3632 989 51 184 47 13125 59 80 8636 2970 316 71684 84 811188
leaf_count=13578 46 3632 989 51 184 47 13125 59 80 8636 2970 316 71684 84 811188
internal_value=-8.40181e-13 8.20906e-05 -0.000545869 -0.00465228 -0.000206294 0.000129384 0.000227276 -0.000219961 -1.6384e-06 -0.000197255 -0.000800816 8.38178e-06 9.80337e-07 5.67872e-05 -3.87577e-06
internal_weight=926669 18133 1270 97 1173 16863 13172 3691 908536 12002 3050 8952 896534 71768 824766
internal_count=926669 18133 1270 97 1173 16863 13172 3691 908536 12002 3050 8952 896534 71768 824766
is_linear=0
shrinkage=0.0145901


Tree=210
num_leaves=13
num_cat=0
split_feature=22 7 1 12 23 5 5 13 22 11 13 14
split_gain=0.57351 2.02593 1.97732 1.82867 1.35444 1.59421 8.36594 2.25063 1.27451 0.99663 2.16586 2.06617
threshold=0.99588799476623546 21.07499980926514 1.0000000180025095e-35 2.2240124940872197 0.73602500557899486 1.7745015025138857 1.7958664894104006 3.7601472139358525 0.99737849831581127 5.9853553771972665 5.2135236263275155 1.2264955043792727
decision_type=2 2 2 2 2 2 2 2 2 2 2 2
left_child=4 2 3 -2 9 7 -7 -6 -4 10 -1 -11
right_child=1 -3 8 -5 5 6 -8 -9 -10 11 -12 -13
leaf_value=9.3080272400632213e-07 0.0043619809321584022 -0.0028573872595883966 0.000330784529256419 0.00024800908398196346 -8.8473114129550487e-05 -0.0064252470520370633 -0.00026120572900409063 -0.0013125208741591463 -0.00016129467268487027 0.0012875875540304779 0.0010774598295018669 -0.00062591037125268531
leaf_weight=911892 46 47 2976 46 7499 54 355 334 1797 135 398 1090
leaf_count=911892 46 47 2976 46 7499 54 355 334 1797 135 398 1090
internal_value=-7.85274e-14 0.000157233 0.000186357 0.002305 -8.3789e-07 -0.000187034 -0.00107504 -0.000140667 0.00014552 8.42025e-07 1.40045e-06 -0.000415035
internal_weight=926669 4912 4865 92 921757 8242 409 7833 4773 913515 912290 1225
internal_count=926669 4912 4865 92 921757 8242 409 7833 4773 913515 912290 1225
is_linear=0
shrinkage=0.0145901


Tree=211
num_leaves=12
num_cat=0
split_feature=3 7 3 7 21 15 7 8 7 14 1
split_gain=0.578756 0.72562 0.716693 2.93311 5.6032 3.39975 0.942431 2.24725 1.40976 0.600447 0.350904
threshold=82.333332061767592 11.360389709472658 43.071428298950202 7.2182538509368905 11.759792804718019 10.307874202728273 15.083333492279055 5.3801276683807382 14.031250000000002 12.679487705230715 10.500000000000002
decision_type=2 2 2 2 2 2 2 2 2 2 2
left_child=2 -2 6 4 -4 -5 8 -8 -1 10 -3
right_child=1 9 3 5 -6 -7 7 -9 -10 -11 -12
leaf_value=4.3384570521933682e-07 0.0023354480685658834 -0.0012019240340445786 -0.00072396024080608314 0.0022982985747256458 -0.0060154802681710758 -0.00012995115218441975 -0.00019563691187900854 0.0038334085331614 -0.002294158337557015 0.001543677738080145 0.00028229115053154648
leaf_weight=923696 46 46 576 132 46 1749 82 46 57 64 129
leaf_count=923696 46 46 576 132 46 1749 82 46 57 64 129
internal_value=-2.39637e-13 0.000657379 -2.02241e-07 -0.000246753 -0.00111529 4.04523e-05 4.65719e-07 0.0012523 2.92258e-07 0.000334403 -0.000107845
internal_weight=926669 285 926384 2503 622 1881 923881 128 923753 239 175
internal_count=926669 285 926384 2503 622 1881 923881 128 923753 239 175
is_linear=0
shrinkage=0.0145901


Tree=212
num_leaves=16
num_cat=0
split_feature=20 10 19 3 26 9 3 22 20 19 23 2 22 3 1
split_gain=0.573576 2.45767 8.08522 11.4694 3.16166 2.63362 4.26341 4.0131 2.11705 6.79801 9.02617 3.08257 1.11014 3.59438 0.811341
threshold=0.99065047502517711 2.066321969032288 1.0000000180025095e-35 7.9110670089721689 1.0000000180025095e-35 2.1512149572372441 2.2052630186080937 0.99845400452613842 0.98492148518562328 1.0000000180025095e-35 0.26808249950408941 4.8481087684631357 0.77267900109291088 29.522727966308597 5.5000000000000009
decision_type=2 2 2 2 2 2 2 2 2 2 2 2 2 2 2
left_child=8 2 3 -2 -4 7 -7 -3 12 10 -10 -11 14 -14 -1
right_child=1 5 4 -5 -6 6 -8 -9 9 11 -12 -13 13 -15 -16
leaf_value=-0.00011568415544870488 0.00069668454206460147 -0.00015526398182769856 0.00012379347088689393 -0.0093506155570453105 -0.0019590506029913278 -0.0041620432446196707 0.00024009154848768263 -0.0039911935221046335 -0.0056250636948313379 6.0357975460682049e-05 -0.00065873029306127366 -0.0014067911490878424 5.9527930106763345e-05 -0.0029603152608418518 -1.9617700839663862e-06
leaf_weight=13578 46 3632 989 51 184 47 13125 59 80 8636 2970 316 71684 84 811188
leaf_count=13578 46 3632 989 51 184 47 13125 59 80 8636 2970 316 71684 84 811188
internal_value=1.31848e-13 8.12507e-05 -0.000537691 -0.00458592 -0.000202927 0.000127865 0.000224384 -0.000216581 -1.62164e-06 -0.000194112 -0.000788995 8.56853e-06 9.55245e-07 5.59934e-05 -3.83396e-06
internal_weight=926669 18133 1270 97 1173 16863 13172 3691 908536 12002 3050 8952 896534 71768 824766
internal_count=926669 18133 1270 97 1173 16863 13172 3691 908536 12002 3050 8952 896534 71768 824766
is_linear=0
shrinkage=0.0145901


Tree=213
num_leaves=15
num_cat=0
split_feature=0 28 7 4 8 17 29 23 12 4 22 1 1 2
split_gain=0.571536 1.26997 1.68981 1.45232 0.87735 1.15709 0.871856 1.35077 1.11241 1.02242 7.77495 0.911669 0.84369 0.815458
threshold=1.0000000180025095e-35 -0.022426406852900978 16.071428298950199 4.4005842208862314 1.5102124810218813 3.552963495254517 0.53379990160465252 0.023450500331819061 1.7596514821052553 2.3502402305603032 0.92900449037551891 51.500000000000007 168.50000000000003 1.4978661537170412
decision_type=2 2 2 2 2 2 2 2 2 2 2 2 2 2
left_child=6 2 3 -2 13 -6 7 12 -9 11 -11 -8 -1 -3
right_child=1 4 -4 -5 5 -7 9 8 -10 10 -12 -13 -14 -15
leaf_value=0.00025063979250415191 8.1559252053997936e-05 2.3752176837482465e-05 0.0024991688479770072 -0.0003690841340194121 -3.1286265627715229e-05 1.393276329725301e-05 -9.490438936529345e-05 -8.848879782170754e-05 -0.0023582479378433862 -9.3407131363339716e-05 0.0041944852862791206 6.4583092788952025e-06 -9.8629428545182112e-06 0.0001489281892149842
leaf_weight=4089 57149 101476 61 1564 229927 253013 21121 58889 46 597 106 178693 7502 12436
leaf_count=4089 57149 101476 61 1564 229927 253013 21121 58889 46 597 106 178693 7502 12436
internal_value=-1.7262e-13 7.3673e-06 7.20766e-05 6.9555e-05 9.95154e-07 -7.59595e-06 -1.78208e-05 -6.19434e-05 -9.02604e-05 -2.3019e-06 0.000553131 -4.25606e-06 8.20356e-05 3.74179e-05
internal_weight=926669 655626 58774 58713 596852 482940 271043 70526 58935 200517 703 199814 11591 113912
internal_count=926669 655626 58774 58713 596852 482940 271043 70526 58935 200517 703 199814 11591 113912
is_linear=0
shrinkage=0.0145901


Tree=214
num_leaves=12
num_cat=0
split_feature=5 1 22 14 3 4 13 4 28 29 9
split_gain=0.566985 3.41547 1.44536 1.79799 1.09977 1.05246 0.938017 0.765164 0.620128 0.560772 0.535903
threshold=2.2442754507064824 1.0000000180025095e-35 0.99873849749565136 3.5108695030212407 82.333332061767592 5.8721139430999765 4.8638560771942148 4.0517470836639413 0.0012068562209606173 -0.0042951316572725764 4.1198248863220224
decision_type=2 2 2 2 2 2 2 2 2 2 2
left_child=2 -2 4 -4 5 -1 -6 -5 9 -3 -10
right_child=1 8 3 7 6 -7 -8 -9 10 -11 -12
leaf_value=8.8532340580855878e-08 -0.0040130305954783193 6.1441471171587081e-05 0.0035896934987281882 -0.00086827944345208355 0.00028957531300586133 0.00057942392004519392 0.0025204936636469841 0.0016713009045665455 -0.00019831467769575466 0.0009742184479060625 0.0010203257538527169
leaf_weight=919147 48 1184 53 56 100 668 67 46 5059 163 78
leaf_count=919147 48 1184 53 56 100 668 67 46 5059 163 78
internal_value=2.8429e-13 -0.000135452 9.61563e-07 0.00140974 7.2421e-07 5.09265e-07 0.00118461 0.000277021 -0.000106746 0.000171896 -0.000179811
internal_weight=926669 6532 920137 155 919982 919815 167 102 6484 1347 5137
internal_count=926669 6532 920137 155 919982 919815 167 102 6484 1347 5137
is_linear=0
shrinkage=0.0145901


Tree=215
num_leaves=14
num_cat=0
split_feature=9 19 15 28 1 28 16 11 19 15 7 1 1
split_gain=0.566976 2.1889 12.5324 6.99866 2.76941 1.98055 1.27261 1.79282 1.15812 1.06221 0.885632 0.857163 0.787019
threshold=3.5409667491912846 1.0000000180025095e-35 8.5663428306579608 0.05616573058068753 2.5000000000000004 0.014306285884231331 12.450990200042726 5.5337600708007821 5.5000000000000009 9.4101433753967303 26.500000000000004 23.500000000000004 4.5000000000000009
decision_type=2 2 2 2 2 2 2 2 2 2 2 2 2
left_child=6 2 -2 -4 5 -3 10 9 -9 -8 11 -1 -6
right_child=1 4 3 -5 12 -7 7 8 -10 -11 -12 -13 -14
leaf_value=4.3207250313120635e-05 -0.0060022566753461758 -0.00069701508856636035 -0.00035092008251301796 0.0047157929614096957 0.00052210958465651275 -0.0038247167482533288 0.0016779203908370069 0.0022614095837837525 0.00017888394950880379 9.700280535522144e-05 -0.0017863663255093744 -3.5863778668074579e-06 4.4101757709484513e-06
leaf_weight=92918 83 683 3542 59 646 46 97 164 87 1344 59 807626 19315
leaf_count=92918 83 683 3542 59 646 46 97 164 87 1344 59 807626 19315
internal_value=4.24304e-13 -6.94366e-05 -0.000397099 -0.000267905 -1.10939e-05 -0.000894373 1.87571e-06 0.000401634 0.00153958 0.000203421 1.12467e-06 1.24178e-06 2.11645e-05
internal_weight=926669 24374 3684 3601 20690 729 902295 1692 251 1441 900603 900544 19961
internal_count=926669 24374 3684 3601 20690 729 902295 1692 251 1441 900603 900544 19961
is_linear=0
shrinkage=0.0145901


Tree=216
num_leaves=15
num_cat=0
split_feature=21 11 9 29 23 9 13 21 19 1 1 16 5 15
split_gain=0.559724 1.25021 5.64674 14.941 1.3821 1.23349 1.28544 1.23163 1.37075 13.0174 2.12207 1.29269 4.30144 1.86573
threshold=12.016354084014894 3.9676303863525395 1.9648454785346987 -0.024647688493132588 0.58847349882125866 3.8381799459457402 2.3931796550750737 9.5597567558288592 1.0000000180025095e-35 1.0000000180025095e-35 4.5000000000000009 3.8176394701004033 2.2027584314346318 8.5182538032531756
decision_type=2 2 2 2 2 2 2 2 2 2 2 2 2 2
left_child=7 5 3 -3 -4 6 -2 8 9 -1 -10 12 -9 -13
right_child=1 2 4 -5 -6 -7 -8 11 10 -11 -12 13 -14 -15
leaf_value=-0.0047029326867612277 -4.7846358622090278e-05 -0.0097640034502205902 -3.8542386649588578e-05 -0.00075586517344159126 -0.000599972990640908 -0.0022034921735654476 0.00017253758978159805 -1.0539545879520807e-05 0.00017269771855269226 -9.196530993413053e-05 -8.4611773037218253e-06 -0.00070856292650007407 -0.0044736095538676661 7.181524226764677e-05
leaf_weight=138 40586 47 4974 236 1149 55 6542 67436 14050 2346 677002 656 46 111406
leaf_count=138 40586 47 4974 236 1149 55 6542 67436 14050 2346 677002 656 46 111406
internal_value=-2.19147e-13 -4.5769e-05 -0.000237023 -0.00225192 -0.000143897 -1.98025e-05 -1.72541e-05 2.80927e-06 -6.00774e-06 -0.00034813 -4.77798e-06 3.68673e-05 -1.35819e-05 6.7247e-05
internal_weight=926669 53589 6406 283 6123 47183 47128 873080 693536 2484 691052 179544 67482 112062
internal_count=926669 53589 6406 283 6123 47183 47128 873080 693536 2484 691052 179544 67482 112062
is_linear=0
shrinkage=0.0145901


Tree=217
num_leaves=12
num_cat=0
split_feature=5 16 22 14 18 22 9 28 29 9 4
split_gain=0.551592 3.25038 1.381 1.75886 1.09354 4.55793 1.69242 0.702401 0.983355 0.578094 0.559981
threshold=2.2240124940872197 3.2795320749282841 0.99873849749565136 3.5108695030212407 5.1269311904907235 0.99809950590133678 2.2773199081420903 -0.0062335100956261149 -0.019465207122266289 4.2488918304443368 3.9019216299057011
decision_type=2 2 2 2 2 2 2 2 2 2 2
left_child=2 -2 4 -4 5 -1 -6 8 -3 -9 -5
right_child=1 7 3 10 6 -7 -8 9 -10 -11 -12
leaf_value=-8.6146011349543325e-07 -0.0032559042662807527 3.9376504523967326e-05 0.0035373862768043876 -0.00079913820698225525 -0.00016431653046347012 -0.0038645332448961015 0.00022678296438517558 -0.00018004332676774249 0.001150913888905213 0.0013802130022110828 0.0014107815425054879
leaf_weight=906276 70 1140 53 52 3091 65 9896 5730 199 51 46
leaf_count=906276 70 1140 53 52 3091 65 9896 5730 199 51 46
internal_value=-9.16009e-13 -0.000127295 9.95399e-07 0.00139617 7.66241e-07 -1.13855e-06 0.000133698 -9.6536e-05 0.000204571 -0.000166279 0.000238171
internal_weight=926669 7190 919479 151 919328 906341 12987 7120 1339 5781 98
internal_count=926669 7190 919479 151 919328 906341 12987 7120 1339 5781 98
is_linear=0
shrinkage=0.0145901


Tree=218
num_leaves=14
num_cat=0
split_feature=9 19 15 28 1 15 16 11 15 9 7 14 1
split_gain=0.554364 2.12843 12.1267 6.79632 2.69399 1.95308 1.23075 1.73813 1.15303 1.05208 0.860059 0.842264 0.759037
threshold=3.5409667491912846 1.0000000180025095e-35 8.5663428306579608 0.05616573058068753 2.5000000000000004 9.0471143722534197 12.450990200042726 5.5337600708007821 11.280691146850588 2.4849387407302861 26.500000000000004 9.3666663169860858 4.5000000000000009
decision_type=2 2 2 2 2 2 2 2 2 2 2 2 2
left_child=6 2 -2 -4 5 -3 10 9 -9 -8 11 -1 -6
right_child=1 4 3 -5 12 -7 7 8 -10 -11 -12 -13 -14
leaf_value=7.2415833951918223e-07 -0.0059054369324176717 -0.0025264830490515553 -0.00034648575452002654 0.0046464481175756056 0.00051264656105563908 -0.00053543631144268439 0.0023708118627415536 0.0010407841684565114 0.0035756225575069647 0.00012822909369265888 -0.0017603785306625757 0.00039361542285053046 4.2335621696560964e-06
leaf_weight=899381 83 127 3542 59 646 602 46 204 47 1395 59 1163 19315
leaf_count=899381 83 127 3542 59 646 602 46 204 47 1395 59 1163 19315
internal_value=-6.7657e-13 -6.866e-05 -0.000391765 -0.00026468 -1.11288e-05 -0.000882299 1.85473e-06 0.000394983 0.00151544 0.000199817 1.11615e-06 1.23155e-06 2.06874e-05
internal_weight=926669 24374 3684 3601 20690 729 902295 1692 251 1441 900603 900544 19961
internal_count=926669 24374 3684 3601 20690 729 902295 1692 251 1441 900603 900544 19961
is_linear=0
shrinkage=0.0145901


Tree=219
num_leaves=15
num_cat=0
split_feature=0 28 7 14 5 28 4 29 23 12 4 22 1 1
split_gain=0.549886 1.23595 1.6519 1.42937 0.878501 3.1558 1.38123 0.853106 1.09472 1.07794 0.965408 7.31587 0.896955 0.883918
threshold=1.0000000180025095e-35 -0.022426406852900978 16.071428298950199 4.7182538509368905 1.6074219942092898 -0.015234027523547409 4.6395599842071542 0.079069808125495925 0.023450500331819061 1.7596514821052553 2.3502402305603032 0.92900449037551891 51.500000000000007 57.500000000000007
decision_type=2 2 2 2 2 2 2 2 2 2 2 2 2 2
left_child=7 2 3 -2 6 -6 -3 8 13 -10 12 -12 -9 -1
right_child=1 4 -4 -5 5 -7 -8 10 9 -11 11 -13 -14 -15
leaf_value=0.00039814096812937469 8.4279706258420233e-05 4.8893439634224563e-06 0.0024707718867011267 -0.0002613077601297725 -0.00064700631723619445 -3.4220688799460131e-05 0.0003420431938996453 -9.4566580703617735e-05 -8.8309448520732325e-05 -0.0023227040769002046 -8.3510309640410214e-05 0.0040317813855094715 5.596538766413756e-06 1.7383201952763976e-05
leaf_weight=1505 56044 540614 61 2669 1853 51786 2599 21230 54339 46 619 108 183766 9430
leaf_count=1505 56044 540614 61 2669 1853 51786 2599 21230 54339 46 619 108 183766 9430
internal_value=8.26088e-14 7.22641e-06 7.1063e-05 6.85698e-05 9.40204e-07 -5.53898e-05 6.50245e-06 -1.748e-05 -6.34165e-05 -9.01993e-05 -2.89445e-06 0.00052784 -4.77665e-06 6.97874e-05
internal_weight=926669 655626 58774 58713 596852 53639 543213 271043 65320 54385 205723 727 204996 10935
internal_count=926669 655626 58774 58713 596852 53639 543213 271043 65320 54385 205723 727 204996 10935
is_linear=0
shrinkage=0.0145901


Tree=220
num_leaves=15
num_cat=0
split_feature=21 11 9 1 23 7 22 21 1 5 1 20 21 22
split_gain=0.543269 1.21602 5.47928 14.6719 1.3451 1.20629 1.28628 1.19487 1.61985 4.01758 1.55466 4.06462 1.44445 1.1506
threshold=12.016354084014894 3.9676303863525395 1.9648454785346987 5.5000000000000009 0.58847349882125866 12.716577529907228 0.98936697840690624 8.2939243316650408 4.5000000000000009 1.8721465468406679 1.5000000000000002 0.16044150292873385 10.384477615356447 0.99548199772834789
decision_type=2 2 2 2 2 2 2 2 2 2 2 2 2 2
left_child=7 5 3 -3 -4 6 -2 8 9 -1 11 -9 -12 -10
right_child=1 2 4 -5 -6 -7 -8 10 13 -11 12 -13 -14 -15
leaf_value=0.00016775495745083988 -3.1852365484574584e-05 -0.0094781781976485905 -3.804218158661605e-05 -0.00069831490115898609 -0.00059190646825180463 -0.0022404534471817316 0.00037496413920710638 -0.004164970360536418 -8.8716070638658038e-06 -0.0040608710436397097 0.00010883334370336867 -0.00014674158773130537 1.7780649829162881e-05 -0.00059944114258751497
leaf_weight=13340 45414 49 4974 234 1149 52 1717 54 666621 48 51279 7019 134016 703
leaf_count=13340 45414 49 4974 234 1149 52 1717 54 666621 48 51279 7019 134016 703
internal_value=-6.66998e-13 -4.50912e-05 -0.000233712 -0.0022185 -0.000141977 -1.94823e-05 -1.70319e-05 2.76766e-06 -6.30586e-06 0.000152594 3.48752e-05 -0.000177419 4.29788e-05 -9.49375e-06
internal_weight=926669 53589 6406 283 6123 47183 47131 873080 680712 13388 192368 7073 185295 667324
internal_count=926669 53589 6406 283 6123 47183 47131 873080 680712 13388 192368 7073 185295 667324
is_linear=0
shrinkage=0.0145901


Tree=221
num_leaves=13
num_cat=0
split_feature=22 7 1 12 23 5 29 13 22 11 13 14
split_gain=0.541711 2.00709 1.92877 1.75813 1.34013 1.54882 8.25051 2.19041 1.23332 0.974774 2.09908 2.01905
threshold=0.99588799476623546 21.07499980926514 1.0000000180025095e-35 2.2240124940872197 0.73602500557899486 1.7745015025138857 0.024172803387045864 3.7601472139358525 0.99737849831581127 5.9853553771972665 5.2135236263275155 1.2264955043792727
decision_type=2 2 2 2 2 2 2 2 2 2 2 2
left_child=4 2 3 -2 9 7 -7 -6 -4 10 -1 -11
right_child=1 -3 8 -5 5 6 -8 -9 -10 11 -12 -13
leaf_value=9.4660236579931966e-07 0.004291186901544005 -0.0028477627393667607 0.00032371325460502499 0.00025734388311682386 -8.8830915247108938e-05 -0.0045207522146828369 0.00017996813731626293 -0.0012963932648037836 -0.00016034742332090527 0.0012726642986924913 0.001060750131299114 -0.00061889235674144781
leaf_weight=911892 46 47 2976 46 7499 108 301 334 1797 135 398 1090
leaf_count=911892 46 47 2976 46 7499 108 301 334 1797 135 398 1090
internal_value=-6.82131e-13 0.000152812 0.0001818 0.00227427 -8.1433e-07 -0.000186024 -0.0010613 -0.000140322 0.000141468 8.56685e-07 1.40896e-06 -0.000410435
internal_weight=926669 4912 4865 92 921757 8242 409 7833 4773 913515 912290 1225
internal_count=926669 4912 4865 92 921757 8242 409 7833 4773 913515 912290 1225
is_linear=0
shrinkage=0.0145901


Tree=222
num_leaves=9
num_cat=0
split_feature=3 7 7 8 3 7 14 1
split_gain=0.549477 0.700613 0.771438 3.31566 0.878272 0.688284 0.592034 0.342819
threshold=82.333332061767592 22.341666221618656 16.071428298950199 6.107393980026246 41.021738052368171 11.360389709472658 12.679487705230715 10.500000000000002
decision_type=2 2 2 2 2 2 2 2
left_child=1 2 4 -4 -1 -2 7 -7
right_child=5 -3 3 -5 -6 6 -8 -9
leaf_value=4.5172394776481648e-07 0.0022748614041822883 -0.0015767442604786908 -8.7942814343469088e-05 0.0039032107889558762 -0.00026317208859829048 -0.0011945629645290538 0.0015267515914200525 0.00027245470067509904
leaf_weight=923370 46 60 199 57 2698 46 64 129
leaf_count=923370 46 60 199 57 2698 46 64 129
internal_value=2.93912e-13 -1.97059e-07 -9.49425e-08 0.000800712 -3.16316e-07 0.000640535 0.000325979 -0.000113161
internal_weight=926669 926384 926324 256 926068 285 239 175
internal_count=926669 926384 926324 256 926068 285 239 175
is_linear=0
shrinkage=0.0145901


Tree=223
num_leaves=16
num_cat=0
split_feature=20 10 19 3 26 9 3 22 20 19 23 23 22 3 1
split_gain=0.543634 2.40208 7.85357 11.1349 3.06114 2.54443 4.15355 3.91028 2.07421 6.58092 8.7541 3.01073 1.06451 3.49067 0.819831
threshold=0.99065047502517711 2.066321969032288 1.0000000180025095e-35 7.9110670089721689 1.0000000180025095e-35 2.1512149572372441 2.2052630186080937 0.99845400452613842 0.98492148518562328 1.0000000180025095e-35 0.26808249950408941 0.58586299419403087 0.77267900109291088 29.522727966308597 5.5000000000000009
decision_type=2 2 2 2 2 2 2 2 2 2 2 2 2 2 2
left_child=8 2 3 -2 -4 7 -7 -3 12 10 -10 -11 14 -14 -1
right_child=1 5 4 -5 -6 6 -8 -9 9 11 -12 -13 13 -15 -16
leaf_value=-0.00011615167410323957 0.00068239071806712708 -0.00015285099231452574 0.000118617929325943 -0.0092173214830546558 -0.0019308504758502841 -0.0041094855839866433 0.00023555994944782896 -0.0039393200363507172 -0.0055400459616987228 0.00044136358551823964 -0.00064913242164844952 -0.00015763124256134995 5.8350198339016233e-05 -0.0029176050852532539 -1.835846184599055e-06
leaf_weight=13578 46 3632 989 51 184 47 13125 59 80 2465 2970 6487 71684 84 811188
leaf_count=13578 46 3632 989 51 184 47 13125 59 80 2465 2970 6487 71684 84 811188
internal_value=4.45842e-13 7.91015e-05 -0.000532801 -0.00452261 -0.000202867 0.000125186 0.000220056 -0.000213377 -1.57874e-06 -0.000192111 -0.000777419 7.30645e-06 9.71935e-07 5.4867e-05 -3.71781e-06
internal_weight=926669 18133 1270 97 1173 16863 13172 3691 908536 12002 3050 8952 896534 71768 824766
internal_count=926669 18133 1270 97 1173 16863 13172 3691 908536 12002 3050 8952 896534 71768 824766
is_linear=0
shrinkage=0.0145901


Tree=224
num_leaves=14
num_cat=0
split_feature=9 19 15 28 1 28 16 11 1 15 7 14 1
split_gain=0.539486 2.05727 11.7817 6.59666 2.61674 1.91764 1.19478 1.68731 1.15709 1.03251 0.8283 0.827175 0.73058
threshold=3.5409667491912846 1.0000000180025095e-35 8.5663428306579608 0.05616573058068753 2.5000000000000004 0.014306285884231331 12.450990200042726 5.5337600708007821 178.50000000000003 9.4101433753967303 26.500000000000004 9.3666663169860858 4.5000000000000009
decision_type=2 2 2 2 2 2 2 2 2 2 2 2 2
left_child=6 2 -2 -4 5 -3 10 9 -9 -8 11 -1 -6
right_child=1 4 3 -5 12 -7 7 8 -10 -11 -12 -13 -14
leaf_value=7.1238714125441936e-07 -0.0058200784408085453 -0.00067556126325533277 -0.00034072108479478826 0.004578325227365552 0.00050283473321312755 -0.0037531817958596611 0.0016506153510301488 0.0021644799258207573 3.1434263033697102e-05 9.1959227565652145e-05 -0.0017275635914687799 0.00039006838775089528 4.0432008947898537e-06
leaf_weight=899381 83 683 3542 59 646 46 97 172 79 1344 59 1163 19315
leaf_count=899381 83 683 3542 59 646 46 97 172 79 1344 59 1163 19315
internal_value=-1.03546e-12 -6.77324e-05 -0.000385391 -0.000260126 -1.11711e-05 -0.00086976 1.82968e-06 0.000389171 0.00149312 0.000196879 1.10196e-06 1.21522e-06 2.01856e-05
internal_weight=926669 24374 3684 3601 20690 729 902295 1692 251 1441 900603 900544 19961
internal_count=926669 24374 3684 3601 20690 729 902295 1692 251 1441 900603 900544 19961
is_linear=0
shrinkage=0.0145901


Tree=225
num_leaves=15
num_cat=0
split_feature=29 13 15 8 11 3 22 5 4 2 13 7 9 10
split_gain=0.540402 2.63993 5.29296 2.46995 5.95093 2.12969 2.05066 0.811747 1.85311 2.66839 1.49426 1.16778 1.1564 0.987094
threshold=-0.0375798363238573 5.2135236263275155 10.011192798614504 6.107393980026246 5.5337600708007821 37.547010421752937 0.99845400452613842 1.7520315051078799 2.0126758217811589 5.0782890319824228 4.7433989048004159 17.071428298950199 2.3979849815368657 3.744644403457642
decision_type=2 2 2 2 2 2 2 2 2 2 2 2 2 2
left_child=1 3 -3 6 -5 -4 -1 11 10 -10 -9 13 -13 -2
right_child=7 2 5 4 -6 -7 -8 8 9 -11 -12 12 -14 -15
leaf_value=3.3067702075973598e-05 -9.8205667975316938e-07 0.0056986117491215462 -0.0011758087546034845 -0.0055108673992533257 -0.00019379118371061648 0.0021154485879676123 0.0028259463560237723 1.0622218515764674e-05 -0.00041185764072433802 -3.7397780532216444e-05 0.00093509690900009921 0.0003638422799280114 0.0032416696022466683 0.0013169004761078562
leaf_weight=86059 804234 52 89 58 197 79 56 18082 6572 10560 380 84 46 121
leaf_count=86059 804234 52 89 58 197 79 56 18082 6572 10560 380 84 46 121
internal_value=4.41574e-13 3.4704e-05 0.00163091 3.06382e-05 -0.00140317 0.000371866 3.48839e-05 -3.57707e-06 -7.17604e-05 -0.000181044 2.96505e-05 -5.60332e-07 0.00138215 -7.83806e-07
internal_weight=926669 86590 220 86370 255 168 86115 840079 35594 17132 18462 804485 130 804355
internal_count=926669 86590 220 86370 255 168 86115 840079 35594 17132 18462 804485 130 804355
is_linear=0
shrinkage=0.0145901


Tree=226
num_leaves=15
num_cat=0
split_feature=0 28 7 4 8 17 29 23 12 4 22 1 1 2
split_gain=0.534942 1.20149 1.63372 1.42028 0.858072 1.10954 0.836029 1.27827 1.04798 0.964537 7.33609 0.872106 0.799355 0.790683
threshold=1.0000000180025095e-35 -0.022426406852900978 16.071428298950199 4.4005842208862314 1.5102124810218813 3.552963495254517 0.53379990160465252 0.023450500331819061 1.7596514821052553 2.3502402305603032 0.92900449037551891 51.500000000000007 168.50000000000003 1.4978661537170412
decision_type=2 2 2 2 2 2 2 2 2 2 2 2 2 2
left_child=6 2 3 -2 13 -6 7 12 -9 11 -11 -8 -1 -3
right_child=1 4 -4 -5 5 -7 9 8 -10 10 -12 -13 -14 -15
leaf_value=0.00024372894414462034 7.9459678319310849e-05 2.3493403143737299e-05 0.0024565366915828327 -0.00036618510269121972 -3.0765084497666345e-05 1.3515142461229771e-05 -9.2601762077371602e-05 -8.6274429640547431e-05 -0.0022893240669863714 -9.058882265317153e-05 0.0040745289716199113 6.5371164712906371e-06 -9.8369545240567993e-06 0.00014675322761979214
leaf_weight=4089 57149 101476 61 1564 229927 253013 21121 58889 46 597 106 178693 7502 12436
leaf_count=4089 57149 101476 61 1564 229927 253013 21121 58889 46 597 106 178693 7502 12436
internal_value=-2.97735e-14 7.12754e-06 7.0068e-05 6.75886e-05 9.29582e-07 -7.56661e-06 -1.72408e-05 -6.04474e-05 -8.7994e-05 -2.04415e-06 0.000537437 -3.94219e-06 7.96144e-05 3.69499e-05
internal_weight=926669 655626 58774 58713 596852 482940 271043 70526 58935 200517 703 199814 11591 113912
internal_count=926669 655626 58774 58713 596852 482940 271043 70526 58935 200517 703 199814 11591 113912
is_linear=0
shrinkage=0.0145901


Tree=227
num_leaves=14
num_cat=0
split_feature=20 23 9 1 12 22 9 5 25 13 13 1 14
split_gain=0.530982 1.31546 9.06818 5.80072 1.31591 2.3006 1.42537 0.784356 2.06848 1.35626 1.98298 0.932493 0.81158
threshold=0.53093749284744274 0.044763000681996352 2.4383614063262944 182.50000000000003 1.2172845005989077 0.99809950590133678 2.2612538337707524 1.2172845005989077 1.0000000180025095e-35 3.8735961914062504 3.9007277488708501 29.500000000000004 9.8166666030883807
decision_type=2 2 2 2 2 2 2 2 2 2 2 2 2
left_child=7 2 3 -2 5 -3 -6 9 11 12 -11 -9 -1
right_child=1 4 -4 -5 6 -7 -8 8 -10 10 -12 -13 -14
leaf_value=-4.0891179803701449e-06 0.00096789235794422269 -9.0871988284619849e-06 -0.0029269509772328283 0.0078298275783567853 -9.6323028433432105e-07 0.0031854206074326454 9.4336635758326585e-05 6.1560779334331471e-05 0.0027999075909016405 0.0025070213955009513 0.00029800459685410687 -8.0749691380918996e-05 0.00083929590086952405
leaf_weight=497846 61 222827 67 46 63161 48 70923 11792 54 92 1448 58061 243
leaf_count=497846 61 222827 67 46 63161 48 70923 11792 54 92 1448 58061 243
internal_value=-2.80889e-13 1.3947e-05 0.00128223 0.00391788 1.33288e-05 -8.39921e-06 4.94451e-05 -8.7456e-06 -5.45194e-05 -2.34103e-06 0.000429972 -5.6726e-05 -3.67766e-06
internal_weight=926669 357133 174 107 356959 222875 134084 569536 69907 499629 1540 69853 498089
internal_count=926669 357133 174 107 356959 222875 134084 569536 69907 499629 1540 69853 498089
is_linear=0
shrinkage=0.0145901


Tree=228
num_leaves=15
num_cat=0
split_feature=9 28 15 13 21 13 22 11 4 7 2 4 8 8
split_gain=0.53364 2.02197 6.54786 2.85748 2.39418 6.05338 1.73744 1.16628 3.33982 4.03364 3.41514 1.5028 2.9165 1.47762
threshold=3.5409667491912846 -0.13119563832879064 8.5663428306579608 5.2135236263275155 11.732142925262453 4.2340295314788827 0.98362198472023021 4.8244450092315683 4.6200466156005868 1.5954545140266421 0.89587974548339855 4.3630783557891855 5.7482247352600107 5.9488420486450204
decision_type=2 2 2 2 2 2 2 2 2 2 2 2 2 2
left_child=7 2 -2 -4 6 -6 -3 11 10 -10 -9 13 -13 -1
right_child=1 4 3 -5 5 -7 -8 8 9 -11 -12 12 -14 -15
leaf_value=1.1932672153789745e-06 -0.0052770418105070873 -4.7517251861149787e-05 -0.00058320474946091318 0.0026927535116919735 -0.00015237621697642635 -0.0026947428682886649 0.00037156812892549676 0.003941685159911894 0.0049627174366069383 0.00062490868121194902 4.4245098604242725e-05 -0.00016936447291386871 -0.0032254528185781742 0.0026161894185172049
leaf_weight=875757 62 19620 1024 60 1000 249 2359 48 47 1568 16311 8451 67 46
leaf_count=875757 62 19620 1024 60 1000 249 2359 48 47 1568 16311 8451 67 46
internal_value=5.57506e-14 -6.73644e-05 -0.000665631 -0.000401879 -3.78477e-05 -0.000659221 -2.53693e-06 1.81974e-06 0.00011817 0.000751148 5.56808e-05 -5.45105e-07 -0.000193403 1.33062e-06
internal_weight=926669 24374 1146 1084 23228 1249 21979 902295 17974 1615 16359 884321 8518 875803
internal_count=926669 24374 1146 1084 23228 1249 21979 902295 17974 1615 16359 884321 8518 875803
is_linear=0
shrinkage=0.0145901


Tree=229
num_leaves=15
num_cat=0
split_feature=27 14 3 6 19 21 2 1 23 13 29 29 3 5
split_gain=0.532989 5.44757 9.33874 34.5861 9.82209 3.49264 3.34146 1.71615 2.43387 2.32166 2.12141 0.892214 3.25413 0.759838
threshold=1.0000000180025095e-35 3.1702899932861333 9.9782609939575213 4.5000000000000009 18.500000000000004 13.692978858947756 4.6395599842071542 1.5000000000000002 0.076619498431682601 0.38637298345565801 -0.15134296566247937 -0.041332654654979699 7.7573530673980722 1.6074219942092898
decision_type=2 2 2 2 2 2 2 2 2 2 2 2 2 2
left_child=1 5 3 -3 -4 6 -1 8 9 -2 -10 12 -9 -13
right_child=7 2 4 -5 -6 -7 -8 11 10 -11 -12 13 -14 -15
leaf_value=0.00017614296102423687 -0.00040907803216745089 -4.9755425603752836e-05 0.0010160735553175297 -0.014495631289333592 -0.0059636856290471649 -0.0028155241039416216 0.0024962595960761778 1.210542959632085e-06 -0.00037516706588537694 -0.0048632801905956506 0.00024150493091919928 6.4047675683598117e-08 0.00026080574956643645 -5.6746425256135449e-05
leaf_weight=9516 53 126 303 49 50 82 134 51815 4367 47 1631 792172 12823 53501
leaf_count=9516 53 126 303 49 50 82 134 51815 4367 47 1631 792172 12823 53501
internal_value=5.01004e-13 0.000104574 -0.00133877 -0.0040946 2.74391e-05 0.000182881 0.00020836 -1.1708e-06 -0.000245116 -0.00250255 -0.000207479 4.63339e-07 5.27095e-05 -3.53003e-06
internal_weight=926669 10260 528 175 353 9732 9650 916409 6098 100 5998 910311 64638 845673
internal_count=926669 10260 528 175 353 9732 9650 916409 6098 100 5998 910311 64638 845673
is_linear=0
shrinkage=0.0145901


Tree=230
num_leaves=11
num_cat=0
split_feature=5 16 22 7 3 12 19 28 29 9
split_gain=0.521982 3.14593 1.34658 1.69887 1.04992 0.979628 0.924689 0.672565 0.961016 0.56132
threshold=2.2240124940872197 3.2795320749282841 0.99873849749565136 7.019231081008912 82.333332061767592 2.8624296188354497 1.5000000000000002 -0.0062335100956261149 -0.021813536994159218 4.2488918304443368
decision_type=2 2 2 2 2 2 2 2 2 2
left_child=2 -2 4 -4 5 -1 -6 8 -3 -9
right_child=1 7 3 -5 6 -7 -8 9 -10 -11
leaf_value=-2.530258967018318e-09 -0.0032017584240239408 2.2134251604992969e-05 0.0030433755923362062 -5.9998624315494366e-05 0.0025365705993930414 0.00042407623308256205 0.00029502986536810127 -0.00017537926042840953 0.0010548842799167854 0.001362074384868516
leaf_weight=918002 70 1107 70 81 64 1161 101 5730 232 51
leaf_count=918002 70 1107 70 81 64 1161 101 5730 232 51
internal_value=-2.95325e-14 -0.000123831 9.68314e-07 0.00137865 7.42029e-07 5.33126e-07 0.00116448 -9.35704e-05 0.000201072 -0.000161816
internal_weight=926669 7190 919479 151 919328 919163 165 7120 1339 5781
internal_count=926669 7190 919479 151 919328 919163 165 7120 1339 5781
is_linear=0
shrinkage=0.0145901


Tree=231
num_leaves=13
num_cat=0
split_feature=9 19 15 28 1 28 16 20 22 7 1 1
split_gain=0.518863 1.99573 11.3648 6.39605 2.53093 1.86808 1.14772 1.64223 1.39352 0.814503 0.791567 0.702126
threshold=3.5409667491912846 1.0000000180025095e-35 8.5663428306579608 0.05616573058068753 2.5000000000000004 0.014306285884231331 12.450990200042726 0.020964499562978748 0.99620151519775402 26.500000000000004 23.500000000000004 4.5000000000000009
decision_type=2 2 2 2 2 2 2 2 2 2 2 2
left_child=6 2 -2 -4 5 -3 9 -8 -9 10 -1 -6
right_child=1 4 3 -5 11 -7 7 8 -10 -11 -12 -13
leaf_value=4.1521200223134477e-05 -0.0057169705617809265 -0.00066343585603570573 -0.0003356281323226308 0.0045080453403615762 0.00049327889688116351 -0.0037010330845953831 0.0027520361849855276 0.00020005312573866316 0.0022233672018050154 -0.001713127726586127 -3.4463059407355485e-06 4.297078427838016e-06
leaf_weight=92918 83 683 3542 59 646 46 60 1556 76 59 807626 19315
leaf_count=92918 83 683 3542 59 646 46 60 1556 76 59 807626 19315
internal_value=1.1469e-13 -6.64252e-05 -0.000379297 -0.000256268 -1.07162e-05 -0.000855109 1.79437e-06 0.000381431 0.000294276 1.08113e-06 1.19343e-06 2.0122e-05
internal_weight=926669 24374 3684 3601 20690 729 902295 1692 1632 900603 900544 19961
internal_count=926669 24374 3684 3601 20690 729 902295 1692 1632 900603 900544 19961
is_linear=0
shrinkage=0.0145901


Tree=232
num_leaves=16
num_cat=0
split_feature=21 11 9 8 10 1 9 23 21 19 1 1 16 5 3
split_gain=0.518538 1.17542 5.31268 14.612 1.34117 1.19369 1.81734 1.49227 1.15976 1.31621 12.5283 1.96682 1.24581 4.08708 1.8171
threshold=12.016354084014894 3.9676303863525395 1.9648454785346987 4.1626889705657968 1.7671399712562563 40.500000000000007 3.6984719038009648 0.14066549390554431 9.5597567558288592 1.0000000180025095e-35 1.0000000180025095e-35 4.5000000000000009 3.8176394701004033 2.2027584314346318 1.408333480358124
decision_type=2 2 2 2 2 2 2 2 2 2 2 2 2 2 2
left_child=8 5 3 -3 -4 7 -7 -2 9 10 -1 -11 13 -10 -14
right_child=1 2 4 -5 -6 6 -8 -9 12 11 -12 -13 14 -15 -16
leaf_value=-0.0046133049617054656 0.00095928378178397936 -0.0083165795260146391 -0.00084280919639528765 -0.00039167875862456439 -7.2903341805475474e-05 -4.9601204926416854e-05 -0.0022933108853657115 9.0431823721978988e-05 -1.0807105607428455e-05 0.00016621348080218766 -8.9792827289265789e-05 -8.1928092444650285e-06 0.0022235555624425096 -0.0043612473383713071 6.3977550905476064e-05
leaf_weight=138 443 64 527 219 5596 38268 77 8395 67436 14050 2346 677002 83 46 111979
leaf_count=138 443 64 527 219 5596 38268 77 8395 67436 14050 2346 677002 83 46 111979
internal_value=8.40607e-13 -4.40529e-05 -0.000229498 -0.00218388 -0.000139168 -1.88751e-05 -5.41068e-05 0.000133983 2.70394e-06 -5.85195e-06 -0.000341099 -4.6469e-06 3.57533e-05 -1.37726e-05 6.55771e-05
internal_weight=926669 53589 6406 283 6123 47183 38345 8838 873080 693536 2484 691052 179544 67482 112062
internal_count=926669 53589 6406 283 6123 47183 38345 8838 873080 693536 2484 691052 179544 67482 112062
is_linear=0
shrinkage=0.0145901


Tree=233
num_leaves=14
num_cat=0
split_feature=4 20 15 4 11 29 12 3 4 7 12 23 7
split_gain=0.515246 1.53022 1.15093 0.664357 1.0006 0.633733 0.839785 0.587305 1.30304 0.916166 0.567877 0.154943 0.087712
threshold=5.8721139430999765 0.9031360149383546 11.327288627624513 5.8036265373229989 4.0501236915588388 0.098595771938562407 2.7054359912872319 82.333332061767592 3.8393944501876835 22.341666221618656 2.2911455631256108 0.33704750239849096 5.3397436141967782
decision_type=2 2 2 2 2 2 2 2 2 2 2 2 2
left_child=3 5 10 7 -5 6 -2 9 -9 -1 -3 -6 -7
right_child=1 2 -4 4 11 12 -8 8 -10 -11 -12 -13 -14
leaf_value=-2.948119583038252e-07 0.0011367163489573533 -0.00058889262821775206 0.003129222210264957 -0.0027612306516024915 0.00043921064782463041 -0.00042849882138943089 -0.00030989614960929423 0.00019426103231837035 0.0028672941141282865 -0.0018340619210562331 0.0014154492333203926 -0.00067948098526433907 -6.4325518419794687e-05
leaf_weight=925094 210 46 62 46 47 271 144 203 48 58 87 60 293
leaf_count=925094 210 46 62 46 47 271 144 203 48 58 87 60 293
internal_value=-2.12696e-13 0.00031373 0.00148752 -3.77267e-07 -0.000961716 6.43952e-05 0.000548264 -2.18326e-07 0.000705439 -4.09775e-07 0.000722218 -0.000188093 -0.000239309
internal_weight=926669 1113 195 925556 153 918 354 925403 251 925152 133 107 564
internal_count=926669 1113 195 925556 153 918 354 925403 251 925152 133 107 564
is_linear=0
shrinkage=0.0145901


Tree=234
num_leaves=15
num_cat=0
split_feature=0 28 7 4 8 17 29 23 12 4 22 1 1 18
split_gain=0.51369 1.14943 1.57067 1.40469 0.843003 1.05346 0.823842 1.02894 1.01522 0.910657 6.89569 0.858551 0.825906 0.773433
threshold=1.0000000180025095e-35 -0.022426406852900978 16.071428298950199 4.4005842208862314 1.5102124810218813 3.552963495254517 0.079069808125495925 0.023450500331819061 1.7596514821052553 2.3502402305603032 0.92900449037551891 51.500000000000007 57.500000000000007 1.4978661537170412
decision_type=2 2 2 2 2 2 2 2 2 2 2 2 2 2
left_child=6 2 3 -2 13 -6 7 12 -9 11 -11 -8 -1 -3
right_child=1 4 -4 -5 5 -7 9 8 -10 10 -12 -13 -14 -15
leaf_value=0.00038449875782740152 7.7921053757462811e-05 2.7730922241358057e-05 0.0024085133432913152 -0.00036527045556642096 -3.0103526278925712e-05 1.3043115309449137e-05 -9.2236445557645889e-05 -8.6168232029807727e-05 -0.0022545828817412761 -8.0631223014309447e-05 0.0039147341487866588 5.7589334422991365e-06 1.644771537231326e-05 0.00019913026602535344
leaf_weight=1505 57149 108001 61 1564 229927 253013 21230 54339 46 619 108 183766 9430 5911
leaf_count=1505 57149 108001 61 1564 229927 253013 21230 54339 46 619 108 183766 9430 5911
internal_value=4.35533e-13 6.98453e-06 6.85464e-05 6.61153e-05 9.22323e-07 -7.49894e-06 -1.68949e-05 -6.20366e-05 -8.80023e-05 -2.56171e-06 0.000512903 -4.38976e-06 6.71031e-05 3.6625e-05
internal_weight=926669 655626 58774 58713 596852 482940 271043 65320 54385 205723 727 204996 10935 113912
internal_count=926669 655626 58774 58713 596852 482940 271043 65320 54385 205723 727 204996 10935 113912
is_linear=0
shrinkage=0.0145901


Tree=235
num_leaves=12
num_cat=0
split_feature=5 1 22 14 3 4 15 4 28 29 9
split_gain=0.507625 3.31142 1.32663 1.65214 0.999542 0.989718 0.9042 0.737753 0.560469 0.535819 0.496708
threshold=2.2442754507064824 1.0000000180025095e-35 0.99873849749565136 3.5108695030212407 82.333332061767592 5.8721139430999765 10.815649032592775 4.0517470836639413 0.0012068562209606173 -0.0042951316572725764 4.1198248863220224
decision_type=2 2 2 2 2 2 2 2 2 2 2
left_child=2 -2 4 -4 5 -1 -6 -5 9 -3 -10
right_child=1 8 3 7 6 -7 -8 -9 10 -11 -12
leaf_value=6.9526037354970781e-08 -0.0039462201222358875 5.7030325359543514e-05 0.0034402554989084043 -0.0008598184006732134 0.0027953334569884225 0.00056187097855729868 0.00043752252155822383 0.0016338577566654344 -0.00018717594842296336 0.00094926842177190849 0.00098605407757220917
leaf_weight=919147 48 1184 53 56 49 668 118 46 5059 163 78
leaf_count=919147 48 1184 53 56 49 668 118 46 5059 163 78
internal_value=-2.00539e-13 -0.000128165 9.09837e-07 0.00135059 6.82441e-07 4.77525e-07 0.00112934 0.000264781 -9.99007e-05 0.000165 -0.000169362
internal_weight=926669 6532 920137 155 919982 919815 167 102 6484 1347 5137
internal_count=926669 6532 920137 155 919982 919815 167 102 6484 1347 5137
is_linear=0
shrinkage=0.0145901


Tree=236
num_leaves=14
num_cat=0
split_feature=9 19 15 28 1 15 16 11 10 9 7 14 1
split_gain=0.508076 1.94325 11.0176 6.21185 2.46679 1.86413 1.11068 1.6169 1.13723 1.01831 0.801661 0.774406 0.676824
threshold=3.5409667491912846 1.0000000180025095e-35 8.5663428306579608 0.05616573058068753 2.5000000000000004 9.0471143722534197 12.450990200042726 5.5337600708007821 2.3988069295883183 2.4849387407302861 26.500000000000004 9.3666663169860858 4.5000000000000009
decision_type=2 2 2 2 2 2 2 2 2 2 2 2 2
left_child=6 2 -2 -4 5 -3 10 9 -9 -8 11 -1 -6
right_child=1 4 3 -5 12 -7 7 8 -10 -11 -12 -13 -14
leaf_value=6.9887104032339779e-07 -0.0056299467464219956 -0.0024506911104009528 -0.00033153561353139175 0.004441879508633546 0.00048423852259365862 -0.00050551305380436317 0.0023228666755826144 -0.00046528084579057575 0.0019579264753265811 0.00011656893909952788 -0.0016995669248821787 0.00037743093088953998 4.1482970540794596e-06
leaf_weight=899381 83 127 3542 59 646 602 46 52 199 1395 59 1163 19315
leaf_count=899381 83 127 3542 59 646 602 46 52 199 1395 59 1163 19315
internal_value=-7.09406e-13 -6.5731e-05 -0.000374461 -0.000253326 -1.07595e-05 -0.000844385 1.77561e-06 0.000375235 0.00145591 0.000186999 1.07398e-06 1.1854e-06 1.96855e-05
internal_weight=926669 24374 3684 3601 20690 729 902295 1692 251 1441 900603 900544 19961
internal_count=926669 24374 3684 3601 20690 729 902295 1692 251 1441 900603 900544 19961
is_linear=0
shrinkage=0.0145901


Tree=237
num_leaves=16
num_cat=0
split_feature=21 11 9 29 23 28 4 22 21 1 5 1 20 21 22
split_gain=0.505711 1.1424 5.15957 14.4152 1.32358 1.17553 2.13077 1.67062 1.12243 1.48687 3.91282 1.44875 3.95926 1.41667 1.16134
threshold=12.016354084014894 3.9676303863525395 1.9648454785346987 -0.024647688493132588 0.68148648738861095 -0.03602336905896663 2.8617925643920903 0.99777299165725719 8.2939243316650408 4.5000000000000009 1.8892929553985598 1.5000000000000002 0.14965700358152392 10.384477615356447 0.99548199772834789
decision_type=2 2 2 2 2 2 2 2 2 2 2 2 2 2 2
left_child=8 5 3 -3 -4 6 -2 -7 9 10 -1 12 -10 -13 -11
right_child=1 2 4 -5 -6 7 -8 -9 11 14 -12 13 -14 -15 -16
leaf_value=0.00016076003643306433 0.00010532149251201003 -0.0095310758039674828 -6.6278647781451788e-05 -0.00068284935710548615 -0.00078514178412553419 -3.6314005481720267e-05 0.0012103540438720888 -0.0027047685710953544 -0.004347192326697477 -8.5530779885616376e-06 -0.004101804094699164 0.00010683013429337497 -0.00014261292442527553 1.6657331407344967e-05 -0.00060187268484092912
leaf_weight=13342 3101 47 5518 236 605 43610 422 50 48 666621 46 51279 7025 134016 703
leaf_count=13342 3101 47 5518 236 605 43610 422 50 48 666621 46 51279 7025 134016 703
internal_value=-3.74147e-13 -4.35046e-05 -0.000226327 -0.00215234 -0.000137308 -1.8683e-05 0.000237687 -3.937e-05 2.67028e-06 -6.12388e-06 0.000146114 3.37892e-05 -0.000171147 4.1612e-05 -9.17812e-06
internal_weight=926669 53589 6406 283 6123 47183 3523 43660 873080 680712 13388 192368 7073 185295 667324
internal_count=926669 53589 6406 283 6123 47183 3523 43660 873080 680712 13388 192368 7073 185295 667324
is_linear=0
shrinkage=0.0145901


Tree=238
num_leaves=12
num_cat=0
split_feature=18 22 22 1 2 23 7 18 15 15 1
split_gain=0.509493 1.69207 4.39929 1.505 1.93084 4.02443 1.40983 1.10448 0.924561 1.09328 1.04554
threshold=5.1269311904907235 0.99873849749565136 0.99823999404907238 8.5000000000000018 5.2122108936309823 0.36492000520229345 1.8918129801750185 4.8242976665496835 9.6024703979492205 9.8474946022033709 3.5000000000000004
decision_type=2 2 2 2 2 2 2 2 2 2 2
left_child=1 2 7 8 5 -5 -6 -1 10 -10 -2
right_child=3 -3 -4 4 6 -7 -8 -9 9 -11 -12
leaf_value=2.2329179375107875e-07 0.00012820149385570171 0.0026054023096261794 -0.0041278423629032054 0.0043731242041079622 -0.00079920566804416197 0.00042409860615831493 1.5959789562550341e-05 -0.00016518445986850531 -0.001016166504951538 0.00042517577447017242 0.0029538032036157545
leaf_weight=901511 50 53 55 62 468 482 12919 8676 118 2212 63
leaf_count=901511 50 53 55 62 468 482 12919 8676 118 2212 63
internal_value=1.04299e-12 -1.45094e-06 -1.60273e-06 8.06636e-05 2.20878e-05 0.000874171 -1.25378e-05 -1.35339e-06 0.000414687 0.000352181 0.00170354
internal_weight=926669 910295 910242 16374 13931 544 13387 910187 2443 2330 113
internal_count=926669 910295 910242 16374 13931 544 13387 910187 2443 2330 113
is_linear=0
shrinkage=0.0145901


Tree=239
num_leaves=16
num_cat=0
split_feature=20 23 16 12 22 8 1 4 7 27 7 14 14 12 4
split_gain=0.500704 1.3013 3.00903 6.93549 3.8715 1.63499 3.47019 1.45898 0.774534 1.49377 13.0771 0.902597 0.852276 2.4035 0.957154
threshold=0.53093749284744274 0.26498199999332434 11.83407497406006 2.3394500017166142 0.98660999536514293 6.107393980026246 244.50000000000003 4.8162329196929941 2.3397434949874882 1.0000000180025095e-35 2.7350875139236455 7.683333396911622 2.2554349899291997 2.8624296188354497 4.4484992027282724
decision_type=2 2 2 2 2 2 2 2 2 2 2 2 2 2 2
left_child=8 2 4 -4 -2 7 -7 -3 12 10 -10 -11 14 -14 -1
right_child=1 5 3 -5 -6 6 -8 -9 9 11 -12 -13 13 -15 -16
leaf_value=-5.6800553964864396e-06 6.9008946211553663e-05 -6.2966124785898343e-07 0.00065186258108044322 0.0065780822275006519 -0.001919870214251179 -0.00010394806511412919 -0.0018399293934552325 0.00033820207938473957 -0.0072679776686073614 -5.3900028739804362e-05 0.00057060288516355738 0.00035636261065326042 6.8442404791562553e-05 0.0028146495215964217 -0.00050218268947904785
leaf_weight=462506 66216 286045 488 46 209 1081 317 2731 58 75702 207 1159 29008 68 828
leaf_count=462506 66216 286045 488 46 209 1081 317 2731 58 75702 207 1159 29008 68 828
internal_value=4.39666e-14 1.35435e-05 7.15205e-05 0.00116236 6.27511e-05 1.65049e-07 -0.000497586 2.57472e-06 -8.49259e-06 -5.14839e-05 -0.00114501 -4.77136e-05 -1.75889e-06 7.4865e-05 -6.56733e-06
internal_weight=926669 357133 66959 534 66425 290174 1398 288776 569536 77126 265 76861 492410 29076 463334
internal_count=926669 357133 66959 534 66425 290174 1398 288776 569536 77126 265 76861 492410 29076 463334
is_linear=0
shrinkage=0.0145901


Tree=240
num_leaves=15
num_cat=0
split_feature=0 28 7 14 8 17 29 23 12 4 22 1 1 2
split_gain=0.497269 1.12045 1.52989 1.394 0.820135 1.02486 0.805361 1.00074 0.986079 0.884874 6.70033 0.837704 0.795086 0.751459
threshold=1.0000000180025095e-35 -0.022426406852900978 16.071428298950199 4.7182538509368905 1.5102124810218813 3.552963495254517 0.079069808125495925 0.023450500331819061 1.7596514821052553 2.3502402305603032 0.92900449037551891 51.500000000000007 57.500000000000007 1.4978661537170412
decision_type=2 2 2 2 2 2 2 2 2 2 2 2 2 2
left_child=6 2 3 -2 13 -6 7 12 -9 11 -11 -8 -1 -3
right_child=1 4 -4 -5 5 -7 9 8 -10 10 -12 -13 -14 -15
leaf_value=0.00037751949761262335 8.0767639761115592e-05 2.2983280672458697e-05 0.0023770399110239638 -0.00026051722912595566 -2.9715216840420964e-05 1.2841763379819963e-05 -9.1026759117690263e-05 -8.5054934379631911e-05 -0.0022221225487474064 -7.9401909288282481e-05 0.0038589600187390596 5.7715910990797862e-06 1.6400904417293456e-05 0.00014314688085313821
leaf_weight=1505 56044 101476 61 2669 229927 253013 21230 54339 46 619 108 183766 9430 12436
leaf_count=1505 56044 101476 61 2669 229927 253013 21230 54339 46 619 108 183766 9430 12436
internal_value=6.88758e-13 6.87198e-06 6.76527e-05 6.52534e-05 8.867e-07 -7.41955e-06 -1.66226e-05 -6.12552e-05 -8.68625e-05 -2.45115e-06 0.000505664 -4.25314e-06 6.61022e-05 3.61018e-05
internal_weight=926669 655626 58774 58713 596852 482940 271043 65320 54385 205723 727 204996 10935 113912
internal_count=926669 655626 58774 58713 596852 482940 271043 65320 54385 205723 727 204996 10935 113912
is_linear=0
shrinkage=0.0145901


Tree=241
num_leaves=14
num_cat=0
split_feature=9 3 16 5 28 15 7 11 2 4 4 8 8
split_gain=0.496116 1.90973 8.94301 3.17842 2.18071 6.11086 1.71776 1.09115 3.21432 3.29984 1.46894 2.83399 1.42613
threshold=3.5409667491912846 28.633334159851078 7.1583778858184823 1.2670134902000429 -0.13119563832879064 8.5663428306579608 1.3779760003089907 4.8244450092315683 0.89587974548339855 4.6200466156005868 4.3630783557891855 5.7482247352600107 5.9488420486450204
decision_type=2 2 2 2 2 2 2 2 2 2 2 2 2
left_child=7 4 -3 -4 5 -2 -6 10 -9 -10 12 -12 -1
right_child=1 2 3 -5 6 -7 -8 8 9 -11 11 -13 -14
leaf_value=1.1867272312252197e-06 -0.0051260378477623126 -0.0068776070060644068 -0.0021420922436276748 -3.2829346927185554e-05 -0.00017343944663681285 -0.00040622565780257464 9.2928957396394587e-05 0.003884810621609718 4.191015832769746e-05 0.00073329363612351724 -0.00016751007644032057 -0.0031800602323288222 0.0025702162909736251
leaf_weight=875757 62 47 182 925 8157 1004 13997 48 16311 1615 8451 67 46
leaf_count=875757 62 47 182 925 8157 1004 13997 48 16311 1615 8451 67 46
internal_value=3.69334e-13 -6.49528e-05 -0.00064426 -0.00037961 -3.61621e-05 -0.000680736 -5.14665e-06 1.75459e-06 0.000114295 0.000104199 -5.32812e-07 -0.000191206 1.32166e-06
internal_weight=926669 24374 1154 1107 23220 1066 22154 902295 17974 17926 884321 8518 875803
internal_count=926669 24374 1154 1107 23220 1066 22154 902295 17974 17926 884321 8518 875803
is_linear=0
shrinkage=0.0145901


Tree=242
num_leaves=11
num_cat=0
split_feature=5 11 22 14 7 7 28 29 9 4
split_gain=0.495452 3.01585 1.24474 1.60198 1.02379 1.33487 0.661382 0.914187 0.540937 0.535244
threshold=2.2240124940872197 2.7085130214691167 0.99873849749565136 3.5108695030212407 26.500000000000004 16.771551132202152 -0.0062335100956261149 -0.021813536994159218 4.2488918304443368 3.9019216299057011
decision_type=2 2 2 2 2 2 2 2 2 2
left_child=2 -2 4 -4 5 -1 7 -3 -8 -5
right_child=1 6 3 9 -6 -7 8 -9 -10 -11
leaf_value=5.7235309090065119e-07 -0.0037655596432974235 2.1249192600398005e-05 0.0033689946223826777 -0.00079378758648433474 -0.0020869631230295204 0.0011584421809697533 -0.00017715313003981002 0.0010261071313442994 0.0013321124860184057 0.0013667697903524633
leaf_weight=919066 48 1115 53 52 50 212 5743 233 51 46
leaf_count=919066 48 1115 53 52 50 212 5743 233 51 46
internal_value=-7.74447e-13 -0.000120643 9.43385e-07 0.0013255 7.25826e-07 8.39376e-07 -9.61463e-05 0.000194938 -0.000163868 0.000220352
internal_weight=926669 7190 919479 151 919328 919278 7142 1348 5794 98
internal_count=926669 7190 919479 151 919328 919278 7142 1348 5794 98
is_linear=0
shrinkage=0.0145901


Tree=243
num_leaves=15
num_cat=0
split_feature=21 11 9 8 23 7 22 21 19 1 1 21 18 7
split_gain=0.491487 1.11299 5.01013 14.1822 1.30694 1.16976 1.24623 1.0819 1.28073 12.1185 1.85535 1.19763 2.61696 1.33341
threshold=12.016354084014894 3.9676303863525395 1.9648454785346987 4.1626889705657968 0.53455951809883129 12.716577529907228 0.98936697840690624 9.5597567558288592 1.0000000180025095e-35 1.0000000180025095e-35 4.5000000000000009 10.384477615356447 2.4414010047912602 23.590741157531742
decision_type=2 2 2 2 2 2 2 2 2 2 2 2 2 2
left_child=7 5 3 -3 -4 6 -2 8 9 -1 -10 12 -9 -13
right_child=1 2 4 -5 -6 -7 -8 11 10 -11 -12 13 -14 -15
leaf_value=-0.0045380891730995966 -3.0563350931640354e-05 -0.0081630899819533469 -2.0966000152969839e-05 -0.00035561198039013283 -0.00053190928113026512 -0.0022054668928014197 0.00036987043775420686 -1.5619163728163017e-05 0.00016150546854975471 -8.9166921743922569e-05 -7.8865027697681538e-06 1.5141044971160369e-05 0.00021887808821288197 -0.0021603530120869702
leaf_weight=138 45414 64 4749 219 1374 52 1717 19806 14050 2346 677002 138940 20738 60
leaf_count=138 45414 64 4749 219 1374 52 1717 19806 14050 2346 677002 138940 20738 60
internal_value=-4.32461e-13 -4.28884e-05 -0.000223342 -0.00212126 -0.000135622 -1.83884e-05 -1.59754e-05 2.63246e-06 -5.63124e-06 -0.000336329 -4.44254e-06 3.45532e-05 0.000104325 1.4202e-05
internal_weight=926669 53589 6406 283 6123 47183 47131 873080 693536 2484 691052 179544 40544 139000
internal_count=926669 53589 6406 283 6123 47183 47131 873080 693536 2484 691052 179544 40544 139000
is_linear=0
shrinkage=0.0145901


Tree=244
num_leaves=11
num_cat=0
split_feature=18 22 22 18 9 7 7 16 28 16
split_gain=0.489824 1.63418 4.56227 1.34628 1.09725 1.57374 1.39594 1.27095 2.48105 2.21471
threshold=5.0782890319824228 0.99873849749565136 0.99823999404907238 4.8242976665496835 3.07454526424408 23.590741157531742 1.7801935076713564 9.1338129043579119 -0.0036139540607109662 9.2437753677368182
decision_type=2 2 2 2 2 2 2 2 2 2
left_child=1 2 3 -1 5 6 -2 8 -6 -9
right_child=4 -3 -4 -5 7 -7 -8 9 -10 -11
leaf_value=2.383193849478234e-07 -0.00094785098736210936 0.0025849092626008922 -0.004365282323392959 -0.00019640095845706594 0.0019010269472231349 -0.0025291580545845176 3.8895192173507745e-05 -0.0019935010423235812 0.0002882324297350174 0.00019529047705687611
leaf_weight=901511 313 52 51 7473 275 52 12233 101 776 3832
leaf_count=901511 313 52 51 7473 275 52 12233 101 776 3832
internal_value=7.06185e-13 -1.47518e-06 -1.62313e-06 -1.3783e-06 7.62753e-05 3.77928e-06 1.42777e-05 0.000259523 0.000710229 0.000139082
internal_weight=926669 909087 909035 908984 17582 12598 12546 4984 1051 3933
internal_count=926669 909087 909035 908984 17582 12598 12546 4984 1051 3933
is_linear=0
shrinkage=0.0145901


Tree=245
num_leaves=13
num_cat=0
split_feature=9 19 15 28 1 5 16 20 22 7 14 21
split_gain=0.486765 1.89733 10.6134 6.03689 2.37337 1.85131 1.06534 1.60083 1.3339 0.734062 0.747728 0.647339
threshold=3.5409667491912846 1.0000000180025095e-35 8.5663428306579608 0.05616573058068753 2.5000000000000004 1.0000000180025095e-35 12.450990200042726 0.020964499562978748 0.99620151519775402 26.500000000000004 9.3666663169860858 8.2939243316650408
decision_type=2 2 2 2 2 2 2 2 2 2 2 2
left_child=6 2 -2 -4 5 -3 9 -8 -9 10 -1 -6
right_child=1 4 3 -5 11 -7 7 8 -10 -11 -12 -13
leaf_value=6.7935765854718777e-07 -0.0055275783582147252 -0.0020573253866766499 -0.00032760639095450096 0.0043781074600244526 -2.8381564762767976e-05 -0.00038806667208645101 0.0027080238626429848 0.0001892612510918712 0.0021688140669774226 -0.0016263087906242021 0.00037086547649662732 0.0001629937867222453
leaf_weight=899381 83 192 3542 59 14931 537 60 1556 76 59 1163 5030
leaf_count=899381 83 192 3542 59 14931 537 60 1556 76 59 1163 5030
internal_value=3.61083e-13 -6.43377e-05 -0.000369398 -0.000250506 -1.00196e-05 -0.000827707 1.73798e-06 0.000367495 0.000281446 1.05081e-06 1.15743e-06 1.98434e-05
internal_weight=926669 24374 3684 3601 20690 729 902295 1692 1632 900603 900544 19961
internal_count=926669 24374 3684 3601 20690 729 902295 1692 1632 900603 900544 19961
is_linear=0
shrinkage=0.0145901


Tree=246
num_leaves=12
num_cat=0
split_feature=3 3 7 9 15 7 8 7 7 1 20
split_gain=0.489029 0.700093 2.82862 5.41863 3.01785 0.922915 2.14502 1.36372 0.648554 0.593457 0.750812
threshold=82.333332061767592 43.071428298950202 7.019231081008912 3.5127768516540532 10.307874202728273 15.083333492279055 5.3801276683807382 14.031250000000002 11.360389709472658 7.5000000000000009 0.99065047502517711
decision_type=2 2 2 2 2 2 2 2 2 2 2
left_child=1 5 3 -3 -4 7 -7 -1 -2 -10 -11
right_child=8 2 4 -5 -6 6 -8 -9 9 10 -12
leaf_value=4.4187611515276448e-07 0.002190732986315468 -0.00024664193182453184 0.0021028949266580646 -0.0033121050087463128 -0.00013028212261549614 -0.00017534121735845003 0.0037609958033870509 -0.0022563698705273991 -0.0010153372865940454 0.00015959231589026478 0.0023139081805460637
leaf_weight=923696 46 435 139 171 1758 82 46 57 56 137 46
leaf_count=923696 46 435 139 171 1758 82 46 57 56 137 46
internal_value=-8.21372e-14 -1.85904e-07 -0.000243864 -0.00111165 3.33508e-05 4.74275e-07 0.00123928 3.0262e-07 0.000604276 0.000298933 0.000701114
internal_weight=926669 926384 2503 606 1897 923881 128 923753 285 239 183
internal_count=926669 926384 2503 606 1897 923881 128 923753 285 239 183
is_linear=0
shrinkage=0.0145901


Tree=247
num_leaves=15
num_cat=0
split_feature=0 28 7 4 5 28 4 29 23 12 4 22 19 1
split_gain=0.482297 1.09207 1.49133 1.37976 0.820113 3.07394 1.31509 0.786802 1.17868 0.957183 0.884227 6.72846 0.838174 0.736919
threshold=1.0000000180025095e-35 -0.022426406852900978 16.071428298950199 4.4005842208862314 1.6074219942092898 -0.015234027523547409 4.6395599842071542 0.53379990160465252 0.023450500331819061 1.7596514821052553 2.3502402305603032 0.92900449037551891 1.0000000180025095e-35 168.50000000000003
decision_type=2 2 2 2 2 2 2 2 2 2 2 2 2 2
left_child=7 2 3 -2 6 -6 -3 8 13 -10 12 -12 -9 -1
right_child=1 4 -4 -5 5 -7 -8 10 9 -11 11 -13 -14 -15
leaf_value=0.00023378420999589736 7.6105364120375213e-05 4.6589610659570374e-06 0.0023468758285052896 -0.00036313703918095262 -0.00063746008682960835 -3.2674370874098399e-05 0.00033364219286460199 0.0017207396625847293 -8.3094111247492434e-05 -0.0021885476774040524 -8.6549184826341854e-05 0.0039023480519221627 -3.9632231585578144e-06 -9.6774977490371207e-06
leaf_weight=4089 57149 540614 61 1564 1853 51786 2599 60 58889 46 597 106 199754 7502
leaf_count=4089 57149 540614 61 1564 1853 51786 2599 60 58889 46 597 106 199754 7502
internal_value=1.54973e-13 6.76774e-06 6.67737e-05 6.44048e-05 8.58751e-07 -5.35672e-05 6.23298e-06 -1.63705e-05 -5.82857e-05 -8.47375e-05 -1.62802e-06 0.000514906 -3.44533e-06 7.62094e-05
internal_weight=926669 655626 58774 58713 596852 53639 543213 271043 70526 58935 200517 703 199814 11591
internal_count=926669 655626 58774 58713 596852 53639 543213 271043 70526 58935 200517 703 199814 11591
is_linear=0
shrinkage=0.0145901


Tree=248
num_leaves=11
num_cat=0
split_feature=18 22 22 18 9 7 7 16 28 16
split_gain=0.479206 1.58611 4.43507 1.30486 1.07096 1.52484 1.35675 1.23269 2.41138 2.14971
threshold=5.0782890319824228 0.99873849749565136 0.99823999404907238 4.8242976665496835 3.07454526424408 23.590741157531742 1.7801935076713564 9.1338129043579119 -0.0036139540607109662 9.2437753677368182
decision_type=2 2 2 2 2 2 2 2 2 2
left_child=1 2 3 -1 5 6 -2 8 -6 -9
right_child=4 -3 -4 -5 7 -7 -8 9 -10 -11
leaf_value=2.28087257239925e-07 -0.00093437043210569694 0.0025466069581044919 -0.0043040040342925108 -0.00019336287013794264 0.0018743138438343523 -0.0024894547017587166 3.8425419435882767e-05 -0.0019631882545225695 0.00028432381773098352 0.00019324621686466834
leaf_weight=901511 313 52 51 7473 275 52 12233 101 776 3832
leaf_count=901511 313 52 51 7473 275 52 12233 101 776 3832
internal_value=-5.99951e-13 -1.45911e-06 -1.60487e-06 -1.36348e-06 7.54441e-05 3.82192e-06 1.41559e-05 0.000256483 0.000700354 0.000137869
internal_weight=926669 909087 909035 908984 17582 12598 12546 4984 1051 3933
internal_count=926669 909087 909035 908984 17582 12598 12546 4984 1051 3933
is_linear=0
shrinkage=0.0145901


Tree=249
num_leaves=14
num_cat=0
split_feature=20 23 9 1 12 22 23 5 25 13 13 1 3
split_gain=0.478535 1.2794 8.7807 5.6199 1.2431 2.1608 1.35196 0.763577 2.00529 1.312 1.92895 0.936191 0.754156
threshold=0.53093749284744274 0.044763000681996352 2.4383614063262944 182.50000000000003 1.2172845005989077 0.99809950590133678 0.11432600021362306 1.2172845005989077 1.0000000180025095e-35 3.8735961914062504 3.9007277488708501 1.5000000000000002 41.021738052368171
decision_type=2 2 2 2 2 2 2 2 2 2 2 2 2
left_child=7 2 3 -2 5 -3 -6 9 11 12 -11 -9 -1
right_child=1 4 -4 -5 6 -7 -8 8 -10 10 -12 -13 -14
leaf_value=-3.6753179676789442e-06 0.00095390931049233038 -9.1544413911349094e-06 -0.0028779046654309796 0.0077080466543847422 -0.0004183219732639527 0.0030867756462531694 5.2338874032415982e-05 0.00060401371257169829 0.0027570165993532183 0.002471771983664411 0.00029306081527246389 -5.9963454046741572e-05 0.00085074693814298278
leaf_weight=497869 61 222827 67 46 1312 48 132772 455 54 92 1448 69398 220
leaf_count=497869 61 222827 67 46 1312 48 132772 455 54 92 1448 69398 220
internal_value=-4.9071e-14 1.32403e-05 0.00126402 0.00385756 1.26306e-05 -8.48768e-06 4.77335e-05 -8.30245e-06 -5.34659e-05 -1.98329e-06 0.000423218 -5.56385e-05 -3.29793e-06
internal_weight=926669 357133 174 107 356959 222875 134084 569536 69907 499629 1540 69853 498089
internal_count=926669 357133 174 107 356959 222875 134084 569536 69907 499629 1540 69853 498089
is_linear=0
shrinkage=0.0145901


Tree=250
num_leaves=15
num_cat=0
split_feature=21 11 9 1 10 22 22 21 21 18 4 21 7 3
split_gain=0.480145 1.08236 4.8609 14.1182 1.30844 1.14884 1.50429 1.04348 2.29844 3.54884 1.26523 1.69234 1.25778 1.08008
threshold=12.016354084014894 3.9676303863525395 1.9648454785346987 5.5000000000000009 1.7671399712562563 0.99777299165725719 0.98936697840690624 10.043381214141847 10.384477615356447 2.4414010047912602 4.2972624301910409 10.00240468978882 23.590741157531742 18.023809432983402
decision_type=2 2 2 2 2 2 2 2 2 2 2 2 2 2
left_child=7 5 3 -3 -4 6 -2 10 9 -9 13 -12 -10 -1
right_child=1 2 4 -5 -6 -7 -8 8 12 -11 11 -13 -14 -15
leaf_value=-1.3007770788194916e-06 -3.1426462632126598e-05 -0.0092111517463495333 -0.00082894096261630276 -0.00059855628309543607 -6.8488412407045253e-05 -0.0020192036275616574 0.00041482165761997318 -2.6980100321822111e-05 1.4723795483241604e-05 0.00033904001384618129 -0.00021513987916856126 -0.0025689271827207152 -0.0020981735825054363 -0.00015423388497539327
leaf_weight=696919 45455 49 527 234 5596 61 1667 10369 138940 12361 4394 66 60 9971
leaf_count=696919 45455 49 527 234 5596 61 1667 10369 138940 12361 4394 66 60 9971
internal_value=-7.51853e-13 -4.23907e-05 -0.000220344 -0.00208978 -0.00013394 -1.82302e-05 -1.56399e-05 2.60191e-06 3.60536e-05 0.000172068 -5.00355e-06 -0.000249972 1.38118e-05 -3.45797e-06
internal_weight=926669 53589 6406 283 6123 47183 47122 873080 161730 22730 711350 4460 139000 706890
internal_count=926669 53589 6406 283 6123 47183 47122 873080 161730 22730 711350 4460 139000 706890
is_linear=0
shrinkage=0.0145901


Tree=251
num_leaves=12
num_cat=0
split_feature=3 3 7 21 15 7 8 7 5 4 14
split_gain=0.484351 0.684289 2.75251 5.39164 3.1756 0.899307 2.07877 1.32392 0.635062 1.14448 0.442542
threshold=82.333332061767592 43.071428298950202 7.2182538509368905 11.759792804718019 10.307874202728273 15.083333492279055 5.3801276683807382 14.031250000000002 2.3374580144882207 3.7726949453353886 6.8964285850524911
decision_type=2 2 2 2 2 2 2 2 2 2 2
left_child=1 5 3 -3 -4 7 -7 -1 9 10 -2
right_child=8 2 4 -5 -6 6 -8 -9 -10 -11 -12
leaf_value=4.3543627911239755e-07 -0.00073205506743051214 -0.00069859845215479335 0.0022192719738093696 -0.0058892636056148496 -0.00012756545262989469 -0.00016927723015198304 0.003705795249216617 -0.0022232041396520741 -0.00042067994090967973 0.0030505588255366244 0.00097905844894326504
leaf_weight=923696 47 576 132 46 1749 82 46 57 89 47 102
leaf_count=923696 47 576 132 46 1749 82 46 57 89 47 102
internal_value=1.89041e-13 -1.85013e-07 -0.000241097 -0.00108247 3.71249e-05 4.67673e-07 0.00122333 2.98227e-07 0.000601379 0.00106548 0.000439311
internal_weight=926669 926384 2503 622 1881 923881 128 923753 285 196 149
internal_count=926669 926384 2503 622 1881 923881 128 923753 285 196 149
is_linear=0
shrinkage=0.0145901


Tree=252
num_leaves=14
num_cat=0
split_feature=4 20 15 4 11 29 12 12 3 4 7 23 3
split_gain=0.478736 1.45288 1.114 0.647947 0.965715 0.605908 0.818008 0.553519 0.543301 1.20603 0.87287 0.151272 0.0942251
threshold=5.8721139430999765 0.9031360149383546 11.327288627624513 5.8036265373229989 4.0501236915588388 0.098595771938562407 2.7054359912872319 2.2911455631256108 82.333332061767592 3.8393944501876835 22.341666221618656 0.33704750239849096 44.645833969116218
decision_type=2 2 2 2 2 2 2 2 2 2 2 2 2
left_child=3 5 7 8 -5 6 -2 -3 10 -10 -1 -6 -7
right_child=1 2 -4 4 11 12 -8 -9 9 -11 -12 -13 -14
leaf_value=-2.786119891322671e-07 0.0011133578581351041 -0.00060120122044591336 0.0030613015964144445 -0.0027176216916646361 0.00043009066719336609 -0.00029823740908971531 -0.00031437493609015447 0.0013776405465229619 0.00018671708362757764 0.0027583304805803509 -0.0017901912744715609 -0.000675271242432927 0.00034805929180162947
leaf_weight=925094 210 46 62 46 47 511 144 87 203 48 58 60 53
leaf_count=925094 210 46 62 46 47 511 144 87 203 48 58 60 53
internal_value=6.5057e-13 0.000302411 0.00144615 -3.63654e-07 -0.000949756 5.94586e-05 0.000532585 0.000693229 -2.06688e-07 0.0006785 -3.90826e-07 -0.000189738 -0.000237504
internal_weight=926669 1113 195 925556 153 918 354 133 925403 251 925152 107 564
internal_count=926669 1113 195 925556 153 918 354 133 925403 251 925152 107 564
is_linear=0
shrinkage=0.0145901


Tree=253
num_leaves=14
num_cat=0
split_feature=9 19 15 28 1 28 11 2 4 4 8 8 1
split_gain=0.473492 1.84948 10.3073 5.86237 2.31059 1.81959 1.04139 3.12485 3.17641 1.41409 2.74911 1.37948 0.642925
threshold=3.5409667491912846 1.0000000180025095e-35 8.5663428306579608 0.05616573058068753 2.5000000000000004 0.014306285884231331 4.8244450092315683 0.89587974548339855 4.6200466156005868 4.3630783557891855 5.7482247352600107 5.9488420486450204 4.5000000000000009
decision_type=2 2 2 2 2 2 2 2 2 2 2 2 2
left_child=6 2 -2 -4 5 -3 9 -8 -9 11 -11 -1 -6
right_child=1 4 3 -5 12 -7 7 8 -10 10 -12 -13 -14
leaf_value=1.1662902551623502e-06 -0.0054479192298913202 -0.00062745844784711964 -0.00032345552304070775 0.0043137412245298368 0.00047240970791688204 -0.0036253676585545182 0.0038293252780404671 4.0591069878125277e-05 0.00071892091783751244 -0.00016426130401485679 -0.0031313549759583101 0.0025278308185335161 4.496511932771047e-06
leaf_weight=875757 83 683 3542 59 646 46 48 16311 1615 8451 67 46 19315
leaf_count=875757 83 683 3542 59 646 46 48 16311 1615 8451 67 46 19315
internal_value=-4.46612e-13 -6.34545e-05 -0.000364643 -0.000247478 -9.82572e-06 -0.000816627 1.71412e-06 0.000111658 0.000101704 -5.20519e-07 -0.0001876 1.299e-06 1.96396e-05
internal_weight=926669 24374 3684 3601 20690 729 902295 17974 17926 884321 8518 875803 19961
internal_count=926669 24374 3684 3601 20690 729 902295 17974 17926 884321 8518 875803 19961
is_linear=0
shrinkage=0.0145901


Tree=254
num_leaves=12
num_cat=0
split_feature=5 16 22 23 12 20 3 29 22 1 23
split_gain=0.471788 2.98405 1.14478 1.55138 0.945236 2.4289 0.944908 0.617485 0.973263 0.415361 0.406891
threshold=2.2240124940872197 3.2795320749282841 0.99873849749565136 0.76117449998855602 2.8624296188354497 0.12069199979305269 82.333332061767592 0.19768322259187701 0.99873849749565136 12.500000000000002 0.66783699393272411
decision_type=2 2 2 2 2 2 2 2 2 2 2
left_child=2 -2 4 -4 6 -6 -1 8 -3 -5 -9
right_child=1 7 3 9 5 -7 -8 10 -10 -11 -12
leaf_value=-1.2568007181127262e-08 -0.0031154175451951357 0.00016596802086863693 0.0033420095695267959 0.0010829346056728266 0.0034680079301362614 0.00027080032700738045 0.0011041914826283527 -0.00021310353178084567 -0.0015697947625305313 -0.00080372952506856262 0.00036968803871031855
leaf_weight=918002 70 2184 51 54 53 1108 165 4595 71 46 270
leaf_count=918002 70 2184 51 54 53 1108 165 4595 71 46 270
internal_value=-7.94978e-13 -0.000117727 9.20581e-07 0.00127119 7.11939e-07 0.000416754 1.85864e-07 -8.82551e-05 0.000111317 0.000215069 -0.000180759
internal_weight=926669 7190 919479 151 919328 1161 918167 7120 2255 100 4865
internal_count=926669 7190 919479 151 919328 1161 918167 7120 2255 100 4865
is_linear=0
shrinkage=0.0145901


Tree=255
num_leaves=15
num_cat=0
split_feature=27 14 11 9 2 21 5 1 29 1 29 29 3 5
split_gain=0.468238 5.27016 9.96019 5.23647 4.22211 3.83976 3.43235 1.63294 2.36069 3.3111 1.27364 0.799597 3.09548 0.716803
threshold=1.0000000180025095e-35 2.7350875139236455 2.7285722494125371 1.812633275985718 4.6586997509002694 13.692978858947756 1.7363784909248354 1.5000000000000002 -0.15134296566247937 1.0000000180025095e-35 -0.034227009862661355 -0.041332654654979699 7.7573530673980722 1.6074219942092898
decision_type=2 2 2 2 2 2 2 2 2 2 2 2 2 2
left_child=1 4 -3 -4 5 -1 -6 8 9 -2 -10 12 -9 -13
right_child=7 2 3 -5 6 -7 -8 11 10 -11 -12 13 -14 -15
leaf_value=0.00019248000213152594 -0.00017803791234954718 -0.0058324376354166258 0.0026305611590049772 -0.00094656718748549712 0.00066738698871735978 -0.0030583303601160582 0.0059842459866300364 -2.7101537248945121e-07 0.0015863529398606588 -0.0010855840331000794 0.00011197380490117449 2.0704153161737116e-07 0.0002529166695763186 -5.4971207054449859e-05
leaf_weight=9220 3303 82 100 676 56 78 48 51815 136 1155 1504 792172 12823 53501
leaf_count=9220 3303 82 100 676 56 78 48 51815 136 1155 1504 792172 12823 53501
internal_value=-3.13992e-13 9.80166e-05 -0.0009966 -0.000485597 0.000197908 0.000165209 0.00312132 -1.09738e-06 -0.000239055 -0.000413169 0.000234239 4.9665e-07 4.99568e-05 -3.28378e-06
internal_weight=926669 10260 858 776 9402 9298 104 916409 6098 4458 1640 910311 64638 845673
internal_count=926669 10260 858 776 9402 9298 104 916409 6098 4458 1640 910311 64638 845673
is_linear=0
shrinkage=0.0145901


Tree=256
num_leaves=14
num_cat=0
split_feature=0 28 7 11 8 17 29 23 12 4 4 1 18
split_gain=0.467411 1.04041 1.42912 1.37108 0.797576 0.996856 0.770205 0.939899 0.928043 0.846998 1.44762 0.746428 0.733327
threshold=1.0000000180025095e-35 -0.022426406852900978 16.071428298950199 3.397182941436768 1.5102124810218813 3.552963495254517 0.079069808125495925 0.023450500331819061 1.7596514821052553 3.4811217784881596 2.3502402305603032 57.500000000000007 1.4978661537170412
decision_type=2 2 2 2 2 2 2 2 2 2 2 2 2
left_child=6 2 3 -2 12 -6 7 11 -9 10 -8 -1 -3
right_child=1 4 -4 -5 5 -7 9 8 -10 -11 -12 -13 -14
leaf_value=0.00036540005909994861 0.00012026167479065954 2.6961912845393647e-05 0.0022972683801093731 -2.3767287793528834e-05 -2.9285183809814312e-05 1.2686259002784606e-05 -4.0075559359833454e-06 -8.2826589849705506e-05 -0.0021560517811927446 -0.0018640966136375372 0.00067277171979772767 1.5505718953445516e-05 0.0001938581839311999
leaf_weight=1505 35335 108001 61 23378 229927 253013 204996 54339 46 52 675 9430 5911
leaf_count=1505 35335 108001 61 23378 229927 253013 204996 54339 46 52 675 9430 5911
internal_value=-2.3445e-13 6.66247e-06 6.5232e-05 6.29131e-05 8.94934e-07 -7.29628e-06 -1.61159e-05 -5.97634e-05 -8.45802e-05 -2.25714e-06 -1.78641e-06 6.36622e-05 3.56223e-05
internal_weight=926669 655626 58774 58713 596852 482940 271043 65320 54385 205723 205671 10935 113912
internal_count=926669 655626 58774 58713 596852 482940 271043 65320 54385 205723 205671 10935 113912
is_linear=0
shrinkage=0.0145901


Tree=257
num_leaves=15
num_cat=0
split_feature=9 22 9 3 8 17 13 20 8 22 3 27 20 15
split_gain=0.464661 1.9202 6.15795 9.71329 3.85893 1.59829 5.74645 1.52636 2.46231 1.55906 1.23955 6.43316 1.36228 0.946068
threshold=2.2067000865936284 0.98510900139808666 2.1857941150665288 4.4852941036224374 5.4689033031463632 -0.32357673346996302 1.7825567722320559 0.99065047502517711 2.866488099098206 0.98053598403930675 9.2052631378173846 1.0000000180025095e-35 0.98139899969100963 9.3918819427490252
decision_type=2 2 2 2 2 2 2 2 2 2 2 2 2 2
left_child=1 10 4 -4 -3 6 13 9 -9 -7 12 -12 -1 -2
right_child=5 2 3 -5 -6 7 -8 8 -10 -11 11 -13 -14 -15
leaf_value=-7.765145457251514e-07 0.0014444595806292603 -0.00011972787041506695 -0.0079623303855684609 -0.0010959317419784304 -0.0041068563004101463 1.4698590893132452e-05 0.0049721474009164386 -0.0027342188287788013 0.00018013333072291712 -0.00015964879189831128 -0.0028965613239531384 -8.2120785482092855e-05 0.00034945745403856153 -2.9607015776577801e-05
leaf_weight=629787 118 8210 52 280 52 233343 62 62 13310 11454 174 26960 2373 432
leaf_count=629787 118 8210 52 280 52 233343 62 62 13310 11454 174 26960 2373 432
internal_value=-4.86481e-13 -6.43099e-06 -0.000223112 -0.00217139 -0.000144822 1.65977e-05 0.000761322 1.48323e-05 0.000166621 6.54091e-06 -3.60652e-06 -0.000100169 5.38193e-07 0.000286647
internal_weight=926669 667888 8594 332 8262 258781 612 258169 13372 244797 659294 27134 632160 550
internal_count=926669 667888 8594 332 8262 258781 612 258169 13372 244797 659294 27134 632160 550
is_linear=0
shrinkage=0.0145901


Tree=258
num_leaves=13
num_cat=0
split_feature=9 3 16 5 28 15 7 16 20 11 7 14
split_gain=0.463768 1.83176 8.66885 3.06696 2.04366 5.79764 1.65942 1.02142 1.55659 1.30959 0.714689 0.722361
threshold=3.5409667491912846 28.633334159851078 7.1583778858184823 1.2670134902000429 -0.13119563832879064 8.5663428306579608 1.3779760003089907 12.450990200042726 0.020964499562978748 5.5337600708007821 26.500000000000004 9.3666663169860858
decision_type=2 2 2 2 2 2 2 2 2 2 2 2
left_child=7 4 -3 -4 5 -2 -6 10 -9 -10 11 -1
right_child=1 2 3 -5 6 -7 -8 8 9 -11 -12 -13
leaf_value=6.588817685814412e-07 -0.004988472445682398 -0.0067672150007172987 -0.0021008983605378035 -2.8950053093441152e-05 -0.00016998775481865959 -0.00039121126738783727 9.1817975265333449e-05 0.0026677983784735965 0.00010505126764441011 0.0012801837904469653 -0.0016047189895787265 0.0003645113896219136
leaf_weight=899381 62 47 182 925 8157 1004 13997 60 1396 236 59 1163
leaf_count=899381 62 47 182 925 8157 1004 13997 60 1396 236 59 1163
internal_value=2.05488e-13 -6.27996e-05 -0.000630157 -0.000369596 -3.46027e-05 -0.000658594 -4.57768e-06 1.69643e-06 0.000359836 0.000274985 1.02357e-06 1.12878e-06
internal_weight=926669 24374 1154 1107 23220 1066 22154 902295 1692 1632 900603 900544
internal_count=926669 24374 1154 1107 23220 1066 22154 902295 1692 1632 900603 900544
is_linear=0
shrinkage=0.0145901


Tree=259
num_leaves=16
num_cat=0
split_feature=20 23 16 12 22 8 1 4 7 27 7 14 14 3 4
split_gain=0.463846 1.28355 2.92599 6.70773 3.7821 1.59879 3.36565 1.39044 0.745009 1.44991 12.7186 0.858418 0.817222 2.39864 0.919601
threshold=0.53093749284744274 0.26498199999332434 11.83407497406006 2.3394500017166142 0.98660999536514293 6.107393980026246 244.50000000000003 4.8162329196929941 2.3397434949874882 1.0000000180025095e-35 2.7350875139236455 7.683333396911622 2.2554349899291997 1.5166664719581606 4.4484992027282724
decision_type=2 2 2 2 2 2 2 2 2 2 2 2 2 2 2
left_child=8 2 4 -4 -2 7 -7 -3 12 10 -10 -11 14 -14 -1
right_child=1 5 3 -5 -6 6 -8 -9 9 11 -12 -13 13 -15 -16
leaf_value=-5.4087446797407493e-06 6.8153435336579674e-05 -9.9679281037369346e-07 0.00064425248655564028 0.0064723559543900409 -0.0018976276734877305 -0.00010479881056068923 -0.0018144324835354694 0.00032978042155385449 -0.0071661484940545184 -5.2656566029397614e-05 0.0005642454603322207 0.00034743971680553952 0.0025353729385662279 6.6328585591504276e-05 -0.00049207420199254856
leaf_weight=462506 66216 286045 488 46 209 1081 317 2731 58 75702 207 1159 84 28992 828
leaf_count=462506 66216 286045 488 46 209 1081 317 2731 58 75702 207 1159 84 28992 828
internal_value=2.59226e-13 1.30355e-05 7.06159e-05 0.0011463 6.19683e-05 -2.51435e-07 -0.000492463 2.13142e-06 -8.17403e-06 -5.03379e-05 -0.00112769 -4.66234e-05 -1.56992e-06 7.34616e-05 -6.27844e-06
internal_weight=926669 357133 66959 534 66425 290174 1398 288776 569536 77126 265 76861 492410 29076 463334
internal_count=926669 357133 66959 534 66425 290174 1398 288776 569536 77126 265 76861 492410 29076 463334
is_linear=0
shrinkage=0.0145901


Tree=260
num_leaves=14
num_cat=0
split_feature=28 15 15 1 19 19 29 13 15 8 13 2 13
split_gain=0.461138 1.10935 1.95174 0.856034 1.34463 1.31767 0.615944 2.94993 5.15918 2.41456 0.804434 5.39746 0.834109
threshold=0.18250188976526263 12.854897499084474 13.319186687469484 58.500000000000007 1.0000000180025095e-35 2.5000000000000004 -0.0375798363238573 5.2135236263275155 10.011192798614504 6.107393980026246 5.2135236263275155 4.5695295333862314 4.8638560771942148
decision_type=2 2 2 2 2 2 2 2 2 2 2 2 2
left_child=6 3 -3 4 -2 -5 7 9 -9 -1 12 -12 -8
right_child=1 2 -4 5 -6 -7 10 8 -10 -11 11 -13 -14
leaf_value=3.8195514845364572e-05 -0.0024368989525093208 -0.0038650476062334106 -7.3041556936259732e-05 0.00087859614625756545 -0.0003493886170502726 -0.00012962373408849771 -3.3061770018046619e-06 0.0058021581117605175 0.00047317838073391346 -0.0014006743196036122 -0.0021292070521208759 0.00038573394537617646 0.00034442536539156508
leaf_weight=83718 78 47 75 309 416 2579 836703 51 160 249 274 539 1471
leaf_count=83718 78 47 75 309 416 2579 836703 51 160 249 274 539 1471
internal_value=-3.95595e-13 -0.000167058 -0.0015339 -0.000117752 -0.000678996 -2.17498e-05 6.34093e-07 3.82582e-05 0.00176123 3.39286e-05 -3.14085e-06 -0.00046186 -2.69591e-06
internal_weight=926669 3504 122 3382 494 2888 923165 84178 211 83967 838987 813 838174
internal_count=926669 3504 122 3382 494 2888 923165 84178 211 83967 838987 813 838174
is_linear=0
shrinkage=0.0145901


Tree=261
num_leaves=16
num_cat=0
split_feature=21 11 9 29 23 1 9 23 21 1 5 1 20 20 22
split_gain=0.460874 1.05247 4.7111 13.93 1.28864 1.15219 1.75168 1.454 1.01467 1.36404 3.79614 1.3578 3.84943 1.34175 1.15046
threshold=12.016354084014894 3.9676303863525395 1.9648454785346987 -0.024647688493132588 0.68148648738861095 40.500000000000007 3.6984719038009648 0.14066549390554431 8.2939243316650408 4.5000000000000009 1.8892929553985598 1.5000000000000002 0.16435000300407412 0.49753549695014959 0.99548199772834789
decision_type=2 2 2 2 2 2 2 2 2 2 2 2 2 2 2
left_child=8 5 3 -3 -4 7 -7 -2 9 10 -1 12 -10 -13 -11
right_child=1 2 4 -5 -6 6 -8 -9 11 14 -12 13 -14 -15 -16
leaf_value=0.00015442755892618802 0.00094712076372978837 -0.0093109139233343106 -6.1862430347617579e-05 -0.000612866004631609 -0.00077117360487797269 -4.78970824576133e-05 -0.0022507017078111785 8.9481885213644132e-05 -0.0038774337938757408 -8.1154505736570212e-06 -0.0040441023829732858 -1.0276845344524389e-05 -0.00013504482977359604 7.0546526073026679e-05 -0.00059864806633433952
leaf_weight=13342 443 47 5518 236 605 38268 77 8395 59 666621 46 70696 7014 114599 703
leaf_count=13342 443 47 5518 236 605 38268 77 8395 59 666621 46 70696 7014 114599 703
internal_value=-4.7709e-14 -4.15313e-05 -0.00021701 -0.00205742 -0.000131948 -1.77067e-05 -5.23205e-05 0.000132471 2.54916e-06 -5.8122e-06 0.000140002 3.21366e-05 -0.000166262 3.97098e-05 -8.73755e-06
internal_weight=926669 53589 6406 283 6123 47183 38345 8838 873080 680712 13388 192368 7073 185295 667324
internal_count=926669 53589 6406 283 6123 47183 38345 8838 873080 680712 13388 192368 7073 185295 667324
is_linear=0
shrinkage=0.0145901


Tree=262
num_leaves=14
num_cat=0
split_feature=4 20 16 4 11 15 29 12 3 4 7 23 3
split_gain=0.460203 1.39073 1.10009 0.631667 0.93374 0.627783 0.578784 0.797226 0.516031 1.1636 0.845048 0.145429 0.0938029
threshold=5.8721139430999765 0.9031360149383546 11.030806064605715 5.8036265373229989 4.0501236915588388 10.35288715362549 0.098595771938562407 2.7054359912872319 82.333332061767592 3.8393944501876835 22.341666221618656 0.33704750239849096 44.645833969116218
decision_type=2 2 2 2 2 2 2 2 2 2 2 2 2
left_child=3 6 5 8 -5 -3 7 -2 10 -10 -1 -6 -8
right_child=1 2 -4 4 11 -7 12 -9 9 -11 -12 -13 -14
leaf_value=-2.7061096905544591e-07 0.0010945638368124436 -0.00053133560861563724 0.0032816927644034855 -0.0026760980112058574 0.00041732296652987006 0.0014791334608567986 -0.00029203656201272826 -0.00031491675292769631 0.00017819860110845348 0.0027041677749485406 -0.0017614270921314395 -0.00066648031140848667 0.0003528106573103799
leaf_weight=925094 210 51 50 46 47 94 511 144 203 48 58 60 53
leaf_count=925094 210 51 50 46 47 94 511 144 203 48 58 60 53
internal_value=-4.22203e-13 0.000296499 0.00141551 -3.56547e-07 -0.000937746 0.000772003 5.88003e-05 0.000521216 -2.01565e-07 0.000661252 -3.81022e-07 -0.000190417 -0.000231439
internal_weight=926669 1113 195 925556 153 145 918 354 925403 251 925152 107 564
internal_count=926669 1113 195 925556 153 145 918 354 925403 251 925152 107 564
is_linear=0
shrinkage=0.0145901


Tree=263
num_leaves=11
num_cat=0
split_feature=5 11 22 14 7 7 28 29 9 4
split_gain=0.459044 2.89563 1.11464 1.51052 0.924619 1.25373 0.611391 0.888447 0.524985 0.511534
threshold=2.2240124940872197 2.7085130214691167 0.99873849749565136 3.5108695030212407 26.500000000000004 16.771551132202152 -0.0062335100956261149 -0.021813536994159218 4.2488918304443368 3.9019216299057011
decision_type=2 2 2 2 2 2 2 2 2 2
left_child=2 -2 4 -4 5 -1 7 -3 -8 -5
right_child=1 6 3 9 -6 -7 8 -9 -10 -11
leaf_value=5.5131884674927506e-07 -0.0036876508235225551 1.6518928152513058e-05 0.0032386357041613812 -0.00081022474232737471 -0.0019832997285115397 0.001122676163667697 -0.00017032213420745015 0.0010071291700670855 0.0013165233060697247 0.0013019369418183447
leaf_weight=919066 48 1115 53 52 50 212 5743 233 51 46
leaf_count=919066 48 1115 53 52 50 212 5743 233 51 46
internal_value=1.086e-12 -0.000116126 9.08064e-07 0.00125434 7.02188e-07 8.10099e-07 -9.21223e-05 0.000187745 -0.000157235 0.000181198
internal_weight=926669 7190 919479 151 919328 919278 7142 1348 5794 98
internal_count=926669 7190 919479 151 919328 919278 7142 1348 5794 98
is_linear=0
shrinkage=0.0145901


Tree=264
num_leaves=15
num_cat=0
split_feature=0 28 7 4 8 17 29 23 12 1 19 15 1 2
split_gain=0.451687 1.00666 1.39323 1.36482 0.778575 0.96642 0.757457 0.91269 0.901569 0.84828 1.93017 1.40576 0.717503 0.713806
threshold=1.0000000180025095e-35 -0.022426406852900978 16.071428298950199 4.4005842208862314 1.5102124810218813 3.552963495254517 0.079069808125495925 0.023450500331819061 1.7596514821052553 51.500000000000007 1.0000000180025095e-35 10.285530090332033 57.500000000000007 1.4978661537170412
decision_type=2 2 2 2 2 2 2 2 2 2 2 2 2 2
left_child=6 2 3 -2 13 -6 7 12 -9 11 -11 -8 -1 -3
right_child=1 4 -4 -5 5 -7 9 8 -10 10 -12 -13 -14 -15
leaf_value=0.00035833227939911642 7.3508672396542757e-05 2.2401828494245655e-05 0.0022679927654947127 -0.00036334807393817963 -2.8867454492698952e-05 1.2458291411760162e-05 -8.110875461382318e-05 -8.1853839889671622e-05 -0.0021252929908418951 0.0029962862211509109 7.2560104970874205e-06 -0.0018598641468568267 1.5284459388403309e-05 0.0001395162659091234
leaf_weight=1505 57149 101476 61 1564 229927 253013 21328 54339 46 46 184254 95 9430 12436
leaf_count=1505 57149 101476 61 1564 229927 253013 21328 54339 46 46 184254 95 9430 12436
internal_value=-2.61228e-13 6.54946e-06 6.41613e-05 6.18717e-05 8.76222e-07 -7.21683e-06 -1.58425e-05 -5.91273e-05 -8.35822e-05 -2.09892e-06 8.00205e-06 -8.89966e-05 6.24986e-05 3.51874e-05
internal_weight=926669 655626 58774 58713 596852 482940 271043 65320 54385 205723 184300 21423 10935 113912
internal_count=926669 655626 58774 58713 596852 482940 271043 65320 54385 205723 184300 21423 10935 113912
is_linear=0
shrinkage=0.0145901


Tree=265
num_leaves=14
num_cat=0
split_feature=9 19 15 28 1 5 16 20 7 1 22 20 1
split_gain=0.452591 1.80837 9.93879 5.69133 2.22563 1.7965 0.98553 1.51307 1.28745 0.686104 1.57884 1.40545 0.618898
threshold=3.5409667491912846 1.0000000180025095e-35 8.5663428306579608 0.05616573058068753 2.5000000000000004 1.0000000180025095e-35 12.450990200042726 0.020964499562978748 4.1224999427795419 23.500000000000004 0.98510900139808666 0.033314500004053123 4.5000000000000009
decision_type=2 2 2 2 2 2 2 2 2 2 2 2 2
left_child=6 2 -2 -4 5 -3 9 -8 -9 11 -11 -1 -6
right_child=1 4 3 -5 12 -7 7 8 -10 10 -12 -13 -14
leaf_value=0.00033178236689410958 -0.0053514282644160872 -0.0020121161179827555 -0.00031967081684297432 0.0042493784758710811 0.00046413890701203184 -0.00036775328798540024 0.0026289390061225316 2.8190157255798338e-05 0.00096482493223610914 -1.1338287037081232e-06 -0.00019497394870263317 2.7577626446337906e-05 5.0524023653532374e-06
leaf_weight=3354 83 192 3542 59 646 537 60 1211 421 798620 9046 89583 19315
leaf_count=3354 83 192 3542 59 646 537 60 1211 421 798620 9046 89583 19315
internal_value=-3.31673e-13 -6.20382e-05 -0.000359861 -0.00024481 -9.00865e-06 -0.000800837 1.67586e-06 0.000353467 0.00026981 1.01493e-06 -3.30487e-06 3.85561e-05 1.99099e-05
internal_weight=926669 24374 3684 3601 20690 729 902295 1692 1632 900603 807666 92937 19961
internal_count=926669 24374 3684 3601 20690 729 902295 1692 1632 900603 807666 92937 19961
is_linear=0
shrinkage=0.0145901


Tree=266
num_leaves=14
num_cat=0
split_feature=28 15 15 1 19 19 29 13 15 8 13 2 13
split_gain=0.448646 1.07662 1.89498 0.835277 1.31337 1.26983 0.582125 2.85618 5.0219 2.3512 0.787192 5.23284 0.804488
threshold=0.18250188976526263 12.854897499084474 13.319186687469484 58.500000000000007 1.0000000180025095e-35 2.5000000000000004 -0.0375798363238573 5.2135236263275155 10.011192798614504 6.107393980026246 5.2135236263275155 4.5695295333862314 4.8638560771942148
decision_type=2 2 2 2 2 2 2 2 2 2 2 2 2
left_child=6 3 -3 4 -2 -5 7 9 -9 -1 12 -12 -8
right_child=1 2 -4 5 -6 -7 10 8 -10 -11 11 -13 -14
leaf_value=3.715239608838499e-05 -0.0024079496627035747 -0.0038083065722524529 -7.1843721612597581e-05 0.00086247249359117496 -0.00034485153046751027 -0.00012727283550873408 -3.2035868064830988e-06 0.0057193764051133933 0.00046177440392621889 -0.0013827140077660519 -0.0020985441581464342 0.0003777468683754451 0.0003382976283026639
leaf_weight=83718 78 47 75 309 416 2579 836703 51 160 249 274 539 1471
leaf_count=83718 78 47 75 309 416 2579 836703 51 160 249 274 539 1471
internal_value=5.94229e-13 -0.00016478 -0.0015113 -0.000116207 -0.000670604 -2.13756e-05 6.25446e-07 3.72021e-05 0.00173257 3.29419e-05 -3.0444e-06 -0.000456821 -2.60425e-06
internal_weight=926669 3504 122 3382 494 2888 923165 84178 211 83967 838987 813 838174
internal_count=926669 3504 122 3382 494 2888 923165 84178 211 83967 838987 813 838174
is_linear=0
shrinkage=0.0145901


Tree=267
num_leaves=12
num_cat=0
split_feature=5 1 22 14 3 4 19 4 28 10 9
split_gain=0.44927 3.211 1.10808 1.45031 0.91188 0.899985 0.884504 0.677099 0.483831 0.528004 0.451201
threshold=2.2442754507064824 1.0000000180025095e-35 0.99873849749565136 3.5108695030212407 82.333332061767592 5.8721139430999765 1.5000000000000002 4.0517470836639413 0.0012068562209606173 3.744644403457642 4.1198248863220224
decision_type=2 2 2 2 2 2 2 2 2 2 2
left_child=2 -2 4 -4 5 -1 -6 -5 9 -3 -10
right_child=1 8 3 7 6 -7 -8 -9 10 -11 -12
leaf_value=6.3332936379602522e-08 -0.0038802952252600252 0.0004023021800585417 0.0031922365246983861 -0.0008603437817651529 0.0024087984150051437 0.00053579181112305965 0.00023104367675655981 0.0015286259722102266 -0.00017425701480404653 -0.00018183399400564798 0.00094393791903489392
leaf_weight=919147 48 773 53 56 65 668 102 46 5059 574 78
leaf_count=919147 48 773 53 56 65 668 102 46 5059 574 78
internal_value=-7.97841e-13 -0.000120574 8.55944e-07 0.00123436 6.48121e-07 4.52397e-07 0.00107867 0.000217035 -9.27409e-05 0.000153383 -0.000157278
internal_weight=926669 6532 920137 155 919982 919815 167 102 6484 1347 5137
internal_count=926669 6532 920137 155 919982 919815 167 102 6484 1347 5137
is_linear=0
shrinkage=0.0145901


Tree=268
num_leaves=12
num_cat=0
split_feature=9 16 22 9 17 13 27 7 29 3 15
split_gain=0.44716 1.88089 1.90297 5.96442 1.55253 5.57906 1.49402 3.06608 1.49509 1.32062 0.918396
threshold=2.2067000865936284 11.83407497406006 0.98510900139808666 2.1857941150665288 -0.32357673346996302 1.7825567722320559 1.0000000180025095e-35 7.2182538509368905 -0.30358715355396265 9.2052631378173846 9.3918819427490252
decision_type=2 2 2 2 2 2 2 2 2 2 2
left_child=1 2 9 -4 5 10 7 -6 -8 -1 -2
right_child=4 -3 3 -5 6 -7 8 -9 -10 -11 -12
leaf_value=5.7558907713986009e-07 0.0014233111202190652 0.002943852820862858 -0.00014519403171857264 -0.0021396966478992286 0.00044912867470386014 0.0048993087539501001 -0.00020958385299499341 -0.0033541870315228505 1.6775736198984293e-05 -0.00010340899252844159 -2.9037824094322202e-05
leaf_weight=632141 118 46 8255 332 2360 62 6370 46 249393 27114 432
leaf_count=632141 118 46 8255 332 2360 62 6370 46 249393 27114 432
internal_value=-1.50772e-13 -6.30872e-06 -6.51192e-06 -0.000222308 1.62822e-05 0.000750267 1.45422e-05 0.000376414 1.11381e-05 -3.70111e-06 0.000282557
internal_weight=926669 667888 667842 8587 258781 612 258169 2406 255763 659255 550
internal_count=926669 667888 667842 8587 258781 612 258169 2406 255763 659255 550
is_linear=0
shrinkage=0.0145901


Tree=269
num_leaves=12
num_cat=0
split_feature=18 22 22 18 1 5 12 3 16 9 21
split_gain=0.444587 1.42074 4.30522 1.28273 1.03822 1.04418 3.5319 1.38882 0.800245 1.68653 0.926352
threshold=5.0782890319824228 0.99873849749565136 0.99823999404907238 4.8242976665496835 7.5000000000000009 1.0000000180025095e-35 1.4982559680938723 7.0185184478759775 9.2437753677368182 2.565030694007874 10.169898986816408
decision_type=2 2 2 2 2 2 2 2 2 2 2
left_child=1 2 3 -1 8 6 -6 -7 9 -2 -10
right_child=4 -3 -4 -5 5 7 -8 -9 10 -11 -12
leaf_value=2.7246982016992078e-07 6.8419495769887957e-06 0.0024101685775989906 -0.0042404877201552083 -0.00019166931214599088 0.00030248343908434905 -0.00072535951536131999 0.0044647564197988349 2.876215955077625e-05 -0.00091519356241573379 0.0010847102451943895 0.0002565011481959449
leaf_weight=901511 552 52 51 7473 767 540 46 13932 172 702 871
leaf_count=901511 552 52 51 7473 767 540 46 13932 172 702 871
internal_value=8.63116e-14 -1.40542e-06 -1.54337e-06 -1.30553e-06 7.26679e-05 2.92054e-05 0.000537987 6.23291e-07 0.000361882 0.000610242 6.32782e-05
internal_weight=926669 909087 909035 908984 17582 15285 813 14472 2297 1254 1043
internal_count=926669 909087 909035 908984 17582 15285 813 14472 2297 1254 1043
is_linear=0
shrinkage=0.0145901


Tree=270
num_leaves=14
num_cat=0
split_feature=9 3 16 5 28 15 7 11 2 4 4 8 8
split_gain=0.444326 1.79584 8.41375 2.97453 1.96044 5.57034 1.61026 0.967652 3.03619 3.03341 1.36307 2.67191 1.32954
threshold=3.5409667491912846 28.633334159851078 7.1583778858184823 1.2670134902000429 -0.13119563832879064 8.5663428306579608 1.3779760003089907 4.8244450092315683 0.89587974548339855 4.6200466156005868 4.3630783557891855 5.7482247352600107 5.9488420486450204
decision_type=2 2 2 2 2 2 2 2 2 2 2 2 2
left_child=7 4 -3 -4 5 -2 -6 10 -9 -10 12 -12 -1
right_child=1 2 3 -5 6 -7 -8 8 9 -11 11 -13 -14
leaf_value=1.1625206455551851e-06 -0.004888855747658816 -0.0066693221680455298 -0.0020715502970281466 -3.1062897776906611e-05 -0.00016708452299638965 -0.00038261491104037441 9.081439524307754e-05 0.0037721931802566742 3.8107313534009139e-05 0.00070099274776277824 -0.00016115849949874023 -0.0030862906660968068 0.0024816690940279765
leaf_weight=875757 62 47 182 925 8157 1004 13997 48 16311 1615 8451 67 46
leaf_count=875757 62 47 182 925 8157 1004 13997 48 16311 1615 8451 67 46
internal_value=1.09489e-13 -6.14691e-05 -0.000623235 -0.000366536 -3.35501e-05 -0.000644704 -4.14279e-06 1.66049e-06 0.000107641 9.78284e-05 -4.93587e-07 -0.000184167 1.2928e-06
internal_weight=926669 24374 1154 1107 23220 1066 22154 902295 17974 17926 884321 8518 875803
internal_count=926669 24374 1154 1107 23220 1066 22154 902295 17974 17926 884321 8518 875803
is_linear=0
shrinkage=0.0145901


Tree=271
num_leaves=15
num_cat=0
split_feature=21 11 9 8 10 22 22 21 1 20 21 1 19 22
split_gain=0.442888 1.0245 4.56532 13.7636 1.27083 1.12377 1.47983 0.985541 1.31765 3.74699 1.32856 1.29576 3.71164 1.12326
threshold=12.016354084014894 3.9676303863525395 1.9648454785346987 4.1626889705657968 1.7671399712562563 0.99777299165725719 0.98936697840690624 8.2939243316650408 1.5000000000000002 0.14965700358152392 10.384477615356447 4.5000000000000009 1.5000000000000002 0.99548199772834789
decision_type=2 2 2 2 2 2 2 2 2 2 2 2 2 2
left_child=7 5 3 -3 -4 6 -2 11 9 -9 -10 12 -1 -13
right_child=1 2 4 -5 -6 -7 -8 8 10 -11 -12 13 -14 -15
leaf_value=-0.0037169983455970597 -3.0302785874678886e-05 -0.0079775499885760374 -0.00081504958485300281 -0.00028615665291962394 -6.5604508190263163e-05 -0.001996230747706493 0.00041230254268043235 -0.0042263404895601783 0.00010227646360695372 -0.00013602650928638184 1.4952856963307356e-05 -7.9780521920030782e-06 0.00015169172208707836 -0.00059148876628012522
leaf_weight=53 45455 64 527 219 5596 61 1667 48 51279 7025 134016 666621 13335 703
leaf_count=53 45455 64 527 219 5596 61 1667 48 51279 7025 134016 666621 13335 703
internal_value=4.52578e-13 -4.07128e-05 -0.000213844 -0.00202555 -0.000130108 -1.72069e-05 -1.46451e-05 2.49892e-06 3.16586e-05 -0.000163785 3.9119e-05 -5.74156e-06 0.000136376 -8.59276e-06
internal_weight=926669 53589 6406 283 6123 47183 47122 873080 192368 7073 185295 680712 13388 667324
internal_count=926669 53589 6406 283 6123 47183 47122 873080 192368 7073 185295 680712 13388 667324
is_linear=0
shrinkage=0.0145901


Tree=272
num_leaves=15
num_cat=0
split_feature=0 28 7 23 5 28 4 29 23 12 1 19 15 1
split_gain=0.4375 0.976539 1.35325 1.34169 0.765248 3.00049 1.27152 0.746165 0.879534 0.873783 0.829763 1.87425 1.36526 0.677059
threshold=1.0000000180025095e-35 -0.022426406852900978 16.071428298950199 0.81739100813865673 1.6074219942092898 -0.015234027523547409 4.6395599842071542 0.079069808125495925 0.023450500331819061 1.7596514821052553 51.500000000000007 1.0000000180025095e-35 10.285530090332033 57.500000000000007
decision_type=2 2 2 2 2 2 2 2 2 2 2 2 2 2
left_child=7 2 3 -2 6 -6 -3 8 13 -10 12 -12 -9 -1
right_child=1 4 -4 -5 5 -7 -8 10 9 -11 11 -13 -14 -15
leaf_value=0.00034821864573395645 6.3492624844171475e-05 4.5016978549315182e-06 0.0022351673983413423 -0.0018391694827190413 -0.00062859053389538759 -3.1074148760508917e-05 0.00032798899333717931 -8.0121533650757672e-05 -8.085771744915548e-05 -0.0020925615704711622 0.0029527196273620845 7.3040016723524343e-06 -0.0018330678625452473 1.4979427098873495e-05
leaf_weight=1505 58634 540614 61 79 1853 51786 2599 21328 54339 46 46 184254 95 9430
leaf_count=1505 58634 540614 61 79 1853 51786 2599 21328 54339 46 46 184254 95 9430
internal_value=3.96148e-13 6.44577e-06 6.31891e-05 6.09325e-05 8.58069e-07 -5.17158e-05 6.04942e-06 -1.55917e-05 -5.85527e-05 -8.25593e-05 -1.95096e-06 8.03916e-06 -8.7895e-05 6.08436e-05
internal_weight=926669 655626 58774 58713 596852 53639 543213 271043 65320 54385 205723 184300 21423 10935
internal_count=926669 655626 58774 58713 596852 53639 543213 271043 65320 54385 205723 184300 21423 10935
is_linear=0
shrinkage=0.0145901


Tree=273
num_leaves=14
num_cat=0
split_feature=28 1 1 2 23 29 13 15 8 13 2 13 20
split_gain=0.435955 1.12545 1.40328 0.938141 0.901872 0.457559 2.31944 4.855 2.2735 0.752731 5.07917 0.795145 0.181211
threshold=0.27739287912845617 132.50000000000003 107.50000000000001 4.5591125488281259 0.51561501622200023 -0.0375798363238573 5.2135236263275155 10.011192798614504 6.107393980026246 5.2135236263275155 4.5695295333862314 4.8638560771942148 0.26327750086784368
decision_type=2 2 2 2 2 2 2 2 2 2 2 2 2
left_child=5 2 3 -2 12 6 8 -8 -1 11 -11 -7 -3
right_child=1 4 -4 -5 -6 9 7 -9 -10 10 -12 -13 -14
leaf_value=3.2594505512403577e-05 -0.001050267961190555 0.00027551900909382373 -0.0033326076387434149 0.0012011982948128288 0.0019763182580596617 -3.1587599025341396e-06 0.0054243115245518154 0.00032270288029386755 -0.0013607876124437639 -0.0020560027448906179 0.00037702684077663639 0.00033600836427525232 -0.00036199069225320248
leaf_weight=85370 201 153 48 49 49 837789 52 168 250 276 540 1474 250
leaf_count=85370 201 153 48 49 49 837789 52 168 250 276 540 1474 250
internal_value=1.08557e-13 -0.000351619 -0.00104769 -0.000608981 0.000107293 2.84813e-07 3.23704e-05 0.00152854 2.8526e-05 -2.99372e-06 -0.00044591 -2.56308e-06 -0.000119958
internal_weight=926669 750 298 250 452 925919 85840 220 85620 840079 816 839263 403
internal_count=926669 750 298 250 452 925919 85840 220 85620 840079 816 839263 403
is_linear=0
shrinkage=0.0145901


Tree=274
num_leaves=15
num_cat=0
split_feature=20 23 16 12 22 8 1 12 5 25 13 13 1 3
split_gain=0.434635 1.24538 2.83154 6.47152 3.68895 1.57645 3.23813 1.35616 0.728077 1.94558 1.27627 1.87279 0.944189 0.735876
threshold=0.53093749284744274 0.26498199999332434 11.83407497406006 2.3394500017166142 0.98660999536514293 6.107393980026246 244.50000000000003 1.2172845005989077 1.2172845005989077 1.0000000180025095e-35 3.8735961914062504 3.9007277488708501 1.5000000000000002 41.021738052368171
decision_type=2 2 2 2 2 2 2 2 2 2 2 2 2 2
left_child=8 2 4 -4 -2 7 -7 -3 10 12 13 -12 -10 -1
right_child=1 5 3 -5 -6 6 -8 -9 9 -11 11 -13 -14 -15
leaf_value=-3.4113477557820185e-06 6.6937560422016248e-05 -2.3854196253275952e-05 0.00063438878153765604 0.0063589550176310723 -0.0018744837940947788 -0.00010897981007820314 -0.0017859127102412202 4.0718295322062783e-05 0.00060831015411958996 0.0027163111332513938 0.0024361443182009785 0.00028938034545311034 -5.8496959609379531e-05 0.00084059236133917313
leaf_weight=497869 66216 173615 488 46 209 1081 317 115161 455 54 92 1448 69398 220
leaf_count=497869 66216 173615 488 46 209 1081 317 115161 455 54 92 1448 69398 220
internal_value=-1.88977e-13 1.26184e-05 6.93359e-05 0.00112752 6.08291e-05 -4.69471e-07 -0.000489229 1.89667e-06 -7.91247e-06 -5.20135e-05 -1.74194e-06 0.000417629 -5.41536e-05 -3.03856e-06
internal_weight=926669 357133 66959 534 66425 290174 1398 288776 569536 69907 499629 1540 69853 498089
internal_count=926669 357133 66959 534 66425 290174 1398 288776 569536 69907 499629 1540 69853 498089
is_linear=0
shrinkage=0.0145901


Tree=275
num_leaves=14
num_cat=0
split_feature=9 19 15 28 1 28 16 11 15 15 7 11 21
split_gain=0.434379 1.77062 9.5874 5.51841 2.15586 1.77741 0.941122 1.48129 1.13263 1.00111 0.681941 0.692934 0.602616
threshold=3.5409667491912846 1.0000000180025095e-35 8.5663428306579608 0.05616573058068753 2.5000000000000004 0.014306285884231331 12.450990200042726 5.5337600708007821 11.280691146850588 9.4101433753967303 26.500000000000004 4.2768590450286874 8.2939243316650408
decision_type=2 2 2 2 2 2 2 2 2 2 2 2 2
left_child=6 2 -2 -4 5 -3 10 9 -9 -8 11 -1 -6
right_child=1 4 3 -5 12 -7 7 8 -10 -11 -12 -13 -14
leaf_value=-2.1390016941432949e-06 -0.0052580091058612921 -0.00060065944646049566 -0.00031619036875566358 0.0041829122929615218 -2.6371817201690139e-05 -0.0035636166334059396 0.001596712767479297 0.00090934233045106424 0.0034216584244902266 6.1933284775608156e-05 -0.0015675257930422215 5.1688782118273199e-05 0.00015827448065681106
leaf_weight=846377 83 683 3542 59 14931 46 97 204 47 1344 59 54167 5030
leaf_count=846377 83 683 3542 59 14931 46 97 204 47 1344 59 54167 5030
internal_value=7.64281e-13 -6.07772e-05 -0.000355475 -0.000242476 -8.30419e-06 -0.000787622 1.6418e-06 0.000345416 0.00137978 0.000165246 9.95933e-07 1.0987e-06 2.01575e-05
internal_weight=926669 24374 3684 3601 20690 729 902295 1692 251 1441 900603 900544 19961
internal_count=926669 24374 3684 3601 20690 729 902295 1692 251 1441 900603 900544 19961
is_linear=0
shrinkage=0.0145901


Tree=276
num_leaves=12
num_cat=0
split_feature=5 16 22 23 12 20 3 29 22 9 23
split_gain=0.433987 2.85234 1.03225 1.48431 0.924563 2.35785 0.904224 0.569187 0.966589 0.419095 0.393723
threshold=2.2240124940872197 3.2795320749282841 0.99873849749565136 0.76117449998855602 2.8624296188354497 0.12069199979305269 82.333332061767592 0.19768322259187701 0.99873849749565136 2.7198518514633183 0.66783699393272411
decision_type=2 2 2 2 2 2 2 2 2 2 2
left_child=2 -2 4 -4 6 -6 -1 8 -3 -5 -9
right_child=1 7 3 9 5 -7 -8 10 -10 -11 -12
leaf_value=-2.9593066493893748e-08 -0.003043702532699942 0.0001619735628804542 0.0032326669752299991 -0.00077046687940984598 0.0034184450494345641 0.00026834924030301618 0.0010801415406330229 -0.00020472755902750639 -0.0015678274701200587 0.0011185852039350826 0.00036855646392295498
leaf_weight=918002 70 2184 51 50 53 1108 165 4595 71 50 270
leaf_count=918002 70 2184 51 50 53 1108 165 4595 71 50 270
internal_value=-2.34165e-13 -0.000112912 8.82932e-07 0.0012071 6.8481e-07 0.000412152 1.6452e-07 -8.40981e-05 0.00010751 0.000174059 -0.000172911
internal_weight=926669 7190 919479 151 919328 1161 918167 7120 2255 100 4865
internal_count=926669 7190 919479 151 919328 1161 918167 7120 2255 100 4865
is_linear=0
shrinkage=0.0145901


Tree=277
num_leaves=14
num_cat=0
split_feature=28 15 15 1 19 19 29 13 15 8 13 2 13
split_gain=0.432068 1.04498 1.8392 0.808895 1.28403 1.21995 0.53949 2.69845 4.74688 2.21024 0.740894 4.94097 0.75021
threshold=0.18250188976526263 12.854897499084474 13.319186687469484 58.500000000000007 1.0000000180025095e-35 2.5000000000000004 -0.0375798363238573 5.2135236263275155 10.011192798614504 6.107393980026246 5.2135236263275155 4.5695295333862314 4.8638560771942148
decision_type=2 2 2 2 2 2 2 2 2 2 2 2 2
left_child=6 3 -3 4 -2 -5 7 9 -9 -1 12 -12 -8
right_child=1 2 -4 5 -6 -7 10 8 -10 -11 11 -13 -14
leaf_value=3.5766963044627026e-05 -0.0023772546579941276 -0.0037512366159386506 -7.0185542278074285e-05 0.00084578655878328652 -0.00033733121213581696 -0.00012432781610101061 -3.0708767479441852e-06 0.005559821233787593 0.00044820952950327221 -0.0013408780896605457 -0.0020384309569284067 0.00036781035398005289 0.00032670887423488321
leaf_weight=83718 78 47 75 309 416 2579 836703 51 160 249 274 539 1471
leaf_count=83718 78 47 75 309 416 2579 836703 51 160 249 274 539 1471
internal_value=-3.7557e-14 -0.000161707 -0.0014883 -0.000113852 -0.000659424 -2.0531e-05 6.13781e-07 3.58256e-05 0.00168372 3.16846e-05 -2.91912e-06 -0.000443149 -2.49211e-06
internal_weight=926669 3504 122 3382 494 2888 923165 84178 211 83967 838987 813 838174
internal_count=926669 3504 122 3382 494 2888 923165 84178 211 83967 838987 813 838174
is_linear=0
shrinkage=0.0145901


Tree=278
num_leaves=15
num_cat=0
split_feature=21 11 9 1 23 7 13 21 21 18 7 4 21 3
split_gain=0.431521 0.998017 4.43264 13.6096 1.27478 1.11947 1.20367 0.949962 2.19249 3.4291 1.25462 1.22527 1.65066 1.04696
threshold=12.016354084014894 3.9676303863525395 1.9648454785346987 5.5000000000000009 0.52906399965286266 12.716577529907228 2.3931796550750737 10.043381214141847 10.384477615356447 2.4414010047912602 23.590741157531742 4.2972624301910409 10.00240468978882 18.023809432983402
decision_type=2 2 2 2 2 2 2 2 2 2 2 2 2 2
left_child=7 5 3 -3 -4 6 -2 11 9 -9 -10 13 -13 -1
right_child=1 2 4 -5 -6 -7 -8 8 10 -11 -12 12 -14 -15
leaf_value=-1.1451863721162942e-06 -4.4232785921800864e-05 -0.0089881871844767584 -1.5106978867122954e-05 -0.00053213269537807678 -0.00051920475303309161 -0.0021565420242024634 0.00016899799300945135 -2.8434570512410364e-05 1.3571937388845822e-05 0.00033135787366417557 -0.0020966646368321606 -0.00021145803648915976 -0.002536074249949013 -0.00015171508562717106
leaf_weight=696919 40587 49 4745 234 1378 52 6544 10369 138940 12361 60 4394 66 9971
leaf_count=696919 40587 49 4745 234 1378 52 6544 10369 138940 12361 60 4394 66 9971
internal_value=6.00057e-13 -4.0187e-05 -0.000211066 -0.00199626 -0.000128556 -1.69869e-05 -1.46263e-05 2.46665e-06 3.43842e-05 0.000167227 1.2661e-05 -4.79002e-06 -0.000245858 -3.26904e-06
internal_weight=926669 53589 6406 283 6123 47183 47131 873080 161730 22730 139000 711350 4460 706890
internal_count=926669 53589 6406 283 6123 47183 47131 873080 161730 22730 139000 711350 4460 706890
is_linear=0
shrinkage=0.0145901


Tree=279
num_leaves=14
num_cat=0
split_feature=4 20 15 4 11 3 29 12 3 4 3 23 3
split_gain=0.433568 1.32531 1.07614 0.614435 0.899459 0.562708 0.551656 0.77168 0.48054 1.1104 0.829752 0.137258 0.0962973
threshold=5.8721139430999765 0.9031360149383546 11.327288627624513 5.8036265373229989 4.0501236915588388 30.774999618530277 0.098595771938562407 2.7054359912872319 82.333332061767592 3.8393944501876835 43.071428298950202 0.33704750239849096 44.645833969116218
decision_type=2 2 2 2 2 2 2 2 2 2 2 2 2
left_child=3 6 5 8 -5 -3 7 -2 10 -10 -1 -6 -8
right_child=1 2 -4 4 11 -7 12 -9 9 -11 -12 -13 -14
leaf_value=3.3768680441372155e-07 0.0010712856366363736 0.0014247633020445767 0.002967634275191046 -0.0026310043483447195 0.00039904127459175194 -0.00050771458911044449 -0.00028900351183333475 -0.00031542833495508198 0.00016622699212873394 0.0026337766934836264 -0.00027152607552088947 -0.00065387413518106169 0.00036436124836387206
leaf_weight=922756 210 79 62 46 47 54 511 144 203 48 2396 60 53
leaf_count=922756 210 79 62 46 47 54 511 144 203 48 2396 60 53
internal_value=-6.54393e-13 0.000287791 0.00138017 -3.46076e-07 -0.000924861 0.000640148 5.57502e-05 0.000507199 -1.93222e-07 0.000638109 -3.66398e-07 -0.000191379 -0.000227606
internal_weight=926669 1113 195 925556 153 133 918 354 925403 251 925152 107 564
internal_count=926669 1113 195 925556 153 133 918 354 925403 251 925152 107 564
is_linear=0
shrinkage=0.0145901


Tree=280
num_leaves=12
num_cat=0
split_feature=18 22 22 18 1 18 2 21 16 9 21
split_gain=0.422556 1.37132 4.1617 1.2579 1.00183 1.02045 1.6484 1.45878 0.78922 1.62779 0.901148
threshold=5.0782890319824228 0.99873849749565136 0.99823999404907238 4.8242976665496835 7.5000000000000009 5.2176458835601816 5.2337753772735605 12.906979560852053 9.2437753677368182 2.565030694007874 10.169898986816408
decision_type=2 2 2 2 2 2 2 2 2 2 2
left_child=1 2 3 -1 8 7 -7 -6 9 -2 -10
right_child=4 -3 -4 -5 5 6 -8 -9 10 -11 -12
leaf_value=2.9081593762545928e-07 8.7904491459653122e-06 0.0023678894745373046 -0.0041691992427464689 -0.00018978476237606275 0.00036016375295727708 -0.0020308784171644547 -1.547846843728723e-05 -0.00096542491347532261 -0.0009066636249186813 0.0010677199807229173 0.00024898145139833137
leaf_weight=901511 552 52 51 7473 2720 87 12289 189 172 702 871
leaf_count=901511 552 52 51 7473 2720 87 12289 189 172 702 871
internal_value=6.06862e-13 -1.37015e-06 -1.50568e-06 -1.27185e-06 7.08445e-05 2.81504e-05 -2.96462e-05 0.000274039 0.000354945 0.000601588 5.84053e-05
internal_weight=926669 909087 909035 908984 17582 15285 12376 2909 2297 1254 1043
internal_count=926669 909087 909035 908984 17582 15285 12376 2909 2297 1254 1043
is_linear=0
shrinkage=0.0145901


Tree=281
num_leaves=14
num_cat=0
split_feature=9 3 16 5 28 15 7 11 2 4 8 28 22
split_gain=0.422495 1.73399 8.16923 2.89018 1.89632 5.34728 1.56331 0.918716 2.94756 2.92604 1.32277 5.09069 1.10333
threshold=3.5409667491912846 28.633334159851078 7.1583778858184823 1.2670134902000429 -0.13119563832879064 8.5663428306579608 1.3779760003089907 4.8244450092315683 0.89587974548339855 4.6200466156005868 5.6190409660339364 -0.021364993415772911 0.99794700741767894
decision_type=2 2 2 2 2 2 2 2 2 2 2 2 2
left_child=7 4 -3 -4 5 -2 -6 10 -9 -10 12 -12 -1
right_child=1 2 3 -5 6 -7 -8 8 9 -11 11 -13 -14
leaf_value=2.69864596268577e-07 -0.0047918877518997706 -0.0065695304410556257 -0.0020396739314830618 -2.8325047655785721e-05 -0.00016413198516323314 -0.00037679477965697013 8.9978942697909221e-05 0.0037155538012581257 3.6562221599261815e-05 0.00068760990158390459 -0.0045657699609846928 -0.00016186227444016304 -0.0007789321148383544
leaf_weight=883471 62 47 182 925 8157 1004 13997 48 16311 1615 65 398 387
leaf_count=883471 62 47 182 925 8157 1004 13997 48 16311 1615 65 398 387
internal_value=-4.65625e-14 -5.994e-05 -0.000611949 -0.000359008 -3.2506e-05 -0.000633583 -3.58352e-06 1.61918e-06 0.000104885 9.52168e-05 -4.79719e-07 -0.000780121 -7.13114e-08
internal_weight=926669 24374 1154 1107 23220 1066 22154 902295 17974 17926 884321 463 883858
internal_count=926669 24374 1154 1107 23220 1066 22154 902295 17974 17926 884321 463 883858
is_linear=0
shrinkage=0.0145901


Tree=282
num_leaves=12
num_cat=0
split_feature=5 8 22 23 12 20 7 28 29 9 9
split_gain=0.421376 2.80107 0.990339 1.43415 0.900173 2.28912 0.881455 0.57498 0.857969 0.49989 0.409483
threshold=2.2240124940872197 3.1106894016265874 0.99873849749565136 0.76117449998855602 2.8624296188354497 0.12069199979305269 26.500000000000004 -0.0062335100956261149 -0.021813536994159218 4.2488918304443368 2.7198518514633183
decision_type=2 2 2 2 2 2 2 2 2 2 2
left_child=2 -2 4 -4 6 -6 -1 8 -3 -9 -5
right_child=1 7 3 10 5 -7 -8 9 -10 -11 -12
leaf_value=2.680644861385388e-07 -0.0036614092876040226 1.5260443953945634e-05 0.0031733920115668392 -0.00076671778417499272 0.0033688351388922082 0.00026498798130503181 -0.0019369763034689372 -0.00016383331852544317 0.00098865549052186744 0.0012870400956767744 0.0011005459253391853
leaf_weight=918117 47 1116 51 50 53 1108 50 5743 233 51 50
leaf_count=918117 47 1116 51 50 53 1108 50 5743 233 51 50
internal_value=5.79232e-13 -0.000111259 8.70009e-07 0.00118235 6.75951e-07 0.00040668 1.62569e-07 -8.78998e-05 0.000183386 -0.000151062 0.000166914
internal_weight=926669 7190 919479 151 919328 1161 918167 7143 1349 5794 100
internal_count=926669 7190 919479 151 919328 1161 918167 7143 1349 5794 100
is_linear=0
shrinkage=0.0145901


Tree=283
num_leaves=16
num_cat=0
split_feature=0 8 27 2 2 15 1 29 23 12 4 22 1 1 1
split_gain=0.42082 0.938072 1.2867 7.21487 0.973113 0.754261 4.97164 0.734325 1.04954 0.8495 0.839795 6.55418 0.776131 0.711683 0.663453
threshold=1.0000000180025095e-35 1.5102124810218813 1.0000000180025095e-35 1.4978661537170412 1.4978661537170412 1.0000000180025095e-35 3.5000000000000004 0.53379990160465252 0.023450500331819061 1.7596514821052553 2.3502402305603032 0.92900449037551891 51.500000000000007 23.500000000000004 168.50000000000003
decision_type=2 2 2 2 2 2 2 2 2 2 2 2 2 2 2
left_child=7 2 3 -2 -4 6 -3 8 14 -10 12 -12 -9 -7 -1
right_child=1 5 4 -5 -6 13 -8 10 9 -11 11 -13 -14 -15 -16
leaf_value=0.00022064308363027677 0.00096047612211705522 -0.0036678763025679117 2.4338174134251255e-05 -0.0044111764976596142 0.00015684309603998276 3.8947017276290118e-05 -0.00013023531233548652 -8.6459230474628728e-05 -7.9197457081142257e-05 -0.0020626862003145468 -9.1274974589924924e-05 0.0038456242491528383 7.0655879242751201e-06 -8.0454645774456613e-06 -1.0364330554263209e-05
leaf_weight=4089 804 88 107806 57 13248 80926 2166 21121 58889 46 597 106 178693 450531 7502
leaf_count=4089 804 88 107806 57 13248 80926 2166 21121 58889 46 597 106 178693 450531 7502
internal_value=1.13184e-12 6.32171e-06 4.28368e-05 0.000604861 3.88393e-05 -2.01938e-06 -0.000268351 -1.52916e-05 -5.57849e-05 -8.07456e-05 -1.04923e-06 0.00050234 -2.82029e-06 -8.89827e-07 7.1129e-05
internal_weight=926669 655626 121915 861 121054 533711 2254 271043 70526 58935 200517 703 199814 531457 11591
internal_count=926669 655626 121915 861 121054 533711 2254 271043 70526 58935 200517 703 199814 531457 11591
is_linear=0
shrinkage=0.0145901


Tree=284
num_leaves=13
num_cat=0
split_feature=28 1 1 2 23 11 3 21 13 16 5 20
split_gain=0.418776 1.0853 1.36679 0.904878 0.872504 0.438441 5.00036 3.13704 0.941916 4.71356 0.52052 0.176701
threshold=0.27739287912845617 132.50000000000003 107.50000000000001 4.5591125488281259 0.51561501622200023 5.7622649669647226 3.4880950450897221 11.798101902008058 4.8638560771942148 7.3634235858917245 2.2108515501022343 0.26327750086784368
decision_type=2 2 2 2 2 2 2 2 2 2 2 2
left_child=5 2 3 -2 11 8 -7 -8 10 -10 -1 -3
right_child=1 4 -4 -5 -6 6 7 -9 9 -11 -12 -13
leaf_value=1.2287033871031812e-06 -0.0010285903088114879 0.00027303442078822747 -0.0032831785272229761 0.0011826017434286322 0.0019443734913943825 -0.0048008714377766907 1.4318153995929604e-05 -0.0021893959497539619 -0.003589562711682827 0.00055676654594706033 -0.0001239523830070369 -0.00035649101375465829
leaf_weight=914527 201 153 48 49 49 49 2661 145 61 1350 7126 250
leaf_count=914527 201 153 48 49 49 49 2661 145 61 1350 7126 250
internal_value=-1.26745e-12 -0.000344621 -0.00102816 -0.000595197 0.000106031 2.79144e-07 -0.000180247 -9.95587e-05 8.37503e-07 0.000377513 2.60833e-07 -0.00011749
internal_weight=926669 750 298 250 452 925919 2855 2806 923064 1411 921653 403
internal_count=926669 750 298 250 452 925919 2855 2806 923064 1411 921653 403
is_linear=0
shrinkage=0.0145901


Tree=285
num_leaves=12
num_cat=0
split_feature=9 16 22 9 17 13 27 15 29 3 15
split_gain=0.417801 1.82157 1.85321 5.79238 1.5075 5.4169 1.45258 2.97557 1.44287 1.26409 0.891394
threshold=2.2067000865936284 11.83407497406006 0.98510900139808666 2.1857941150665288 -0.32357673346996302 1.7825567722320559 1.0000000180025095e-35 13.812337398529055 -0.30358715355396265 9.2052631378173846 9.3918819427490252
decision_type=2 2 2 2 2 2 2 2 2 2 2
left_child=1 2 9 -4 5 10 7 -6 -8 -1 -2
right_child=4 -3 3 -5 6 -7 8 -9 -10 -11 -12
leaf_value=6.5991360780174331e-07 0.001401997131798133 0.0028971665738602957 -0.00014326037691922501 -0.0021087881464961064 0.00044404757054058606 0.0048273010623529969 -0.00020616547026239832 -0.0032253779163789026 1.6205765912543286e-05 -0.00010107475637917913 -2.8841859699102428e-05
leaf_weight=632141 118 46 8255 332 2358 62 6370 48 249393 27114 432
leaf_count=632141 118 46 8255 332 2358 62 6370 48 249393 27114 432
internal_value=3.21376e-13 -6.0981e-06 -6.29807e-06 -0.000219254 1.57386e-05 0.000739001 1.40241e-05 0.000370842 1.06674e-05 -3.52425e-06 0.000278138
internal_weight=926669 667888 667842 8587 258781 612 258169 2406 255763 659255 550
internal_count=926669 667888 667842 8587 258781 612 258169 2406 255763 659255 550
is_linear=0
shrinkage=0.0145901


Tree=286
num_leaves=16
num_cat=0
split_feature=20 10 19 3 26 9 3 22 20 19 23 2 22 3 1
split_gain=0.423582 2.32908 7.63766 10.8143 2.94854 2.2726 4.0289 3.9083 2.01164 6.336 8.40603 2.99093 0.973535 3.3896 0.933302
threshold=0.99065047502517711 2.066321969032288 1.0000000180025095e-35 7.9110670089721689 1.0000000180025095e-35 2.1512149572372441 2.2052630186080937 0.99845400452613842 0.98492148518562328 1.0000000180025095e-35 0.26808249950408941 4.8481087684631357 0.77267900109291088 29.522727966308597 5.5000000000000009
decision_type=2 2 2 2 2 2 2 2 2 2 2 2 2 2 2
left_child=8 2 3 -2 -4 7 -7 -3 12 10 -10 -11 14 -14 -1
right_child=1 5 4 -5 -6 6 -8 -9 9 11 -12 -13 13 -15 -16
leaf_value=-0.00012332921110948825 0.00066222468974565501 -0.00014425489995932488 0.00010817359785882875 -0.0090939181978394283 -0.0019032468498053302 -0.0040592190256258705 0.00022013103669989457 -0.0039297659940212473 -0.0054303275606583578 5.7655257575677471e-05 -0.00063763317164523391 -0.0013875201518824124 5.6091368418640263e-05 -0.0028764641266312073 -1.3585385415553166e-06
leaf_weight=13578 46 3632 989 51 184 47 13125 59 80 8636 2970 316 71684 84 811188
leaf_count=13578 46 3632 989 51 184 47 13125 59 80 8636 2970 316 71684 84 811188
internal_value=-5.01019e-13 6.98233e-05 -0.00053271 -0.00446729 -0.000207343 0.000115202 0.000204862 -0.000204766 -1.39357e-06 -0.00018903 -0.000763343 6.64147e-06 1.11835e-06 5.2659e-05 -3.36652e-06
internal_weight=926669 18133 1270 97 1173 16863 13172 3691 908536 12002 3050 8952 896534 71768 824766
internal_count=926669 18133 1270 97 1173 16863 13172 3691 908536 12002 3050 8952 896534 71768 824766
is_linear=0
shrinkage=0.0145901


Tree=287
num_leaves=14
num_cat=0
split_feature=4 20 16 15 4 11 29 12 3 4 7 23 7
split_gain=0.418824 1.28008 1.07235 0.600064 0.598662 0.869675 0.532729 0.74702 0.47299 1.06259 0.803568 0.132777 0.0953653
threshold=5.8721139430999765 0.9031360149383546 11.030806064605715 10.35288715362549 5.8036265373229989 4.0501236915588388 0.098595771938562407 2.7054359912872319 82.333332061767592 3.8393944501876835 22.341666221618656 0.33704750239849096 5.3397436141967782
decision_type=2 2 2 2 2 2 2 2 2 2 2 2 2
left_child=4 6 3 -3 8 -6 7 -2 10 -10 -1 -7 -8
right_child=1 2 -4 -5 5 11 12 -9 9 -11 -12 -13 -14
leaf_value=-2.5340269235928168e-07 0.0010534457125426476 -0.00055315298854635416 0.0031989262939905645 0.0014124302204526012 -0.002590568715931967 0.00038902679935163344 -0.00042091459932680324 -0.00031093114442256171 0.00017146709336331409 0.0025853124400110864 -0.0017176418734051093 -0.00064655835952334034 -4.1185474690409172e-05
leaf_weight=925094 210 51 50 94 46 47 271 144 203 48 58 60 293
leaf_count=925094 210 51 50 94 46 47 271 144 203 48 58 60 293
internal_value=1.23295e-12 0.000282856 0.00135643 0.000721087 -3.40138e-07 -0.000912911 5.48086e-05 0.000498445 -1.8926e-07 0.000633079 -3.6107e-07 -0.000191675 -0.000223644
internal_weight=926669 1113 195 145 925556 153 918 354 925403 251 925152 107 564
internal_count=926669 1113 195 145 925556 153 918 354 925403 251 925152 107 564
is_linear=0
shrinkage=0.0145901


Tree=288
num_leaves=15
num_cat=0
split_feature=23 1 21 22 9 12 8 7 7 22 11 13 13 7
split_gain=0.416097 2.09656 1.74152 1.30919 2.99182 12.3134 5.15406 1.23867 2.11591 1.12309 1.05249 2.42971 1.55651 0.976837
threshold=0.68148648738861095 1.0000000180025095e-35 12.146591663360597 0.9924679994583131 2.0794003009796147 2.3394500017166142 3.6247329711914067 7.2554349899292001 5.8516485691070566 0.98986950516700756 5.9853553771972665 5.2135236263275155 5.2135236263275155 8.6781611442565936
decision_type=2 2 2 2 2 2 2 2 2 2 2 2 2 2
left_child=3 2 9 10 5 -5 -6 8 -3 -2 12 -12 -1 -9
right_child=1 7 -4 4 6 -7 -8 13 -10 -11 11 -13 -14 -15
leaf_value=4.9126423191502165e-07 -5.95922493823994e-06 -7.4909700676382607e-05 0.0030606541367988755 0.00024324910367630082 -0.0033326405777391417 -0.0049004564520370884 0.00045274418794439338 0.0010548089179109326 -0.00092709881018971816 0.001342845267994297 4.1357041634976551e-05 -0.0014312066518055607 0.00093569471767771114 2.3399414216396423e-05
leaf_weight=894714 338 23534 64 568 78 120 4169 357 637 215 703 361 379 432
leaf_count=894714 338 23534 64 568 78 120 4169 357 637 215 703 361 379 432
internal_value=8.91638e-13 -5.803e-05 0.000782138 1.64715e-06 0.000238633 -0.000653909 0.000383222 -7.87985e-05 -9.73682e-05 0.00051844 3.42103e-07 -0.000458263 8.87248e-07 0.000490083
internal_weight=926669 25577 617 901092 4935 688 4247 24960 24171 553 896157 1064 895093 789
internal_count=926669 25577 617 901092 4935 688 4247 24960 24171 553 896157 1064 895093 789
is_linear=0
shrinkage=0.0145901


Tree=289
num_leaves=14
num_cat=0
split_feature=20 23 9 1 12 12 23 5 25 13 13 1 3
split_gain=0.416283 1.23708 8.49355 5.43355 1.15625 2.12395 1.31703 0.705074 1.88929 1.23771 1.81991 0.917568 0.727104
threshold=0.53093749284744274 0.044763000681996352 2.4383614063262944 182.50000000000003 1.2172845005989077 0.87409400939941417 0.11432600021362306 1.2172845005989077 1.0000000180025095e-35 3.8735961914062504 3.9007277488708501 1.5000000000000002 41.021738052368171
decision_type=2 2 2 2 2 2 2 2 2 2 2 2 2
left_child=7 2 3 -2 5 -3 -6 9 11 12 -11 -9 -1
right_child=1 4 -4 -5 6 -7 -8 8 -10 10 -12 -13 -14
leaf_value=-3.3187906355612583e-06 0.00093794518508859487 9.213912727636287e-06 -0.0028313682744652451 0.007579155251736084 -0.00041439130796707546 -0.00012238246705577403 5.0149553823407047e-05 0.00059980674364001148 0.00267684112811452 0.0024011282754983943 0.00028489151801439305 -5.753299901679582e-05 0.00083563932195606727
leaf_weight=497869 61 192675 67 46 1312 30200 132772 455 54 92 1448 69398 220
leaf_count=497869 61 192675 67 46 1312 30200 132772 455 54 92 1448 69398 220
internal_value=2.54907e-13 1.23491e-05 0.00124227 0.00379304 1.17496e-05 -8.61766e-06 4.56041e-05 -7.74362e-06 -5.11424e-05 -1.67135e-06 0.000411316 -5.32513e-05 -2.94823e-06
internal_weight=926669 357133 174 107 356959 222875 134084 569536 69907 499629 1540 69853 498089
internal_count=926669 357133 174 107 356959 222875 134084 569536 69907 499629 1540 69853 498089
is_linear=0
shrinkage=0.0145901


Tree=290
num_leaves=13
num_cat=0
split_feature=9 19 15 28 1 5 16 20 22 7 14 1
split_gain=0.414096 1.72083 9.24222 5.35623 2.08754 1.74238 0.898214 1.47105 1.23937 0.640946 0.693869 0.586371
threshold=3.5409667491912846 1.0000000180025095e-35 8.5663428306579608 0.05616573058068753 2.5000000000000004 1.0000000180025095e-35 12.450990200042726 0.020964499562978748 0.99620151519775402 26.500000000000004 9.3666663169860858 4.5000000000000009
decision_type=2 2 2 2 2 2 2 2 2 2 2 2
left_child=6 2 -2 -4 5 -3 9 -8 -9 10 -1 -6
right_child=1 4 3 -5 11 -7 7 8 -10 -11 -12 -13
leaf_value=6.1113053299220716e-07 -0.0051633373346559328 -0.0019673762192969663 -0.00031154306718507289 0.0041209519983637487 0.00045279397860706328 -0.00034797147429542887 0.0025811035075432548 0.00016610248021683884 0.0020742294450678983 -0.0015196738471928795 0.00035721575672174562 5.9340154222121814e-06
leaf_weight=899381 83 192 3542 59 646 537 60 1556 76 59 1163 19315
leaf_count=899381 83 192 3542 59 646 537 60 1556 76 59 1163 19315
internal_value=6.39805e-13 -5.93412e-05 -0.000349866 -0.00023892 -7.61124e-06 -0.000774481 1.60301e-06 0.000337449 0.000254961 9.72038e-07 1.07166e-06 2.03958e-05
internal_weight=926669 24374 3684 3601 20690 729 902295 1692 1632 900603 900544 19961
internal_count=926669 24374 3684 3601 20690 729 902295 1692 1632 900603 900544 19961
is_linear=0
shrinkage=0.0145901


Tree=291
num_leaves=13
num_cat=0
split_feature=28 15 15 1 20 19 29 13 15 8 7 5
split_gain=0.415293 1.01369 1.78478 0.782245 1.26745 1.1746 0.531691 2.63077 4.63606 2.1355 0.747364 0.748924
threshold=0.18250188976526263 12.854897499084474 13.319186687469484 58.500000000000007 0.68268150091171276 3.5000000000000004 -0.0375798363238573 5.2135236263275155 10.011192798614504 6.107393980026246 26.500000000000004 1.7520315051078799
decision_type=2 2 2 2 2 2 2 2 2 2 2 2
left_child=6 3 -3 4 -2 -5 7 9 -9 -1 11 -8
right_child=1 2 -4 5 -6 -7 10 8 -10 -11 -12 -13
leaf_value=3.5482125018959395e-05 6.4656949875780475e-05 -0.0036943269166943155 -6.8140525657972115e-05 0.00072504322938541938 -0.0014143757055321048 -0.0001358953706965406 -1.2141888117502393e-07 0.0054932433115562861 0.00044165124709689567 -0.0013176868205319605 0.0016391294587199041 -6.8558900268756045e-05
leaf_weight=83718 256 47 75 390 238 2498 803384 51 160 249 59 35544
leaf_count=83718 256 47 75 390 238 2498 803384 51 160 249 59 35544
internal_value=3.3791e-13 -0.000158537 -0.00146511 -0.000111404 -0.000647913 -1.96329e-05 6.01749e-07 3.55581e-05 0.00166265 3.14694e-05 -2.90552e-06 -3.021e-06
internal_weight=926669 3504 122 3382 494 2888 923165 84178 211 83967 838987 838928
internal_count=926669 3504 122 3382 494 2888 923165 84178 211 83967 838987 838928
is_linear=0
shrinkage=0.0145901


Tree=292
num_leaves=13
num_cat=0
split_feature=0 8 27 2 2 4 4 22 15 1 10 1
split_gain=0.413402 0.906486 1.25035 7.00533 0.945397 0.735274 0.93526 5.17684 0.733421 4.82757 0.709344 0.688264
threshold=1.0000000180025095e-35 1.5102124810218813 1.0000000180025095e-35 1.4978661537170412 1.4978661537170412 3.65057384967804 2.4414010047912602 0.92900449037551891 1.0000000180025095e-35 3.5000000000000004 1.0000000180025095e-35 23.500000000000004
decision_type=2 2 2 2 2 2 2 2 2 2 2 2
left_child=5 2 3 -2 -4 6 10 -8 9 -3 -1 -10
right_child=1 8 4 -5 -6 -7 7 -9 11 -11 -12 -13
leaf_value=-8.4158936702599234e-06 0.00094660376247540808 -0.0036144684742962772 2.3927047816298768e-05 -0.0043464707997644628 0.0001545313637444568 -0.0018398731624136037 -7.6545938279082718e-06 0.0034393373167075059 3.8356040720989376e-05 -0.00012846034087354266 -8.7572115879936161e-05 -7.8568013635839833e-06
leaf_weight=243519 804 88 107806 57 13248 47 622 109 80926 2166 26746 450531
leaf_count=243519 804 88 107806 57 13248 47 622 109 80926 2166 26746 450531
internal_value=2.31914e-13 6.26574e-06 4.21608e-05 0.000596191 3.82202e-05 -1.51562e-05 -1.48397e-05 0.000506329 -1.93372e-06 -0.00026456 -1.62494e-05 -8.19881e-07
internal_weight=926669 655626 121915 861 121054 271043 270996 731 533711 2254 270265 531457
internal_count=926669 655626 121915 861 121054 271043 270996 731 533711 2254 270265 531457
is_linear=0
shrinkage=0.0145901


Tree=293
num_leaves=15
num_cat=0
split_feature=23 1 21 22 21 7 5 18 14 22 1 22 5 13
split_gain=0.413036 2.03251 1.69103 1.26959 2.31565 2.74922 2.29914 1.2031 1.4028 1.08959 0.973442 9.02432 0.793941 0.782344
threshold=0.68148648738861095 1.0000000180025095e-35 12.146591663360597 0.77267900109291088 11.829959869384767 19.656863212585453 1.161109507083893 5.8874909877777108 3.5741759538650517 0.98986950516700756 5.5000000000000009 1.0000000180025095e-35 2.0845724344253544 5.2135236263275155
decision_type=2 2 2 2 2 2 2 2 2 2 2 2 2 2
left_child=3 2 9 10 5 -5 -6 8 -3 -2 11 -1 -9 -12
right_child=1 7 -4 4 6 -7 -8 12 -10 -11 13 -13 -14 -15
leaf_value=1.9408326599162704e-05 -6.9483787588765839e-06 -5.3714364260777806e-05 0.0030146630270558713 8.4111271824561552e-05 -0.00038563695395919399 -0.0034838782620436313 0.00024111238862853341 0.00080832390372229156 -0.00038250215107378879 0.0013215892465941062 -1.2317088161553979e-06 -0.0010958375386994586 -0.00012829790032287832 -0.00054969829759981691
leaf_weight=11849 338 20946 64 71025 4493 46 1724 529 3182 215 809625 1776 303 554
leaf_count=11849 338 20946 64 71025 4493 46 1724 529 3182 215 809625 1776 303 554
internal_value=2.54811e-14 -5.78161e-05 0.000769419 1.64108e-06 5.81818e-05 8.18019e-05 -0.000211837 -7.8265e-05 -9.70749e-05 0.000509572 -3.66348e-06 -0.000125962 0.000467222 -1.60675e-06
internal_weight=926669 25577 617 901092 77288 71071 6217 24960 24128 553 823804 13625 832 810179
internal_count=926669 25577 617 901092 77288 71071 6217 24960 24128 553 823804 13625 832 810179
is_linear=0
shrinkage=0.0145901


Tree=294
num_leaves=14
num_cat=0
split_feature=4 20 15 4 11 3 29 12 3 4 3 23 3
split_gain=0.409282 1.23572 1.04677 0.581378 0.843635 0.561837 0.515495 0.724765 0.463674 1.03408 0.800464 0.128867 0.0942281
threshold=5.8721139430999765 0.9031360149383546 11.327288627624513 5.8036265373229989 4.0501236915588388 30.774999618530277 0.098595771938562407 2.7054359912872319 82.333332061767592 3.8393944501876835 43.071428298950202 0.33704750239849096 44.645833969116218
decision_type=2 2 2 2 2 2 2 2 2 2 2 2 2
left_child=3 6 5 8 -5 -3 7 -2 10 -10 -1 -6 -8
right_child=1 2 -4 4 11 -7 12 -9 9 -11 -12 -13 -14
leaf_value=3.3387945500808557e-07 0.0010386264326273968 0.0013885806645965307 0.0029000781084688536 -0.0025519870207507287 0.00038280747551563195 -0.00054240048552244805 -0.00027909224553695334 -0.00030527348618449273 0.00017143640809601067 0.0025526762727098784 -0.00026668881325276055 -0.00063741789046801219 0.00036721487602107196
leaf_weight=922756 210 79 62 46 47 54 511 144 203 48 2396 60 53
leaf_count=922756 210 79 62 46 47 54 511 144 203 48 2396 60 53
internal_value=-9.76153e-14 0.000279615 0.00133443 -3.36243e-07 -0.000899637 0.000604573 5.55538e-05 0.000491955 -1.87558e-07 0.000626813 -3.57668e-07 -0.000189282 -0.000218358
internal_weight=926669 1113 195 925556 153 133 918 354 925403 251 925152 107 564
internal_count=926669 1113 195 925556 153 133 918 354 925403 251 925152 107 564
is_linear=0
shrinkage=0.0145901


Tree=295
num_leaves=12
num_cat=0
split_feature=18 22 22 1 2 23 7 18 15 15 1
split_gain=0.406121 1.31384 3.74506 1.29121 1.84268 3.91497 1.32036 0.9944 0.846488 1.07672 1.03101
threshold=5.1269311904907235 0.99873849749565136 0.99823999404907238 8.5000000000000018 5.2122108936309823 0.36492000520229345 1.8918129801750185 4.8242976665496835 9.6024703979492205 9.8474946022033709 3.5000000000000004
decision_type=2 2 2 2 2 2 2 2 2 2 2
left_child=1 2 7 8 5 -5 -6 -1 10 -10 -2
right_child=3 -3 -4 4 6 -7 -8 -9 9 -11 -12
leaf_value=2.9693880105964033e-07 5.028666814302442e-05 0.0022957918366705524 -0.0038085141745048097 0.004301202219701419 -0.0007773600871323397 0.00040625498034581895 1.1513618957297506e-05 -0.00015665190454805509 -0.0010363461529407953 0.0003940394739327696 0.0028561913281675887
leaf_weight=901511 50 53 55 62 468 482 12919 8676 118 2212 63
leaf_count=901511 50 53 55 62 468 482 12919 8676 118 2212 63
internal_value=6.23116e-13 -1.29541e-06 -1.42917e-06 7.20172e-05 1.77611e-05 0.000850164 -1.60648e-05 -1.19911e-06 0.000381408 0.000321599 0.00161464
internal_weight=926669 910295 910242 16374 13931 544 13387 910187 2443 2330 113
internal_count=926669 910295 910242 16374 13931 544 13387 910187 2443 2330 113
is_linear=0
shrinkage=0.0145901


Tree=296
num_leaves=13
num_cat=0
split_feature=9 19 15 28 1 28 16 20 7 7 14 14
split_gain=0.404217 1.67762 8.97383 5.20201 2.03963 1.73249 0.873643 1.42871 1.21938 0.631393 0.676198 0.577394
threshold=3.5409667491912846 1.0000000180025095e-35 8.5663428306579608 0.05616573058068753 2.5000000000000004 0.014306285884231331 12.450990200042726 0.020964499562978748 4.1224999427795419 26.500000000000004 9.3666663169860858 5.9309520721435556
decision_type=2 2 2 2 2 2 2 2 2 2 2 2
left_child=6 2 -2 -4 5 -3 9 -8 -9 10 -1 -6
right_child=1 4 3 -5 11 -7 7 8 -10 -11 -12 -13
leaf_value=6.0573969816728042e-07 -0.005088548687712002 -0.00058098705838670469 -0.00030773029185849504 0.0040604891372868707 2.6843555591753485e-05 -0.0035062664590095917 0.002543933776897888 1.636692391952387e-05 0.00092790485025789286 -0.0015083093741915126 0.00035264014418091448 -0.00089720077415675196
leaf_weight=899381 83 683 3542 59 19816 46 60 1211 421 59 1163 145
leaf_count=899381 83 683 3542 59 19816 46 60 1211 421 59 1163 145
internal_value=-7.39056e-13 -5.86291e-05 -0.000345484 -0.00023616 -7.55266e-06 -0.000765573 1.58377e-06 0.000332804 0.000251512 9.6149e-07 1.06037e-06 2.01311e-05
internal_weight=926669 24374 3684 3601 20690 729 902295 1692 1632 900603 900544 19961
internal_count=926669 24374 3684 3601 20690 729 902295 1692 1632 900603 900544 19961
is_linear=0
shrinkage=0.0145901


Tree=297
num_leaves=13
num_cat=0
split_feature=28 15 1 1 19 19 29 13 15 7 7 1
split_gain=0.405418 0.98254 1.76081 0.762853 1.25289 1.13495 0.519124 2.5592 4.50468 2.0723 0.742337 0.731224
threshold=0.18250188976526263 12.854897499084474 248.50000000000003 58.500000000000007 1.0000000180025095e-35 2.5000000000000004 -0.0375798363238573 5.2135236263275155 10.011192798614504 14.645833492279055 26.500000000000004 3.5000000000000004
decision_type=2 2 2 2 2 2 2 2 2 2 2 2
left_child=6 3 -3 4 -2 -5 7 9 -9 -1 11 -8
right_child=1 2 -4 5 -6 -7 10 8 -10 -11 -12 -13
leaf_value=3.3040816050262516e-05 -0.0023369307753377351 -0.0036571776791523053 -5.5424670028614361e-05 0.00081597929812921824 -0.00032189117639241298 -0.00011972641915354652 0.00011063202457403601 0.0054158668692654175 0.00043636902461780918 -0.0026794212808926659 0.0016336316999032183 -4.6191399992257007e-06
leaf_weight=83907 78 47 75 309 416 2579 11887 51 160 60 59 827041
leaf_count=83907 78 47 75 309 416 2579 11887 51 160 60 59 827041
internal_value=-7.02354e-13 -0.000156641 -0.00144299 -0.000110238 -0.000640055 -1.96111e-05 5.9455e-07 3.51353e-05 0.00163994 3.11026e-05 -2.87102e-06 -2.98611e-06
internal_weight=926669 3504 122 3382 494 2888 923165 84178 211 83967 838987 838928
internal_count=926669 3504 122 3382 494 2888 923165 84178 211 83967 838987 838928
is_linear=0
shrinkage=0.0145901


Tree=298
num_leaves=16
num_cat=0
split_feature=21 11 9 29 23 13 9 13 21 21 18 3 4 23 3
split_gain=0.404251 0.96636 4.2679 13.459 1.26448 1.115 5.18325 1.48402 0.920074 2.12426 3.32742 1.21389 1.2032 1.62335 1.00758
threshold=12.016354084014894 3.9676303863525395 1.9648454785346987 -0.024647688493132588 0.58847349882125866 3.5096130371093754 2.8332911729812627 2.3931796550750737 10.043381214141847 10.384477615356447 2.4414010047912602 41.021738052368171 4.2972624301910409 0.77267900109291088 18.023809432983402
decision_type=2 2 2 2 2 2 2 2 2 2 2 2 2 2 2
left_child=8 5 3 -3 -4 7 -7 -2 12 10 -10 -11 14 -14 -1
right_child=1 2 4 -5 -6 6 -8 -9 9 11 -12 -13 13 -15 -16
leaf_value=-1.1634115205573665e-06 -4.3732431873006155e-05 -0.0090885405337031468 -2.53094262799692e-05 -0.00053882745875256184 -0.00056231930473199369 0.00036692064996033075 -0.0046629278443559002 0.00019596975526556406 -2.818056395387966e-05 1.7214048037905252e-05 0.00032623750427083272 -0.00037506535806410755 -0.00020823871192816436 -0.0024321557905899222 -0.00014887454564036542
leaf_weight=696919 40610 47 4974 236 1149 153 61 6359 10369 137300 12361 1700 4389 71 9971
leaf_count=696919 40610 47 4974 236 1149 153 61 6359 10369 137300 12361 1700 4389 71 9971
internal_value=-2.46094e-14 -3.88964e-05 -0.000207043 -0.00195874 -0.000126081 -1.60673e-05 -0.00106682 -1.12798e-05 2.38743e-06 3.37989e-05 0.000164559 1.24164e-05 -4.75416e-06 -0.000243642 -3.24694e-06
internal_weight=926669 53589 6406 283 6123 47183 214 46969 873080 161730 22730 139000 711350 4460 706890
internal_count=926669 53589 6406 283 6123 47183 214 46969 873080 161730 22730 139000 711350 4460 706890
is_linear=0
shrinkage=0.0145901


Tree=299
num_leaves=15
num_cat=0
split_feature=23 1 21 22 9 12 8 7 7 22 11 13 13 28
split_gain=0.401728 1.97069 1.64317 1.24521 2.89914 11.9447 5.00175 1.20581 2.0517 1.05801 1.01229 2.37688 1.51098 0.979348
threshold=0.68148648738861095 1.0000000180025095e-35 12.146591663360597 0.9924679994583131 2.0794003009796147 2.3394500017166142 3.6247329711914067 7.2554349899292001 5.8516485691070566 0.98986950516700756 5.9853553771972665 5.2135236263275155 5.2135236263275155 0.019235787913203243
decision_type=2 2 2 2 2 2 2 2 2 2 2 2 2 2
left_child=3 2 9 10 5 -5 -6 8 -3 -2 12 -12 -1 -9
right_child=1 7 -4 4 6 -7 -8 13 -10 -11 11 -13 -14 -15
leaf_value=4.9018399581268158e-07 -7.5877351632203446e-06 -7.3361248440814624e-05 0.0029707805910391552 0.00023775678317947149 -0.0032854748437041994 -0.0048283532064758439 0.00044355963532845727 0.00062892278216215055 -0.00091252022457785349 0.0013015590150271122 4.4743992867298009e-05 -0.0014117238483250434 0.00092191357450177635 -0.0013407397783187153
leaf_weight=894714 338 23534 64 568 78 120 4169 731 637 215 703 361 379 58
leaf_count=894714 338 23534 64 568 78 120 4169 731 637 215 703 361 379 58
internal_value=1.40696e-13 -5.70192e-05 0.000757537 1.61846e-06 0.000232741 -0.000645867 0.000375073 -7.71546e-05 -9.54764e-05 0.000501393 3.45701e-07 -0.000449415 8.80333e-07 0.000484131
internal_weight=926669 25577 617 901092 4935 688 4247 24960 24171 553 896157 1064 895093 789
internal_count=926669 25577 617 901092 4935 688 4247 24960 24171 553 896157 1064 895093 789
is_linear=0
shrinkage=0.0145901


end of trees

feature_importances:
Column_1=392
Column_22=361
Column_7=281
Column_9=215
Column_23=196
Column_29=187
Column_11=183
Column_13=175
Column_21=164
Column_20=161
Column_15=154
Column_28=145
Column_4=138
Column_14=125
Column_18=121
Column_5=118
Column_3=102
Column_19=102
Column_16=94
Column_27=94
Column_8=86
Column_2=82
Column_10=61
Column_12=61
Column_17=28
Column_0=26
Column_24=21
Column_25=8
Column_26=4
Column_6=3

parameters:
[boosting: gbdt]
[objective: regression]
[metric: l2]
[tree_learner: serial]
[device_type: cpu]
[data_sample_strategy: bagging]
[data: ]
[valid: ]
[num_iterations: 300]
[learning_rate: 0.0145901]
[num_leaves: 31]
[num_threads: 10]
[seed: 42]
[deterministic: 0]
[force_col_wise: 0]
[force_row_wise: 0]
[histogram_pool_size: -1]
[max_depth: 4]
[min_data_in_leaf: 46]
[min_sum_hessian_in_leaf: 0.001]
[bagging_fraction: 1]
[pos_bagging_fraction: 1]
[neg_bagging_fraction: 1]
[bagging_freq: 0]
[bagging_seed: 400]
[bagging_by_query: 0]
[feature_fraction: 1]
[feature_fraction_bynode: 1]
[feature_fraction_seed: 30056]
[extra_trees: 0]
[extra_seed: 12879]
[early_stopping_round: 0]
[early_stopping_min_delta: 0]
[first_metric_only: 0]
[max_delta_step: 0]
[lambda_l1: 0]
[lambda_l2: 0]
[linear_lambda: 0]
[min_gain_to_split: 0]
[drop_rate: 0.1]
[max_drop: 50]
[skip_drop: 0.5]
[xgboost_dart_mode: 0]
[uniform_drop: 0]
[drop_seed: 17869]
[top_rate: 0.2]
[other_rate: 0.1]
[min_data_per_group: 100]
[max_cat_threshold: 32]
[cat_l2: 10]
[cat_smooth: 10]
[max_cat_to_onehot: 4]
[top_k: 20]
[monotone_constraints: ]
[monotone_constraints_method: basic]
[monotone_penalty: 0]
[feature_contri: ]
[forcedsplits_filename: ]
[refit_decay_rate: 0.9]
[cegb_tradeoff: 1]
[cegb_penalty_split: 0]
[cegb_penalty_feature_lazy: ]
[cegb_penalty_feature_coupled: ]
[path_smooth: 0]
[interaction_constraints: ]
[verbosity: -1]
[saved_feature_importance_type: 0]
[use_quantized_grad: 0]
[num_grad_quant_bins: 4]
[quant_train_renew_leaf: 0]
[stochastic_rounding: 1]
[linear_tree: 0]
[max_bin: 255]
[max_bin_by_feature: ]
[min_data_in_bin: 3]
[bin_construct_sample_cnt: 200000]
[data_random_seed: 175]
[is_enable_sparse: 1]
[enable_bundle: 1]
[use_missing: 1]
[zero_as_missing: 0]
[feature_pre_filter: 1]
[pre_partition: 0]
[two_round: 0]
[header: 0]
[label_column: ]
[weight_column: ]
[group_column: ]
[ignore_column: ]
[categorical_feature: ]
[forcedbins_filename: ]
[precise_float_parser: 0]
[parser_config_file: ]
[objective_seed: 16083]
[num_class: 1]
[is_unbalance: 0]
[scale_pos_weight: 1]
[sigmoid: 1]
[boost_from_average: 1]
[reg_sqrt: 0]
[alpha: 0.9]
[fair_c: 1]
[poisson_max_delta_step: 0.7]
[tweedie_variance_power: 1.5]
[lambdarank_truncation_level: 30]
[lambdarank_norm: 1]
[label_gain: ]
[lambdarank_position_bias_regularization: 0]
[eval_at: ]
[multi_error_top_k: 1]
[auc_mu_weights: ]
[num_machines: 1]
[local_listen_port: 12400]
[time_out: 120]
[machine_list_filename: ]
[machines: ]
[gpu_platform_id: -1]
[gpu_device_id: -1]
[gpu_device_id_list: ]
[gpu_use_dp: 0]
[num_gpu: 1]

end of parameters

pandas_categorical:null
